
-- 
-- SQL executed by the build process when the $PGDATA directory is empty.
--
CREATE TABLE IF NOT EXISTS hello (
  id SERIAL PRIMARY KEY, 
  message TEXT
);

 

-- Users table
CREATE TABLE IF NOT EXISTS users (
    id SERIAL PRIMARY KEY,
    name TEXT NOT NULL,
    email TEXT NOT NULL UNIQUE
);

-- Products table
CREATE TABLE IF NOT EXISTS products (
    id SERIAL PRIMARY KEY,
    name TEXT NOT NULL,
    price NUMERIC(10, 2) NOT NULL
);

-- Coupons table
CREATE TABLE IF NOT EXISTS coupons (
    id SERIAL PRIMARY KEY,
    code TEXT NOT NULL UNIQUE,
    discount_percent NUMERIC(5,2) NOT NULL
);

-- Orders table
CREATE TABLE IF NOT EXISTS orders (
    id SERIAL PRIMARY KEY,
    user_id INT NOT NULL REFERENCES users(id),
    created_at TIMESTAMP NOT NULL DEFAULT NOW(),
    coupon_id INT REFERENCES coupons(id)
);

-- Order items table
CREATE TABLE IF NOT EXISTS order_items (
    id SERIAL PRIMARY KEY,
    order_id INT NOT NULL REFERENCES orders(id),
    product_id INT NOT NULL REFERENCES products(id),
    quantity INT NOT NULL
);

-- Wishlists table
CREATE TABLE IF NOT EXISTS wishlists (
    id SERIAL PRIMARY KEY,
    user_id INT NOT NULL REFERENCES users(id),
    name TEXT NOT NULL
);

-- Wishlist items table
CREATE TABLE IF NOT EXISTS wishlist_items (
    id SERIAL PRIMARY KEY,
    wishlist_id INT NOT NULL REFERENCES wishlists(id),
    product_id INT NOT NULL REFERENCES products(id)
);

CREATE TABLE applied_coupons (
    order_id INT REFERENCES orders(id) ON DELETE CASCADE,
    coupon_id INT REFERENCES coupons(id) ON DELETE CASCADE,
    PRIMARY KEY (order_id, coupon_id)
);

INSERT INTO users (id, name, email) VALUES (1, 'Brandon Russell', 'grayanna@christian-moore.com');
INSERT INTO users (id, name, email) VALUES (2, 'Mia Martin', 'johnsnicholas@gmail.com');
INSERT INTO users (id, name, email) VALUES (3, 'Jerome Whitehead', 'davidknox@pruitt-berry.com');
INSERT INTO users (id, name, email) VALUES (4, 'Andrew Torres', 'lorifowler@hotmail.com');
INSERT INTO users (id, name, email) VALUES (5, 'Emily Sanders', 'ameyer@yahoo.com');
INSERT INTO users (id, name, email) VALUES (6, 'Sarah Brewer', 'kbarrett@rogers-myers.com');
INSERT INTO users (id, name, email) VALUES (7, 'Jasmine Osborne', 'brendadecker@smith-bell.com');
INSERT INTO users (id, name, email) VALUES (8, 'Jonathan Holloway', 'victoria38@hooper-hernandez.net');
INSERT INTO users (id, name, email) VALUES (9, 'Paul Williams', 'qlee@cohen-blevins.biz');
INSERT INTO users (id, name, email) VALUES (10, 'Luke Dixon', 'hamiltonalan@bennett.com');
INSERT INTO users (id, name, email) VALUES (11, 'Mrs. Kaitlyn Potter', 'obailey@hotmail.com');
INSERT INTO users (id, name, email) VALUES (12, 'Stacey Barnes', 'elizabeth10@hughes.com');
INSERT INTO users (id, name, email) VALUES (13, 'Jean Martinez', 'sotoleah@yahoo.com');
INSERT INTO users (id, name, email) VALUES (14, 'Patrick Gibson', 'shannon74@moody-johnson.net');
INSERT INTO users (id, name, email) VALUES (15, 'Jose Hawkins', 'gardnermiguel@hotmail.com');
INSERT INTO users (id, name, email) VALUES (16, 'Dillon Hunter', 'joseph08@blanchard.com');
INSERT INTO users (id, name, email) VALUES (17, 'Stephanie Smith', 'christopherstewart@yahoo.com');
INSERT INTO users (id, name, email) VALUES (18, 'Brandi Zamora', 'zvasquez@scott.info');
INSERT INTO users (id, name, email) VALUES (19, 'Thomas Pittman', 'villanuevakrystal@waller.com');
INSERT INTO users (id, name, email) VALUES (20, 'Joe Rosario', 'michael75@gmail.com');
INSERT INTO users (id, name, email) VALUES (21, 'Catherine Rowland', 'qbennett@gates.com');
INSERT INTO users (id, name, email) VALUES (22, 'Edward Odonnell', 'raymondbrett@yahoo.com');
INSERT INTO users (id, name, email) VALUES (23, 'John Cannon', 'deborahadams@yahoo.com');
INSERT INTO users (id, name, email) VALUES (24, 'Hailey Rush', 'matthew02@gmail.com');
INSERT INTO users (id, name, email) VALUES (25, 'Matthew Gross', 'ruizamber@yahoo.com');
INSERT INTO users (id, name, email) VALUES (26, 'Stephanie Walker', 'mgordon@thornton-santana.com');
INSERT INTO users (id, name, email) VALUES (27, 'James Watts', 'justin65@williams-smith.com');
INSERT INTO users (id, name, email) VALUES (28, 'Derrick Martin', 'vincent73@rose-garcia.org');
INSERT INTO users (id, name, email) VALUES (29, 'Diana Lee', 'yrussell@rodriguez-hudson.biz');
INSERT INTO users (id, name, email) VALUES (30, 'Brittany Taylor', 'teresasanchez@jones.com');
INSERT INTO users (id, name, email) VALUES (31, 'Frank Johnson', 'lhale@rodriguez-lambert.com');
INSERT INTO users (id, name, email) VALUES (32, 'Alexander Ward', 'owalker@bates.biz');
INSERT INTO users (id, name, email) VALUES (33, 'Tanner Oneill', 'thomasle@gmail.com');
INSERT INTO users (id, name, email) VALUES (34, 'Joe Atkins', 'smeyer@lewis-zuniga.com');
INSERT INTO users (id, name, email) VALUES (35, 'Stacey Davis', 'deleonjamie@yahoo.com');
INSERT INTO users (id, name, email) VALUES (36, 'Cameron Alvarez', 'kristinamiller@garcia.info');
INSERT INTO users (id, name, email) VALUES (37, 'Curtis Sullivan', 'dannydominguez@barnett.info');
INSERT INTO users (id, name, email) VALUES (38, 'Sally Montoya', 'jpeterson@leonard.com');
INSERT INTO users (id, name, email) VALUES (39, 'Haley Perez', 'piercedaniel@roberts.net');
INSERT INTO users (id, name, email) VALUES (40, 'Rachel Jacobs', 'jbray@yahoo.com');
INSERT INTO users (id, name, email) VALUES (41, 'Carlos Butler', 'michael05@blake.com');
INSERT INTO users (id, name, email) VALUES (42, 'Jill Garcia', 'ereid@harris.biz');
INSERT INTO users (id, name, email) VALUES (43, 'Diane Zamora', 'ujohnson@duran.com');
INSERT INTO users (id, name, email) VALUES (44, 'Holly Garcia', 'david15@melendez.com');
INSERT INTO users (id, name, email) VALUES (45, 'Brandon Green', 'hestermark@delacruz.com');
INSERT INTO users (id, name, email) VALUES (46, 'Ryan Harvey', 'wroth@hotmail.com');
INSERT INTO users (id, name, email) VALUES (47, 'Tanner Hughes', 'johnsmith@yahoo.com');
INSERT INTO users (id, name, email) VALUES (48, 'Ryan Thompson', 'yjackson@yahoo.com');
INSERT INTO users (id, name, email) VALUES (49, 'Alexander Moody', 'ashley83@yahoo.com');
INSERT INTO users (id, name, email) VALUES (50, 'Joshua Stanley', 'kylebeard@simmons.com');
INSERT INTO users (id, name, email) VALUES (51, 'Sean Owen', 'elizabethpierce@cole.biz');
INSERT INTO users (id, name, email) VALUES (52, 'Ruth Hamilton', 'duffymichelle@gmail.com');
INSERT INTO users (id, name, email) VALUES (53, 'Todd Frost', 'emmamoore@fox.biz');
INSERT INTO users (id, name, email) VALUES (54, 'Sonya Gilbert', 'dawnsullivan@yahoo.com');
INSERT INTO users (id, name, email) VALUES (55, 'Ashley Williams', 'kimberlystanley@diaz-fisher.com');
INSERT INTO users (id, name, email) VALUES (56, 'Ryan Ferguson', 'zamoracassandra@stone.org');
INSERT INTO users (id, name, email) VALUES (57, 'Thomas Sanchez', 'watsonlindsey@yahoo.com');
INSERT INTO users (id, name, email) VALUES (58, 'Patrick Bass', 'garybrooks@hotmail.com');
INSERT INTO users (id, name, email) VALUES (59, 'Robert Webster', 'davilachristine@berry.net');
INSERT INTO users (id, name, email) VALUES (60, 'Ariana Zuniga', 'mrogers@richard.com');
INSERT INTO users (id, name, email) VALUES (61, 'John Young', 'miguelwilliams@aguirre.biz');
INSERT INTO users (id, name, email) VALUES (62, 'Cassidy Grant', 'kelseytucker@smith.net');
INSERT INTO users (id, name, email) VALUES (63, 'Courtney Simmons', 'oflores@yahoo.com');
INSERT INTO users (id, name, email) VALUES (64, 'Melissa Baird', 'csmith@hotmail.com');
INSERT INTO users (id, name, email) VALUES (65, 'Holly Osborne', 'elizabeth02@gmail.com');
INSERT INTO users (id, name, email) VALUES (66, 'Christina Byrd', 'afowler@yahoo.com');
INSERT INTO users (id, name, email) VALUES (67, 'Tanya Adams', 'emily53@gmail.com');
INSERT INTO users (id, name, email) VALUES (68, 'Carl Holmes', 'fross@gmail.com');
INSERT INTO users (id, name, email) VALUES (69, 'Catherine Perez', 'ewilson@yahoo.com');
INSERT INTO users (id, name, email) VALUES (70, 'Jaime Gonzalez', 'richardsonjames@henderson.info');
INSERT INTO users (id, name, email) VALUES (71, 'Jessica West', 'twilliams@long.com');
INSERT INTO users (id, name, email) VALUES (72, 'Gary Lopez', 'umyers@bryan.com');
INSERT INTO users (id, name, email) VALUES (73, 'Brittany Jacobs', 'amandaglenn@hotmail.com');
INSERT INTO users (id, name, email) VALUES (74, 'Christopher Rivera', 'melindalozano@gmail.com');
INSERT INTO users (id, name, email) VALUES (75, 'John Rivera', 'raguirre@yahoo.com');
INSERT INTO users (id, name, email) VALUES (76, 'Elaine Curtis', 'knoxcheryl@yahoo.com');
INSERT INTO users (id, name, email) VALUES (77, 'Justin Moreno', 'martinrobert@wallace.com');
INSERT INTO users (id, name, email) VALUES (78, 'Joseph Odonnell', 'aguilaramy@yahoo.com');
INSERT INTO users (id, name, email) VALUES (79, 'Mark Taylor', 'holly22@perry-martin.com');
INSERT INTO users (id, name, email) VALUES (80, 'Lisa Gonzalez', 'christensenkyle@carr.com');
INSERT INTO users (id, name, email) VALUES (81, 'Gary Wade', 'benjamin30@lewis-thompson.info');
INSERT INTO users (id, name, email) VALUES (82, 'Brandon Hawkins', 'destinyperry@young.com');
INSERT INTO users (id, name, email) VALUES (83, 'Carl Wood', 'gilbertlarry@yahoo.com');
INSERT INTO users (id, name, email) VALUES (84, 'Caitlin Hudson', 'kevinpowers@wagner-mayo.org');
INSERT INTO users (id, name, email) VALUES (85, 'Rebecca Moore', 'victorgarner@turner.com');
INSERT INTO users (id, name, email) VALUES (86, 'Dr. Timothy Sullivan MD', 'egillespie@king-phillips.com');
INSERT INTO users (id, name, email) VALUES (87, 'Lisa Holden', 'ortizkevin@jones-marshall.net');
INSERT INTO users (id, name, email) VALUES (88, 'Joshua Davis', 'thomasmatthew@yahoo.com');
INSERT INTO users (id, name, email) VALUES (89, 'Monique Jefferson', 'wcastillo@rosales-hall.com');
INSERT INTO users (id, name, email) VALUES (90, 'Michaela Adams', 'smithjennifer@bass-west.com');
INSERT INTO users (id, name, email) VALUES (91, 'Christopher Leonard', 'xcampos@kelley.biz');
INSERT INTO users (id, name, email) VALUES (92, 'Willie Diaz', 'amcdaniel@hotmail.com');
INSERT INTO users (id, name, email) VALUES (93, 'Victoria Perez', 'sydneycooper@carr.info');
INSERT INTO users (id, name, email) VALUES (94, 'William Brown', 'dean42@white-carrillo.com');
INSERT INTO users (id, name, email) VALUES (95, 'Calvin Newman', 'kbrown@yahoo.com');
INSERT INTO users (id, name, email) VALUES (96, 'Richard Guerrero', 'hallkayla@turner.biz');
INSERT INTO users (id, name, email) VALUES (97, 'Ralph Stephens', 'browneddie@yahoo.com');
INSERT INTO users (id, name, email) VALUES (98, 'Joseph Williams', 'staciewalker@hotmail.com');
INSERT INTO users (id, name, email) VALUES (99, 'Andrea Medina', 'mcarter@yahoo.com');
INSERT INTO users (id, name, email) VALUES (100, 'Renee Banks', 'austinbyrd@sims.com');
INSERT INTO products (id, name, price) VALUES (1, 'Traditional', 30.92);
INSERT INTO products (id, name, price) VALUES (2, 'Many', 48.16);
INSERT INTO products (id, name, price) VALUES (3, 'Few', 206.58);
INSERT INTO products (id, name, price) VALUES (4, 'Certain', 58.31);
INSERT INTO products (id, name, price) VALUES (5, 'Nothing', 451.09);
INSERT INTO products (id, name, price) VALUES (6, 'Tell', 23.89);
INSERT INTO products (id, name, price) VALUES (7, 'Include', 270.42);
INSERT INTO products (id, name, price) VALUES (8, 'Full', 169.44);
INSERT INTO products (id, name, price) VALUES (9, 'Card', 426.78);
INSERT INTO products (id, name, price) VALUES (10, 'End', 84.03);
INSERT INTO products (id, name, price) VALUES (11, 'Claim', 171.92);
INSERT INTO products (id, name, price) VALUES (12, 'Ball', 170.23);
INSERT INTO products (id, name, price) VALUES (13, 'Hotel', 126.36);
INSERT INTO products (id, name, price) VALUES (14, 'Protect', 5.83);
INSERT INTO products (id, name, price) VALUES (15, 'Early', 220.96);
INSERT INTO products (id, name, price) VALUES (16, 'His', 48.37);
INSERT INTO products (id, name, price) VALUES (17, 'Born', 300.81);
INSERT INTO products (id, name, price) VALUES (18, 'Practice', 39.59);
INSERT INTO products (id, name, price) VALUES (19, 'Left', 161.15);
INSERT INTO products (id, name, price) VALUES (20, 'Too', 226.92);
INSERT INTO products (id, name, price) VALUES (21, 'Arrive', 453.17);
INSERT INTO products (id, name, price) VALUES (22, 'Seem', 50.92);
INSERT INTO products (id, name, price) VALUES (23, 'Society', 75.38);
INSERT INTO products (id, name, price) VALUES (24, 'Against', 396.09);
INSERT INTO products (id, name, price) VALUES (25, 'Hope', 15.51);
INSERT INTO products (id, name, price) VALUES (26, 'Positive', 456.02);
INSERT INTO products (id, name, price) VALUES (27, 'Son', 288.84);
INSERT INTO products (id, name, price) VALUES (28, 'Thus', 136.33);
INSERT INTO products (id, name, price) VALUES (29, 'Other', 419.73);
INSERT INTO products (id, name, price) VALUES (30, 'Analysis', 385.55);
INSERT INTO products (id, name, price) VALUES (31, 'Raise', 175.01);
INSERT INTO products (id, name, price) VALUES (32, 'Price', 401.74);
INSERT INTO products (id, name, price) VALUES (33, 'Include', 107.4);
INSERT INTO products (id, name, price) VALUES (34, 'She', 306.41);
INSERT INTO products (id, name, price) VALUES (35, 'Staff', 265.9);
INSERT INTO products (id, name, price) VALUES (36, 'So', 405.62);
INSERT INTO products (id, name, price) VALUES (37, 'Group', 161.06);
INSERT INTO products (id, name, price) VALUES (38, 'Reality', 202.13);
INSERT INTO products (id, name, price) VALUES (39, 'Born', 385.79);
INSERT INTO products (id, name, price) VALUES (40, 'Congress', 258.81);
INSERT INTO products (id, name, price) VALUES (41, 'Prove', 343.99);
INSERT INTO products (id, name, price) VALUES (42, 'Deal', 320.98);
INSERT INTO products (id, name, price) VALUES (43, 'Than', 335.0);
INSERT INTO products (id, name, price) VALUES (44, 'Special', 445.6);
INSERT INTO products (id, name, price) VALUES (45, 'Trade', 245.64);
INSERT INTO products (id, name, price) VALUES (46, 'Television', 335.89);
INSERT INTO products (id, name, price) VALUES (47, 'Floor', 190.39);
INSERT INTO products (id, name, price) VALUES (48, 'Quality', 20.76);
INSERT INTO products (id, name, price) VALUES (49, 'Its', 378.32);
INSERT INTO products (id, name, price) VALUES (50, 'Else', 94.83);
INSERT INTO products (id, name, price) VALUES (51, 'Level', 410.99);
INSERT INTO products (id, name, price) VALUES (52, 'Per', 457.25);
INSERT INTO products (id, name, price) VALUES (53, 'Process', 330.75);
INSERT INTO products (id, name, price) VALUES (54, 'Force', 89.21);
INSERT INTO products (id, name, price) VALUES (55, 'Degree', 171.77);
INSERT INTO products (id, name, price) VALUES (56, 'Per', 198.64);
INSERT INTO products (id, name, price) VALUES (57, 'Give', 41.28);
INSERT INTO products (id, name, price) VALUES (58, 'Father', 231.1);
INSERT INTO products (id, name, price) VALUES (59, 'Win', 288.72);
INSERT INTO products (id, name, price) VALUES (60, 'Medical', 171.37);
INSERT INTO products (id, name, price) VALUES (61, 'Past', 98.59);
INSERT INTO products (id, name, price) VALUES (62, 'Science', 48.64);
INSERT INTO products (id, name, price) VALUES (63, 'Space', 316.02);
INSERT INTO products (id, name, price) VALUES (64, 'Require', 11.35);
INSERT INTO products (id, name, price) VALUES (65, 'Environmental', 179.2);
INSERT INTO products (id, name, price) VALUES (66, 'Whether', 118.42);
INSERT INTO products (id, name, price) VALUES (67, 'Produce', 268.34);
INSERT INTO products (id, name, price) VALUES (68, 'Mention', 363.21);
INSERT INTO products (id, name, price) VALUES (69, 'Home', 455.03);
INSERT INTO products (id, name, price) VALUES (70, 'Mr', 321.21);
INSERT INTO products (id, name, price) VALUES (71, 'Pattern', 495.94);
INSERT INTO products (id, name, price) VALUES (72, 'Hit', 482.21);
INSERT INTO products (id, name, price) VALUES (73, 'Cold', 316.85);
INSERT INTO products (id, name, price) VALUES (74, 'Lot', 120.52);
INSERT INTO products (id, name, price) VALUES (75, 'Model', 244.49);
INSERT INTO products (id, name, price) VALUES (76, 'Need', 92.91);
INSERT INTO products (id, name, price) VALUES (77, 'Attention', 496.02);
INSERT INTO products (id, name, price) VALUES (78, 'Race', 225.03);
INSERT INTO products (id, name, price) VALUES (79, 'Cell', 377.07);
INSERT INTO products (id, name, price) VALUES (80, 'Charge', 26.84);
INSERT INTO products (id, name, price) VALUES (81, 'Push', 71.69);
INSERT INTO products (id, name, price) VALUES (82, 'Learn', 100.62);
INSERT INTO products (id, name, price) VALUES (83, 'Sit', 131.9);
INSERT INTO products (id, name, price) VALUES (84, 'Appear', 179.26);
INSERT INTO products (id, name, price) VALUES (85, 'Reflect', 139.61);
INSERT INTO products (id, name, price) VALUES (86, 'Herself', 219.96);
INSERT INTO products (id, name, price) VALUES (87, 'Increase', 213.08);
INSERT INTO products (id, name, price) VALUES (88, 'Response', 58.77);
INSERT INTO products (id, name, price) VALUES (89, 'Mind', 35.99);
INSERT INTO products (id, name, price) VALUES (90, 'Quickly', 180.76);
INSERT INTO products (id, name, price) VALUES (91, 'Development', 48.95);
INSERT INTO products (id, name, price) VALUES (92, 'Determine', 219.43);
INSERT INTO products (id, name, price) VALUES (93, 'Get', 9.24);
INSERT INTO products (id, name, price) VALUES (94, 'Ago', 270.22);
INSERT INTO products (id, name, price) VALUES (95, 'Determine', 41.37);
INSERT INTO products (id, name, price) VALUES (96, 'Rather', 348.63);
INSERT INTO products (id, name, price) VALUES (97, 'Drive', 205.08);
INSERT INTO products (id, name, price) VALUES (98, 'Congress', 492.75);
INSERT INTO products (id, name, price) VALUES (99, 'Turn', 134.96);
INSERT INTO products (id, name, price) VALUES (100, 'Possible', 238.89);
INSERT INTO coupons (id, code, discount_percent) VALUES (1, 'iqpB-iLGy', 38.79);
INSERT INTO coupons (id, code, discount_percent) VALUES (2, 'yVma-eVOL', 20.07);
INSERT INTO coupons (id, code, discount_percent) VALUES (3, 'TMoQ-kpdF', 20.68);
INSERT INTO coupons (id, code, discount_percent) VALUES (4, 'vvnR-zzJe', 33.76);
INSERT INTO coupons (id, code, discount_percent) VALUES (5, 'ItPX-ySlK', 48.64);
INSERT INTO coupons (id, code, discount_percent) VALUES (6, 'Bluo-wIUL', 44.77);
INSERT INTO coupons (id, code, discount_percent) VALUES (7, 'LRcl-WBOv', 23.86);
INSERT INTO coupons (id, code, discount_percent) VALUES (8, 'XDYT-hbFb', 37.3);
INSERT INTO coupons (id, code, discount_percent) VALUES (9, 'NSdz-ekTg', 35.56);
INSERT INTO coupons (id, code, discount_percent) VALUES (10, 'ivPm-qpmW', 21.74);
INSERT INTO coupons (id, code, discount_percent) VALUES (11, 'pCbc-eGnE', 15.57);
INSERT INTO coupons (id, code, discount_percent) VALUES (12, 'vJiS-kVFV', 8.53);
INSERT INTO coupons (id, code, discount_percent) VALUES (13, 'ELQN-phBg', 44.55);
INSERT INTO coupons (id, code, discount_percent) VALUES (14, 'DeQV-wQej', 7.57);
INSERT INTO coupons (id, code, discount_percent) VALUES (15, 'CLIo-Jipo', 28.34);
INSERT INTO coupons (id, code, discount_percent) VALUES (16, 'pkfr-XNtg', 29.19);
INSERT INTO coupons (id, code, discount_percent) VALUES (17, 'ppaR-qxxh', 11.58);
INSERT INTO coupons (id, code, discount_percent) VALUES (18, 'pGta-ZeSV', 34.52);
INSERT INTO coupons (id, code, discount_percent) VALUES (19, 'TrfX-QSHP', 46.21);
INSERT INTO coupons (id, code, discount_percent) VALUES (20, 'YHzp-xvDN', 39.93);
INSERT INTO orders (id, user_id, created_at, coupon_id) VALUES (1, 1, '2025-02-10T15:37:20', NULL);
INSERT INTO order_items (id, order_id, product_id, quantity) VALUES (1, 1, 44, 5);
INSERT INTO order_items (id, order_id, product_id, quantity) VALUES (2, 1, 16, 2);
INSERT INTO order_items (id, order_id, product_id, quantity) VALUES (3, 1, 76, 4);
INSERT INTO order_items (id, order_id, product_id, quantity) VALUES (4, 1, 56, 1);
INSERT INTO order_items (id, order_id, product_id, quantity) VALUES (5, 1, 95, 2);
INSERT INTO orders (id, user_id, created_at, coupon_id) VALUES (2, 1, '2025-04-18T21:46:32', NULL);
INSERT INTO order_items (id, order_id, product_id, quantity) VALUES (6, 2, 45, 4);
INSERT INTO orders (id, user_id, created_at, coupon_id) VALUES (3, 1, '2025-03-26T19:56:20', NULL);
INSERT INTO order_items (id, order_id, product_id, quantity) VALUES (7, 3, 93, 4);
INSERT INTO order_items (id, order_id, product_id, quantity) VALUES (8, 3, 39, 4);
INSERT INTO order_items (id, order_id, product_id, quantity) VALUES (9, 3, 100, 1);
INSERT INTO order_items (id, order_id, product_id, quantity) VALUES (10, 3, 21, 5);
INSERT INTO order_items (id, order_id, product_id, quantity) VALUES (11, 3, 42, 5);
INSERT INTO order_items (id, order_id, product_id, quantity) VALUES (12, 3, 66, 5);
INSERT INTO orders (id, user_id, created_at, coupon_id) VALUES (4, 1, '2025-04-05T06:35:02', 17);
INSERT INTO order_items (id, order_id, product_id, quantity) VALUES (13, 4, 70, 3);
INSERT INTO orders (id, user_id, created_at, coupon_id) VALUES (5, 1, '2025-01-08T12:25:56', NULL);
INSERT INTO order_items (id, order_id, product_id, quantity) VALUES (14, 5, 44, 1);
INSERT INTO order_items (id, order_id, product_id, quantity) VALUES (15, 5, 35, 5);
INSERT INTO order_items (id, order_id, product_id, quantity) VALUES (16, 5, 32, 2);
INSERT INTO order_items (id, order_id, product_id, quantity) VALUES (17, 5, 42, 3);
INSERT INTO order_items (id, order_id, product_id, quantity) VALUES (18, 5, 51, 1);
INSERT INTO orders (id, user_id, created_at, coupon_id) VALUES (6, 1, '2025-01-15T08:07:53', NULL);
INSERT INTO order_items (id, order_id, product_id, quantity) VALUES (19, 6, 26, 5);
INSERT INTO orders (id, user_id, created_at, coupon_id) VALUES (7, 1, '2025-06-01T22:05:43', 1);
INSERT INTO order_items (id, order_id, product_id, quantity) VALUES (20, 7, 35, 5);
INSERT INTO order_items (id, order_id, product_id, quantity) VALUES (21, 7, 30, 1);
INSERT INTO orders (id, user_id, created_at, coupon_id) VALUES (8, 1, '2025-05-30T04:11:57', NULL);
INSERT INTO order_items (id, order_id, product_id, quantity) VALUES (22, 8, 44, 5);
INSERT INTO orders (id, user_id, created_at, coupon_id) VALUES (9, 2, '2025-01-11T16:59:50', 18);
INSERT INTO order_items (id, order_id, product_id, quantity) VALUES (23, 9, 62, 4);
INSERT INTO order_items (id, order_id, product_id, quantity) VALUES (24, 9, 94, 4);
INSERT INTO orders (id, user_id, created_at, coupon_id) VALUES (10, 2, '2025-06-12T10:15:54', NULL);
INSERT INTO order_items (id, order_id, product_id, quantity) VALUES (25, 10, 92, 5);
INSERT INTO order_items (id, order_id, product_id, quantity) VALUES (26, 10, 63, 3);
INSERT INTO order_items (id, order_id, product_id, quantity) VALUES (27, 10, 51, 2);
INSERT INTO orders (id, user_id, created_at, coupon_id) VALUES (11, 2, '2025-01-21T23:06:51', NULL);
INSERT INTO order_items (id, order_id, product_id, quantity) VALUES (28, 11, 79, 1);
INSERT INTO order_items (id, order_id, product_id, quantity) VALUES (29, 11, 77, 5);
INSERT INTO orders (id, user_id, created_at, coupon_id) VALUES (12, 2, '2025-01-20T13:54:00', NULL);
INSERT INTO order_items (id, order_id, product_id, quantity) VALUES (30, 12, 90, 5);
INSERT INTO order_items (id, order_id, product_id, quantity) VALUES (31, 12, 16, 1);
INSERT INTO order_items (id, order_id, product_id, quantity) VALUES (32, 12, 47, 4);
INSERT INTO orders (id, user_id, created_at, coupon_id) VALUES (13, 2, '2025-04-02T23:14:28', NULL);
INSERT INTO order_items (id, order_id, product_id, quantity) VALUES (33, 13, 54, 3);
INSERT INTO order_items (id, order_id, product_id, quantity) VALUES (34, 13, 46, 2);
INSERT INTO order_items (id, order_id, product_id, quantity) VALUES (35, 13, 99, 4);
INSERT INTO order_items (id, order_id, product_id, quantity) VALUES (36, 13, 44, 2);
INSERT INTO order_items (id, order_id, product_id, quantity) VALUES (37, 13, 24, 4);
INSERT INTO order_items (id, order_id, product_id, quantity) VALUES (38, 13, 8, 4);
INSERT INTO orders (id, user_id, created_at, coupon_id) VALUES (14, 2, '2025-03-17T21:01:38', NULL);
INSERT INTO order_items (id, order_id, product_id, quantity) VALUES (39, 14, 23, 5);
INSERT INTO order_items (id, order_id, product_id, quantity) VALUES (40, 14, 49, 3);
INSERT INTO order_items (id, order_id, product_id, quantity) VALUES (41, 14, 9, 3);
INSERT INTO orders (id, user_id, created_at, coupon_id) VALUES (15, 2, '2025-02-08T05:49:46', 9);
INSERT INTO order_items (id, order_id, product_id, quantity) VALUES (42, 15, 78, 3);
INSERT INTO order_items (id, order_id, product_id, quantity) VALUES (43, 15, 8, 4);
INSERT INTO order_items (id, order_id, product_id, quantity) VALUES (44, 15, 7, 5);
INSERT INTO order_items (id, order_id, product_id, quantity) VALUES (45, 15, 50, 3);
INSERT INTO order_items (id, order_id, product_id, quantity) VALUES (46, 15, 14, 4);
INSERT INTO orders (id, user_id, created_at, coupon_id) VALUES (16, 2, '2025-04-12T15:01:31', NULL);
INSERT INTO order_items (id, order_id, product_id, quantity) VALUES (47, 16, 42, 2);
INSERT INTO order_items (id, order_id, product_id, quantity) VALUES (48, 16, 83, 4);
INSERT INTO order_items (id, order_id, product_id, quantity) VALUES (49, 16, 35, 4);
INSERT INTO order_items (id, order_id, product_id, quantity) VALUES (50, 16, 73, 5);
INSERT INTO order_items (id, order_id, product_id, quantity) VALUES (51, 16, 45, 2);
INSERT INTO order_items (id, order_id, product_id, quantity) VALUES (52, 16, 89, 4);
INSERT INTO orders (id, user_id, created_at, coupon_id) VALUES (17, 2, '2025-06-12T22:20:22', NULL);
INSERT INTO order_items (id, order_id, product_id, quantity) VALUES (53, 17, 44, 1);
INSERT INTO order_items (id, order_id, product_id, quantity) VALUES (54, 17, 24, 1);
INSERT INTO order_items (id, order_id, product_id, quantity) VALUES (55, 17, 3, 4);
INSERT INTO orders (id, user_id, created_at, coupon_id) VALUES (18, 3, '2025-05-16T19:24:36', NULL);
INSERT INTO order_items (id, order_id, product_id, quantity) VALUES (56, 18, 62, 5);
INSERT INTO order_items (id, order_id, product_id, quantity) VALUES (57, 18, 6, 4);
INSERT INTO orders (id, user_id, created_at, coupon_id) VALUES (19, 3, '2025-04-13T19:02:08', NULL);
INSERT INTO order_items (id, order_id, product_id, quantity) VALUES (58, 19, 42, 3);
INSERT INTO order_items (id, order_id, product_id, quantity) VALUES (59, 19, 29, 5);
INSERT INTO orders (id, user_id, created_at, coupon_id) VALUES (20, 3, '2025-05-20T07:05:25', NULL);
INSERT INTO order_items (id, order_id, product_id, quantity) VALUES (60, 20, 65, 5);
INSERT INTO order_items (id, order_id, product_id, quantity) VALUES (61, 20, 100, 3);
INSERT INTO order_items (id, order_id, product_id, quantity) VALUES (62, 20, 91, 5);
INSERT INTO order_items (id, order_id, product_id, quantity) VALUES (63, 20, 2, 3);
INSERT INTO orders (id, user_id, created_at, coupon_id) VALUES (21, 3, '2025-05-23T17:31:25', NULL);
INSERT INTO order_items (id, order_id, product_id, quantity) VALUES (64, 21, 89, 1);
INSERT INTO order_items (id, order_id, product_id, quantity) VALUES (65, 21, 33, 3);
INSERT INTO orders (id, user_id, created_at, coupon_id) VALUES (22, 3, '2025-01-03T00:53:05', 14);
INSERT INTO order_items (id, order_id, product_id, quantity) VALUES (66, 22, 55, 1);
INSERT INTO order_items (id, order_id, product_id, quantity) VALUES (67, 22, 78, 1);
INSERT INTO order_items (id, order_id, product_id, quantity) VALUES (68, 22, 64, 2);
INSERT INTO orders (id, user_id, created_at, coupon_id) VALUES (23, 3, '2025-04-17T16:26:33', 9);
INSERT INTO order_items (id, order_id, product_id, quantity) VALUES (69, 23, 22, 5);
INSERT INTO order_items (id, order_id, product_id, quantity) VALUES (70, 23, 25, 3);
INSERT INTO order_items (id, order_id, product_id, quantity) VALUES (71, 23, 64, 4);
INSERT INTO order_items (id, order_id, product_id, quantity) VALUES (72, 23, 29, 3);
INSERT INTO order_items (id, order_id, product_id, quantity) VALUES (73, 23, 68, 1);
INSERT INTO orders (id, user_id, created_at, coupon_id) VALUES (24, 3, '2025-05-21T18:59:23', 20);
INSERT INTO order_items (id, order_id, product_id, quantity) VALUES (74, 24, 72, 3);
INSERT INTO order_items (id, order_id, product_id, quantity) VALUES (75, 24, 25, 5);
INSERT INTO order_items (id, order_id, product_id, quantity) VALUES (76, 24, 9, 4);
INSERT INTO order_items (id, order_id, product_id, quantity) VALUES (77, 24, 53, 4);
INSERT INTO order_items (id, order_id, product_id, quantity) VALUES (78, 24, 15, 1);
INSERT INTO orders (id, user_id, created_at, coupon_id) VALUES (25, 3, '2025-05-09T19:48:37', NULL);
INSERT INTO order_items (id, order_id, product_id, quantity) VALUES (79, 25, 84, 4);
INSERT INTO order_items (id, order_id, product_id, quantity) VALUES (80, 25, 67, 3);
INSERT INTO order_items (id, order_id, product_id, quantity) VALUES (81, 25, 20, 4);
INSERT INTO order_items (id, order_id, product_id, quantity) VALUES (82, 25, 18, 2);
INSERT INTO order_items (id, order_id, product_id, quantity) VALUES (83, 25, 28, 2);
INSERT INTO order_items (id, order_id, product_id, quantity) VALUES (84, 25, 5, 2);
INSERT INTO order_items (id, order_id, product_id, quantity) VALUES (85, 25, 27, 1);
INSERT INTO orders (id, user_id, created_at, coupon_id) VALUES (26, 3, '2025-02-09T13:08:21', NULL);
INSERT INTO order_items (id, order_id, product_id, quantity) VALUES (86, 26, 2, 4);
INSERT INTO orders (id, user_id, created_at, coupon_id) VALUES (27, 3, '2025-03-09T09:01:02', NULL);
INSERT INTO order_items (id, order_id, product_id, quantity) VALUES (87, 27, 4, 1);
INSERT INTO order_items (id, order_id, product_id, quantity) VALUES (88, 27, 32, 4);
INSERT INTO order_items (id, order_id, product_id, quantity) VALUES (89, 27, 90, 3);
INSERT INTO order_items (id, order_id, product_id, quantity) VALUES (90, 27, 24, 3);
INSERT INTO order_items (id, order_id, product_id, quantity) VALUES (91, 27, 15, 3);
INSERT INTO orders (id, user_id, created_at, coupon_id) VALUES (28, 4, '2025-05-22T07:15:36', NULL);
INSERT INTO order_items (id, order_id, product_id, quantity) VALUES (92, 28, 28, 5);
INSERT INTO order_items (id, order_id, product_id, quantity) VALUES (93, 28, 4, 3);
INSERT INTO order_items (id, order_id, product_id, quantity) VALUES (94, 28, 20, 4);
INSERT INTO orders (id, user_id, created_at, coupon_id) VALUES (29, 4, '2025-01-30T15:26:26', NULL);
INSERT INTO order_items (id, order_id, product_id, quantity) VALUES (95, 29, 66, 4);
INSERT INTO order_items (id, order_id, product_id, quantity) VALUES (96, 29, 51, 5);
INSERT INTO orders (id, user_id, created_at, coupon_id) VALUES (30, 4, '2025-01-26T02:26:41', 3);
INSERT INTO order_items (id, order_id, product_id, quantity) VALUES (97, 30, 6, 3);
INSERT INTO order_items (id, order_id, product_id, quantity) VALUES (98, 30, 18, 4);
INSERT INTO order_items (id, order_id, product_id, quantity) VALUES (99, 30, 94, 1);
INSERT INTO order_items (id, order_id, product_id, quantity) VALUES (100, 30, 17, 1);
INSERT INTO orders (id, user_id, created_at, coupon_id) VALUES (31, 4, '2025-05-16T15:21:00', NULL);
INSERT INTO order_items (id, order_id, product_id, quantity) VALUES (101, 31, 46, 5);
INSERT INTO order_items (id, order_id, product_id, quantity) VALUES (102, 31, 79, 1);
INSERT INTO order_items (id, order_id, product_id, quantity) VALUES (103, 31, 57, 5);
INSERT INTO order_items (id, order_id, product_id, quantity) VALUES (104, 31, 46, 3);
INSERT INTO order_items (id, order_id, product_id, quantity) VALUES (105, 31, 47, 2);
INSERT INTO order_items (id, order_id, product_id, quantity) VALUES (106, 31, 50, 1);
INSERT INTO order_items (id, order_id, product_id, quantity) VALUES (107, 31, 14, 5);
INSERT INTO orders (id, user_id, created_at, coupon_id) VALUES (32, 4, '2025-04-21T02:39:15', NULL);
INSERT INTO order_items (id, order_id, product_id, quantity) VALUES (108, 32, 13, 5);
INSERT INTO order_items (id, order_id, product_id, quantity) VALUES (109, 32, 86, 3);
INSERT INTO order_items (id, order_id, product_id, quantity) VALUES (110, 32, 95, 1);
INSERT INTO order_items (id, order_id, product_id, quantity) VALUES (111, 32, 100, 2);
INSERT INTO order_items (id, order_id, product_id, quantity) VALUES (112, 32, 50, 2);
INSERT INTO order_items (id, order_id, product_id, quantity) VALUES (113, 32, 54, 2);
INSERT INTO order_items (id, order_id, product_id, quantity) VALUES (114, 32, 61, 2);
INSERT INTO orders (id, user_id, created_at, coupon_id) VALUES (33, 4, '2025-02-01T19:35:55', NULL);
INSERT INTO order_items (id, order_id, product_id, quantity) VALUES (115, 33, 21, 1);
INSERT INTO orders (id, user_id, created_at, coupon_id) VALUES (34, 4, '2025-05-01T23:36:08', NULL);
INSERT INTO order_items (id, order_id, product_id, quantity) VALUES (116, 34, 19, 2);
INSERT INTO orders (id, user_id, created_at, coupon_id) VALUES (35, 4, '2025-04-23T10:51:51', NULL);
INSERT INTO order_items (id, order_id, product_id, quantity) VALUES (117, 35, 85, 4);
INSERT INTO order_items (id, order_id, product_id, quantity) VALUES (118, 35, 8, 1);
INSERT INTO orders (id, user_id, created_at, coupon_id) VALUES (36, 4, '2025-05-05T11:26:08', 15);
INSERT INTO order_items (id, order_id, product_id, quantity) VALUES (119, 36, 12, 2);
INSERT INTO order_items (id, order_id, product_id, quantity) VALUES (120, 36, 86, 1);
INSERT INTO order_items (id, order_id, product_id, quantity) VALUES (121, 36, 46, 4);
INSERT INTO order_items (id, order_id, product_id, quantity) VALUES (122, 36, 27, 2);
INSERT INTO order_items (id, order_id, product_id, quantity) VALUES (123, 36, 31, 4);
INSERT INTO order_items (id, order_id, product_id, quantity) VALUES (124, 36, 44, 2);
INSERT INTO orders (id, user_id, created_at, coupon_id) VALUES (37, 4, '2025-05-16T04:03:34', 1);
INSERT INTO order_items (id, order_id, product_id, quantity) VALUES (125, 37, 42, 4);
INSERT INTO order_items (id, order_id, product_id, quantity) VALUES (126, 37, 45, 2);
INSERT INTO order_items (id, order_id, product_id, quantity) VALUES (127, 37, 8, 1);
INSERT INTO orders (id, user_id, created_at, coupon_id) VALUES (38, 5, '2025-02-28T18:15:45', 8);
INSERT INTO order_items (id, order_id, product_id, quantity) VALUES (128, 38, 31, 2);
INSERT INTO order_items (id, order_id, product_id, quantity) VALUES (129, 38, 72, 1);
INSERT INTO order_items (id, order_id, product_id, quantity) VALUES (130, 38, 78, 5);
INSERT INTO orders (id, user_id, created_at, coupon_id) VALUES (39, 5, '2025-02-20T10:30:20', NULL);
INSERT INTO order_items (id, order_id, product_id, quantity) VALUES (131, 39, 72, 3);
INSERT INTO order_items (id, order_id, product_id, quantity) VALUES (132, 39, 48, 2);
INSERT INTO order_items (id, order_id, product_id, quantity) VALUES (133, 39, 54, 1);
INSERT INTO order_items (id, order_id, product_id, quantity) VALUES (134, 39, 78, 3);
INSERT INTO orders (id, user_id, created_at, coupon_id) VALUES (40, 5, '2025-01-13T05:27:21', NULL);
INSERT INTO order_items (id, order_id, product_id, quantity) VALUES (135, 40, 1, 3);
INSERT INTO order_items (id, order_id, product_id, quantity) VALUES (136, 40, 65, 1);
INSERT INTO order_items (id, order_id, product_id, quantity) VALUES (137, 40, 83, 3);
INSERT INTO order_items (id, order_id, product_id, quantity) VALUES (138, 40, 11, 4);
INSERT INTO order_items (id, order_id, product_id, quantity) VALUES (139, 40, 93, 2);
INSERT INTO order_items (id, order_id, product_id, quantity) VALUES (140, 40, 79, 3);
INSERT INTO orders (id, user_id, created_at, coupon_id) VALUES (41, 5, '2025-03-28T18:37:49', NULL);
INSERT INTO order_items (id, order_id, product_id, quantity) VALUES (141, 41, 94, 5);
INSERT INTO orders (id, user_id, created_at, coupon_id) VALUES (42, 5, '2025-01-04T12:57:38', NULL);
INSERT INTO order_items (id, order_id, product_id, quantity) VALUES (142, 42, 26, 4);
INSERT INTO order_items (id, order_id, product_id, quantity) VALUES (143, 42, 82, 1);
INSERT INTO order_items (id, order_id, product_id, quantity) VALUES (144, 42, 25, 2);
INSERT INTO order_items (id, order_id, product_id, quantity) VALUES (145, 42, 93, 3);
INSERT INTO order_items (id, order_id, product_id, quantity) VALUES (146, 42, 55, 4);
INSERT INTO orders (id, user_id, created_at, coupon_id) VALUES (43, 5, '2025-01-18T11:13:53', NULL);
INSERT INTO order_items (id, order_id, product_id, quantity) VALUES (147, 43, 70, 2);
INSERT INTO order_items (id, order_id, product_id, quantity) VALUES (148, 43, 50, 1);
INSERT INTO order_items (id, order_id, product_id, quantity) VALUES (149, 43, 34, 1);
INSERT INTO order_items (id, order_id, product_id, quantity) VALUES (150, 43, 98, 2);
INSERT INTO order_items (id, order_id, product_id, quantity) VALUES (151, 43, 100, 2);
INSERT INTO orders (id, user_id, created_at, coupon_id) VALUES (44, 5, '2025-02-23T07:11:01', NULL);
INSERT INTO order_items (id, order_id, product_id, quantity) VALUES (152, 44, 18, 5);
INSERT INTO orders (id, user_id, created_at, coupon_id) VALUES (45, 5, '2025-04-08T08:36:45', 4);
INSERT INTO order_items (id, order_id, product_id, quantity) VALUES (153, 45, 47, 1);
INSERT INTO orders (id, user_id, created_at, coupon_id) VALUES (46, 5, '2025-01-15T23:55:07', NULL);
INSERT INTO order_items (id, order_id, product_id, quantity) VALUES (154, 46, 17, 3);
INSERT INTO order_items (id, order_id, product_id, quantity) VALUES (155, 46, 53, 1);
INSERT INTO order_items (id, order_id, product_id, quantity) VALUES (156, 46, 80, 3);
INSERT INTO orders (id, user_id, created_at, coupon_id) VALUES (47, 6, '2025-02-20T20:14:36', NULL);
INSERT INTO order_items (id, order_id, product_id, quantity) VALUES (157, 47, 16, 5);
INSERT INTO order_items (id, order_id, product_id, quantity) VALUES (158, 47, 16, 3);
INSERT INTO order_items (id, order_id, product_id, quantity) VALUES (159, 47, 37, 3);
INSERT INTO order_items (id, order_id, product_id, quantity) VALUES (160, 47, 57, 2);
INSERT INTO order_items (id, order_id, product_id, quantity) VALUES (161, 47, 1, 1);
INSERT INTO order_items (id, order_id, product_id, quantity) VALUES (162, 47, 15, 5);
INSERT INTO order_items (id, order_id, product_id, quantity) VALUES (163, 47, 13, 4);
INSERT INTO orders (id, user_id, created_at, coupon_id) VALUES (48, 6, '2025-03-21T19:21:47', NULL);
INSERT INTO order_items (id, order_id, product_id, quantity) VALUES (164, 48, 46, 2);
INSERT INTO order_items (id, order_id, product_id, quantity) VALUES (165, 48, 17, 4);
INSERT INTO order_items (id, order_id, product_id, quantity) VALUES (166, 48, 1, 4);
INSERT INTO order_items (id, order_id, product_id, quantity) VALUES (167, 48, 27, 2);
INSERT INTO order_items (id, order_id, product_id, quantity) VALUES (168, 48, 1, 4);
INSERT INTO order_items (id, order_id, product_id, quantity) VALUES (169, 48, 17, 1);
INSERT INTO order_items (id, order_id, product_id, quantity) VALUES (170, 48, 23, 5);
INSERT INTO orders (id, user_id, created_at, coupon_id) VALUES (49, 6, '2025-05-10T06:30:30', NULL);
INSERT INTO order_items (id, order_id, product_id, quantity) VALUES (171, 49, 100, 4);
INSERT INTO order_items (id, order_id, product_id, quantity) VALUES (172, 49, 40, 1);
INSERT INTO orders (id, user_id, created_at, coupon_id) VALUES (50, 6, '2025-05-22T13:14:24', NULL);
INSERT INTO order_items (id, order_id, product_id, quantity) VALUES (173, 50, 73, 4);
INSERT INTO orders (id, user_id, created_at, coupon_id) VALUES (51, 6, '2025-06-05T12:13:22', NULL);
INSERT INTO order_items (id, order_id, product_id, quantity) VALUES (174, 51, 82, 5);
INSERT INTO orders (id, user_id, created_at, coupon_id) VALUES (52, 6, '2025-05-10T10:02:21', NULL);
INSERT INTO order_items (id, order_id, product_id, quantity) VALUES (175, 52, 40, 5);
INSERT INTO order_items (id, order_id, product_id, quantity) VALUES (176, 52, 71, 3);
INSERT INTO order_items (id, order_id, product_id, quantity) VALUES (177, 52, 3, 2);
INSERT INTO orders (id, user_id, created_at, coupon_id) VALUES (53, 6, '2025-03-31T22:21:40', NULL);
INSERT INTO order_items (id, order_id, product_id, quantity) VALUES (178, 53, 55, 2);
INSERT INTO order_items (id, order_id, product_id, quantity) VALUES (179, 53, 64, 1);
INSERT INTO orders (id, user_id, created_at, coupon_id) VALUES (54, 6, '2025-03-07T18:01:59', NULL);
INSERT INTO order_items (id, order_id, product_id, quantity) VALUES (180, 54, 20, 2);
INSERT INTO order_items (id, order_id, product_id, quantity) VALUES (181, 54, 86, 1);
INSERT INTO order_items (id, order_id, product_id, quantity) VALUES (182, 54, 71, 2);
INSERT INTO order_items (id, order_id, product_id, quantity) VALUES (183, 54, 9, 4);
INSERT INTO order_items (id, order_id, product_id, quantity) VALUES (184, 54, 75, 2);
INSERT INTO order_items (id, order_id, product_id, quantity) VALUES (185, 54, 52, 5);
INSERT INTO order_items (id, order_id, product_id, quantity) VALUES (186, 54, 92, 4);
INSERT INTO orders (id, user_id, created_at, coupon_id) VALUES (55, 6, '2025-01-24T20:23:32', NULL);
INSERT INTO order_items (id, order_id, product_id, quantity) VALUES (187, 55, 10, 2);
INSERT INTO order_items (id, order_id, product_id, quantity) VALUES (188, 55, 12, 4);
INSERT INTO order_items (id, order_id, product_id, quantity) VALUES (189, 55, 6, 5);
INSERT INTO orders (id, user_id, created_at, coupon_id) VALUES (56, 7, '2025-01-25T12:43:04', NULL);
INSERT INTO order_items (id, order_id, product_id, quantity) VALUES (190, 56, 87, 1);
INSERT INTO order_items (id, order_id, product_id, quantity) VALUES (191, 56, 20, 5);
INSERT INTO orders (id, user_id, created_at, coupon_id) VALUES (57, 7, '2025-04-01T05:08:26', 2);
INSERT INTO order_items (id, order_id, product_id, quantity) VALUES (192, 57, 53, 4);
INSERT INTO order_items (id, order_id, product_id, quantity) VALUES (193, 57, 79, 4);
INSERT INTO order_items (id, order_id, product_id, quantity) VALUES (194, 57, 43, 2);
INSERT INTO order_items (id, order_id, product_id, quantity) VALUES (195, 57, 83, 4);
INSERT INTO order_items (id, order_id, product_id, quantity) VALUES (196, 57, 55, 1);
INSERT INTO order_items (id, order_id, product_id, quantity) VALUES (197, 57, 12, 1);
INSERT INTO order_items (id, order_id, product_id, quantity) VALUES (198, 57, 28, 2);
INSERT INTO orders (id, user_id, created_at, coupon_id) VALUES (58, 7, '2025-05-10T21:43:54', NULL);
INSERT INTO order_items (id, order_id, product_id, quantity) VALUES (199, 58, 18, 5);
INSERT INTO order_items (id, order_id, product_id, quantity) VALUES (200, 58, 39, 3);
INSERT INTO order_items (id, order_id, product_id, quantity) VALUES (201, 58, 66, 4);
INSERT INTO order_items (id, order_id, product_id, quantity) VALUES (202, 58, 91, 3);
INSERT INTO order_items (id, order_id, product_id, quantity) VALUES (203, 58, 37, 4);
INSERT INTO order_items (id, order_id, product_id, quantity) VALUES (204, 58, 24, 5);
INSERT INTO orders (id, user_id, created_at, coupon_id) VALUES (59, 7, '2025-01-27T18:32:54', NULL);
INSERT INTO order_items (id, order_id, product_id, quantity) VALUES (205, 59, 71, 1);
INSERT INTO order_items (id, order_id, product_id, quantity) VALUES (206, 59, 1, 5);
INSERT INTO order_items (id, order_id, product_id, quantity) VALUES (207, 59, 78, 2);
INSERT INTO order_items (id, order_id, product_id, quantity) VALUES (208, 59, 67, 5);
INSERT INTO order_items (id, order_id, product_id, quantity) VALUES (209, 59, 85, 5);
INSERT INTO order_items (id, order_id, product_id, quantity) VALUES (210, 59, 13, 4);
INSERT INTO orders (id, user_id, created_at, coupon_id) VALUES (60, 7, '2025-06-02T01:36:50', NULL);
INSERT INTO order_items (id, order_id, product_id, quantity) VALUES (211, 60, 81, 5);
INSERT INTO order_items (id, order_id, product_id, quantity) VALUES (212, 60, 62, 1);
INSERT INTO orders (id, user_id, created_at, coupon_id) VALUES (61, 7, '2025-05-01T16:05:40', NULL);
INSERT INTO order_items (id, order_id, product_id, quantity) VALUES (213, 61, 97, 4);
INSERT INTO order_items (id, order_id, product_id, quantity) VALUES (214, 61, 48, 3);
INSERT INTO order_items (id, order_id, product_id, quantity) VALUES (215, 61, 69, 5);
INSERT INTO order_items (id, order_id, product_id, quantity) VALUES (216, 61, 76, 3);
INSERT INTO order_items (id, order_id, product_id, quantity) VALUES (217, 61, 26, 2);
INSERT INTO order_items (id, order_id, product_id, quantity) VALUES (218, 61, 6, 3);
INSERT INTO order_items (id, order_id, product_id, quantity) VALUES (219, 61, 7, 5);
INSERT INTO orders (id, user_id, created_at, coupon_id) VALUES (62, 7, '2025-04-15T07:04:33', 12);
INSERT INTO order_items (id, order_id, product_id, quantity) VALUES (220, 62, 54, 2);
INSERT INTO order_items (id, order_id, product_id, quantity) VALUES (221, 62, 14, 5);
INSERT INTO order_items (id, order_id, product_id, quantity) VALUES (222, 62, 10, 2);
INSERT INTO order_items (id, order_id, product_id, quantity) VALUES (223, 62, 74, 4);
INSERT INTO order_items (id, order_id, product_id, quantity) VALUES (224, 62, 18, 5);
INSERT INTO order_items (id, order_id, product_id, quantity) VALUES (225, 62, 87, 1);
INSERT INTO order_items (id, order_id, product_id, quantity) VALUES (226, 62, 98, 4);
INSERT INTO orders (id, user_id, created_at, coupon_id) VALUES (63, 8, '2025-04-26T12:06:51', NULL);
INSERT INTO order_items (id, order_id, product_id, quantity) VALUES (227, 63, 68, 4);
INSERT INTO order_items (id, order_id, product_id, quantity) VALUES (228, 63, 43, 3);
INSERT INTO order_items (id, order_id, product_id, quantity) VALUES (229, 63, 78, 4);
INSERT INTO order_items (id, order_id, product_id, quantity) VALUES (230, 63, 98, 3);
INSERT INTO order_items (id, order_id, product_id, quantity) VALUES (231, 63, 44, 4);
INSERT INTO order_items (id, order_id, product_id, quantity) VALUES (232, 63, 23, 2);
INSERT INTO orders (id, user_id, created_at, coupon_id) VALUES (64, 8, '2025-04-30T19:03:59', 2);
INSERT INTO order_items (id, order_id, product_id, quantity) VALUES (233, 64, 67, 2);
INSERT INTO order_items (id, order_id, product_id, quantity) VALUES (234, 64, 48, 1);
INSERT INTO order_items (id, order_id, product_id, quantity) VALUES (235, 64, 18, 2);
INSERT INTO order_items (id, order_id, product_id, quantity) VALUES (236, 64, 84, 2);
INSERT INTO order_items (id, order_id, product_id, quantity) VALUES (237, 64, 88, 4);
INSERT INTO order_items (id, order_id, product_id, quantity) VALUES (238, 64, 96, 2);
INSERT INTO orders (id, user_id, created_at, coupon_id) VALUES (65, 8, '2025-03-02T01:43:13', NULL);
INSERT INTO order_items (id, order_id, product_id, quantity) VALUES (239, 65, 66, 2);
INSERT INTO order_items (id, order_id, product_id, quantity) VALUES (240, 65, 99, 4);
INSERT INTO orders (id, user_id, created_at, coupon_id) VALUES (66, 8, '2025-04-14T13:00:23', NULL);
INSERT INTO order_items (id, order_id, product_id, quantity) VALUES (241, 66, 61, 2);
INSERT INTO orders (id, user_id, created_at, coupon_id) VALUES (67, 8, '2025-05-24T18:53:50', NULL);
INSERT INTO order_items (id, order_id, product_id, quantity) VALUES (242, 67, 65, 4);
INSERT INTO order_items (id, order_id, product_id, quantity) VALUES (243, 67, 29, 1);
INSERT INTO order_items (id, order_id, product_id, quantity) VALUES (244, 67, 55, 4);
INSERT INTO order_items (id, order_id, product_id, quantity) VALUES (245, 67, 51, 3);
INSERT INTO order_items (id, order_id, product_id, quantity) VALUES (246, 67, 7, 4);
INSERT INTO order_items (id, order_id, product_id, quantity) VALUES (247, 67, 54, 1);
INSERT INTO orders (id, user_id, created_at, coupon_id) VALUES (68, 8, '2025-04-20T00:09:44', NULL);
INSERT INTO order_items (id, order_id, product_id, quantity) VALUES (248, 68, 60, 1);
INSERT INTO order_items (id, order_id, product_id, quantity) VALUES (249, 68, 15, 1);
INSERT INTO order_items (id, order_id, product_id, quantity) VALUES (250, 68, 92, 3);
INSERT INTO order_items (id, order_id, product_id, quantity) VALUES (251, 68, 47, 3);
INSERT INTO orders (id, user_id, created_at, coupon_id) VALUES (69, 8, '2025-03-05T03:40:41', NULL);
INSERT INTO order_items (id, order_id, product_id, quantity) VALUES (252, 69, 71, 5);
INSERT INTO order_items (id, order_id, product_id, quantity) VALUES (253, 69, 61, 5);
INSERT INTO order_items (id, order_id, product_id, quantity) VALUES (254, 69, 89, 3);
INSERT INTO order_items (id, order_id, product_id, quantity) VALUES (255, 69, 86, 2);
INSERT INTO order_items (id, order_id, product_id, quantity) VALUES (256, 69, 5, 2);
INSERT INTO order_items (id, order_id, product_id, quantity) VALUES (257, 69, 17, 4);
INSERT INTO orders (id, user_id, created_at, coupon_id) VALUES (70, 8, '2025-04-07T16:56:44', NULL);
INSERT INTO order_items (id, order_id, product_id, quantity) VALUES (258, 70, 61, 4);
INSERT INTO order_items (id, order_id, product_id, quantity) VALUES (259, 70, 82, 1);
INSERT INTO order_items (id, order_id, product_id, quantity) VALUES (260, 70, 45, 2);
INSERT INTO order_items (id, order_id, product_id, quantity) VALUES (261, 70, 35, 3);
INSERT INTO order_items (id, order_id, product_id, quantity) VALUES (262, 70, 70, 3);
INSERT INTO order_items (id, order_id, product_id, quantity) VALUES (263, 70, 87, 1);
INSERT INTO orders (id, user_id, created_at, coupon_id) VALUES (71, 8, '2025-05-03T20:37:54', NULL);
INSERT INTO order_items (id, order_id, product_id, quantity) VALUES (264, 71, 7, 1);
INSERT INTO order_items (id, order_id, product_id, quantity) VALUES (265, 71, 72, 2);
INSERT INTO order_items (id, order_id, product_id, quantity) VALUES (266, 71, 67, 1);
INSERT INTO order_items (id, order_id, product_id, quantity) VALUES (267, 71, 77, 4);
INSERT INTO order_items (id, order_id, product_id, quantity) VALUES (268, 71, 66, 4);
INSERT INTO order_items (id, order_id, product_id, quantity) VALUES (269, 71, 52, 4);
INSERT INTO order_items (id, order_id, product_id, quantity) VALUES (270, 71, 9, 2);
INSERT INTO orders (id, user_id, created_at, coupon_id) VALUES (72, 9, '2025-05-05T19:38:27', NULL);
INSERT INTO order_items (id, order_id, product_id, quantity) VALUES (271, 72, 90, 4);
INSERT INTO order_items (id, order_id, product_id, quantity) VALUES (272, 72, 95, 4);
INSERT INTO order_items (id, order_id, product_id, quantity) VALUES (273, 72, 15, 4);
INSERT INTO orders (id, user_id, created_at, coupon_id) VALUES (73, 9, '2025-04-22T16:45:26', 17);
INSERT INTO order_items (id, order_id, product_id, quantity) VALUES (274, 73, 14, 2);
INSERT INTO order_items (id, order_id, product_id, quantity) VALUES (275, 73, 33, 1);
INSERT INTO order_items (id, order_id, product_id, quantity) VALUES (276, 73, 89, 1);
INSERT INTO order_items (id, order_id, product_id, quantity) VALUES (277, 73, 48, 2);
INSERT INTO orders (id, user_id, created_at, coupon_id) VALUES (74, 9, '2025-02-26T02:06:47', 3);
INSERT INTO order_items (id, order_id, product_id, quantity) VALUES (278, 74, 83, 4);
INSERT INTO order_items (id, order_id, product_id, quantity) VALUES (279, 74, 94, 4);
INSERT INTO order_items (id, order_id, product_id, quantity) VALUES (280, 74, 58, 1);
INSERT INTO order_items (id, order_id, product_id, quantity) VALUES (281, 74, 54, 1);
INSERT INTO orders (id, user_id, created_at, coupon_id) VALUES (75, 9, '2025-02-02T20:42:16', 10);
INSERT INTO order_items (id, order_id, product_id, quantity) VALUES (282, 75, 51, 4);
INSERT INTO order_items (id, order_id, product_id, quantity) VALUES (283, 75, 94, 3);
INSERT INTO order_items (id, order_id, product_id, quantity) VALUES (284, 75, 48, 3);
INSERT INTO order_items (id, order_id, product_id, quantity) VALUES (285, 75, 9, 3);
INSERT INTO order_items (id, order_id, product_id, quantity) VALUES (286, 75, 78, 2);
INSERT INTO orders (id, user_id, created_at, coupon_id) VALUES (76, 9, '2025-02-08T12:50:39', 15);
INSERT INTO order_items (id, order_id, product_id, quantity) VALUES (287, 76, 65, 3);
INSERT INTO order_items (id, order_id, product_id, quantity) VALUES (288, 76, 5, 2);
INSERT INTO order_items (id, order_id, product_id, quantity) VALUES (289, 76, 37, 3);
INSERT INTO order_items (id, order_id, product_id, quantity) VALUES (290, 76, 90, 3);
INSERT INTO orders (id, user_id, created_at, coupon_id) VALUES (77, 9, '2025-06-01T01:01:51', 20);
INSERT INTO order_items (id, order_id, product_id, quantity) VALUES (291, 77, 47, 2);
INSERT INTO order_items (id, order_id, product_id, quantity) VALUES (292, 77, 69, 1);
INSERT INTO order_items (id, order_id, product_id, quantity) VALUES (293, 77, 79, 4);
INSERT INTO order_items (id, order_id, product_id, quantity) VALUES (294, 77, 20, 2);
INSERT INTO orders (id, user_id, created_at, coupon_id) VALUES (78, 10, '2025-02-13T12:58:30', NULL);
INSERT INTO order_items (id, order_id, product_id, quantity) VALUES (295, 78, 72, 2);
INSERT INTO order_items (id, order_id, product_id, quantity) VALUES (296, 78, 40, 2);
INSERT INTO order_items (id, order_id, product_id, quantity) VALUES (297, 78, 26, 4);
INSERT INTO order_items (id, order_id, product_id, quantity) VALUES (298, 78, 62, 3);
INSERT INTO orders (id, user_id, created_at, coupon_id) VALUES (79, 10, '2025-06-02T03:17:13', NULL);
INSERT INTO order_items (id, order_id, product_id, quantity) VALUES (299, 79, 60, 3);
INSERT INTO order_items (id, order_id, product_id, quantity) VALUES (300, 79, 56, 3);
INSERT INTO order_items (id, order_id, product_id, quantity) VALUES (301, 79, 11, 4);
INSERT INTO order_items (id, order_id, product_id, quantity) VALUES (302, 79, 60, 1);
INSERT INTO orders (id, user_id, created_at, coupon_id) VALUES (80, 10, '2025-05-06T19:51:45', NULL);
INSERT INTO order_items (id, order_id, product_id, quantity) VALUES (303, 80, 42, 4);
INSERT INTO order_items (id, order_id, product_id, quantity) VALUES (304, 80, 73, 5);
INSERT INTO order_items (id, order_id, product_id, quantity) VALUES (305, 80, 79, 5);
INSERT INTO order_items (id, order_id, product_id, quantity) VALUES (306, 80, 17, 2);
INSERT INTO order_items (id, order_id, product_id, quantity) VALUES (307, 80, 100, 1);
INSERT INTO orders (id, user_id, created_at, coupon_id) VALUES (81, 10, '2025-03-30T07:16:42', 14);
INSERT INTO order_items (id, order_id, product_id, quantity) VALUES (308, 81, 66, 4);
INSERT INTO order_items (id, order_id, product_id, quantity) VALUES (309, 81, 87, 5);
INSERT INTO order_items (id, order_id, product_id, quantity) VALUES (310, 81, 35, 5);
INSERT INTO order_items (id, order_id, product_id, quantity) VALUES (311, 81, 31, 3);
INSERT INTO order_items (id, order_id, product_id, quantity) VALUES (312, 81, 23, 5);
INSERT INTO order_items (id, order_id, product_id, quantity) VALUES (313, 81, 31, 4);
INSERT INTO order_items (id, order_id, product_id, quantity) VALUES (314, 81, 95, 1);
INSERT INTO orders (id, user_id, created_at, coupon_id) VALUES (82, 10, '2025-03-03T02:08:49', NULL);
INSERT INTO order_items (id, order_id, product_id, quantity) VALUES (315, 82, 9, 3);
INSERT INTO order_items (id, order_id, product_id, quantity) VALUES (316, 82, 60, 2);
INSERT INTO order_items (id, order_id, product_id, quantity) VALUES (317, 82, 22, 3);
INSERT INTO order_items (id, order_id, product_id, quantity) VALUES (318, 82, 90, 5);
INSERT INTO order_items (id, order_id, product_id, quantity) VALUES (319, 82, 17, 2);
INSERT INTO orders (id, user_id, created_at, coupon_id) VALUES (83, 10, '2025-01-14T23:18:42', NULL);
INSERT INTO order_items (id, order_id, product_id, quantity) VALUES (320, 83, 39, 4);
INSERT INTO order_items (id, order_id, product_id, quantity) VALUES (321, 83, 20, 2);
INSERT INTO order_items (id, order_id, product_id, quantity) VALUES (322, 83, 59, 3);
INSERT INTO order_items (id, order_id, product_id, quantity) VALUES (323, 83, 79, 2);
INSERT INTO order_items (id, order_id, product_id, quantity) VALUES (324, 83, 79, 2);
INSERT INTO order_items (id, order_id, product_id, quantity) VALUES (325, 83, 38, 2);
INSERT INTO order_items (id, order_id, product_id, quantity) VALUES (326, 83, 76, 5);
INSERT INTO orders (id, user_id, created_at, coupon_id) VALUES (84, 10, '2025-01-19T04:01:36', 10);
INSERT INTO order_items (id, order_id, product_id, quantity) VALUES (327, 84, 25, 5);
INSERT INTO order_items (id, order_id, product_id, quantity) VALUES (328, 84, 58, 1);
INSERT INTO order_items (id, order_id, product_id, quantity) VALUES (329, 84, 24, 2);
INSERT INTO order_items (id, order_id, product_id, quantity) VALUES (330, 84, 99, 3);
INSERT INTO order_items (id, order_id, product_id, quantity) VALUES (331, 84, 80, 2);
INSERT INTO order_items (id, order_id, product_id, quantity) VALUES (332, 84, 42, 1);
INSERT INTO order_items (id, order_id, product_id, quantity) VALUES (333, 84, 13, 2);
INSERT INTO orders (id, user_id, created_at, coupon_id) VALUES (85, 11, '2025-04-02T11:55:32', NULL);
INSERT INTO order_items (id, order_id, product_id, quantity) VALUES (334, 85, 23, 4);
INSERT INTO orders (id, user_id, created_at, coupon_id) VALUES (86, 11, '2025-02-18T04:06:54', NULL);
INSERT INTO order_items (id, order_id, product_id, quantity) VALUES (335, 86, 72, 5);
INSERT INTO orders (id, user_id, created_at, coupon_id) VALUES (87, 11, '2025-03-28T12:11:27', 8);
INSERT INTO order_items (id, order_id, product_id, quantity) VALUES (336, 87, 14, 4);
INSERT INTO order_items (id, order_id, product_id, quantity) VALUES (337, 87, 20, 2);
INSERT INTO order_items (id, order_id, product_id, quantity) VALUES (338, 87, 87, 3);
INSERT INTO order_items (id, order_id, product_id, quantity) VALUES (339, 87, 22, 4);
INSERT INTO order_items (id, order_id, product_id, quantity) VALUES (340, 87, 98, 2);
INSERT INTO order_items (id, order_id, product_id, quantity) VALUES (341, 87, 75, 3);
INSERT INTO orders (id, user_id, created_at, coupon_id) VALUES (88, 11, '2025-03-18T17:24:35', NULL);
INSERT INTO order_items (id, order_id, product_id, quantity) VALUES (342, 88, 79, 4);
INSERT INTO orders (id, user_id, created_at, coupon_id) VALUES (89, 11, '2025-02-15T13:28:48', NULL);
INSERT INTO order_items (id, order_id, product_id, quantity) VALUES (343, 89, 93, 5);
INSERT INTO order_items (id, order_id, product_id, quantity) VALUES (344, 89, 21, 5);
INSERT INTO order_items (id, order_id, product_id, quantity) VALUES (345, 89, 19, 2);
INSERT INTO order_items (id, order_id, product_id, quantity) VALUES (346, 89, 30, 3);
INSERT INTO orders (id, user_id, created_at, coupon_id) VALUES (90, 12, '2025-05-16T19:15:34', NULL);
INSERT INTO order_items (id, order_id, product_id, quantity) VALUES (347, 90, 65, 2);
INSERT INTO order_items (id, order_id, product_id, quantity) VALUES (348, 90, 87, 5);
INSERT INTO order_items (id, order_id, product_id, quantity) VALUES (349, 90, 90, 2);
INSERT INTO order_items (id, order_id, product_id, quantity) VALUES (350, 90, 21, 5);
INSERT INTO orders (id, user_id, created_at, coupon_id) VALUES (91, 12, '2025-03-17T14:08:34', 16);
INSERT INTO order_items (id, order_id, product_id, quantity) VALUES (351, 91, 16, 1);
INSERT INTO order_items (id, order_id, product_id, quantity) VALUES (352, 91, 39, 2);
INSERT INTO order_items (id, order_id, product_id, quantity) VALUES (353, 91, 90, 1);
INSERT INTO order_items (id, order_id, product_id, quantity) VALUES (354, 91, 64, 4);
INSERT INTO order_items (id, order_id, product_id, quantity) VALUES (355, 91, 30, 5);
INSERT INTO order_items (id, order_id, product_id, quantity) VALUES (356, 91, 82, 2);
INSERT INTO orders (id, user_id, created_at, coupon_id) VALUES (92, 12, '2025-03-02T02:15:50', NULL);
INSERT INTO order_items (id, order_id, product_id, quantity) VALUES (357, 92, 92, 1);
INSERT INTO order_items (id, order_id, product_id, quantity) VALUES (358, 92, 35, 3);
INSERT INTO order_items (id, order_id, product_id, quantity) VALUES (359, 92, 72, 3);
INSERT INTO order_items (id, order_id, product_id, quantity) VALUES (360, 92, 35, 2);
INSERT INTO orders (id, user_id, created_at, coupon_id) VALUES (93, 12, '2025-03-04T14:13:39', NULL);
INSERT INTO order_items (id, order_id, product_id, quantity) VALUES (361, 93, 27, 2);
INSERT INTO order_items (id, order_id, product_id, quantity) VALUES (362, 93, 2, 1);
INSERT INTO order_items (id, order_id, product_id, quantity) VALUES (363, 93, 53, 5);
INSERT INTO order_items (id, order_id, product_id, quantity) VALUES (364, 93, 39, 4);
INSERT INTO order_items (id, order_id, product_id, quantity) VALUES (365, 93, 10, 2);
INSERT INTO orders (id, user_id, created_at, coupon_id) VALUES (94, 12, '2025-04-15T03:53:26', NULL);
INSERT INTO order_items (id, order_id, product_id, quantity) VALUES (366, 94, 10, 4);
INSERT INTO order_items (id, order_id, product_id, quantity) VALUES (367, 94, 70, 3);
INSERT INTO order_items (id, order_id, product_id, quantity) VALUES (368, 94, 13, 4);
INSERT INTO order_items (id, order_id, product_id, quantity) VALUES (369, 94, 82, 1);
INSERT INTO order_items (id, order_id, product_id, quantity) VALUES (370, 94, 19, 3);
INSERT INTO orders (id, user_id, created_at, coupon_id) VALUES (95, 12, '2025-05-28T04:56:34', NULL);
INSERT INTO order_items (id, order_id, product_id, quantity) VALUES (371, 95, 96, 4);
INSERT INTO order_items (id, order_id, product_id, quantity) VALUES (372, 95, 39, 1);
INSERT INTO order_items (id, order_id, product_id, quantity) VALUES (373, 95, 90, 4);
INSERT INTO order_items (id, order_id, product_id, quantity) VALUES (374, 95, 62, 3);
INSERT INTO orders (id, user_id, created_at, coupon_id) VALUES (96, 12, '2025-04-14T14:25:12', NULL);
INSERT INTO order_items (id, order_id, product_id, quantity) VALUES (375, 96, 30, 3);
INSERT INTO orders (id, user_id, created_at, coupon_id) VALUES (97, 12, '2025-05-17T21:52:54', NULL);
INSERT INTO order_items (id, order_id, product_id, quantity) VALUES (376, 97, 33, 3);
INSERT INTO order_items (id, order_id, product_id, quantity) VALUES (377, 97, 74, 5);
INSERT INTO order_items (id, order_id, product_id, quantity) VALUES (378, 97, 12, 1);
INSERT INTO order_items (id, order_id, product_id, quantity) VALUES (379, 97, 2, 3);
INSERT INTO order_items (id, order_id, product_id, quantity) VALUES (380, 97, 48, 4);
INSERT INTO order_items (id, order_id, product_id, quantity) VALUES (381, 97, 58, 4);
INSERT INTO orders (id, user_id, created_at, coupon_id) VALUES (98, 12, '2025-02-24T14:00:06', 8);
INSERT INTO order_items (id, order_id, product_id, quantity) VALUES (382, 98, 84, 3);
INSERT INTO order_items (id, order_id, product_id, quantity) VALUES (383, 98, 27, 4);
INSERT INTO orders (id, user_id, created_at, coupon_id) VALUES (99, 12, '2025-05-10T21:07:41', NULL);
INSERT INTO order_items (id, order_id, product_id, quantity) VALUES (384, 99, 100, 5);
INSERT INTO order_items (id, order_id, product_id, quantity) VALUES (385, 99, 32, 4);
INSERT INTO order_items (id, order_id, product_id, quantity) VALUES (386, 99, 48, 4);
INSERT INTO order_items (id, order_id, product_id, quantity) VALUES (387, 99, 21, 3);
INSERT INTO order_items (id, order_id, product_id, quantity) VALUES (388, 99, 74, 3);
INSERT INTO order_items (id, order_id, product_id, quantity) VALUES (389, 99, 99, 4);
INSERT INTO order_items (id, order_id, product_id, quantity) VALUES (390, 99, 69, 4);
INSERT INTO orders (id, user_id, created_at, coupon_id) VALUES (100, 13, '2025-04-17T20:29:06', NULL);
INSERT INTO order_items (id, order_id, product_id, quantity) VALUES (391, 100, 30, 4);
INSERT INTO order_items (id, order_id, product_id, quantity) VALUES (392, 100, 29, 5);
INSERT INTO order_items (id, order_id, product_id, quantity) VALUES (393, 100, 30, 2);
INSERT INTO order_items (id, order_id, product_id, quantity) VALUES (394, 100, 77, 3);
INSERT INTO order_items (id, order_id, product_id, quantity) VALUES (395, 100, 57, 5);
INSERT INTO order_items (id, order_id, product_id, quantity) VALUES (396, 100, 42, 1);
INSERT INTO orders (id, user_id, created_at, coupon_id) VALUES (101, 13, '2025-04-25T20:22:27', NULL);
INSERT INTO order_items (id, order_id, product_id, quantity) VALUES (397, 101, 59, 1);
INSERT INTO order_items (id, order_id, product_id, quantity) VALUES (398, 101, 31, 1);
INSERT INTO order_items (id, order_id, product_id, quantity) VALUES (399, 101, 34, 2);
INSERT INTO orders (id, user_id, created_at, coupon_id) VALUES (102, 13, '2025-04-17T14:31:52', NULL);
INSERT INTO order_items (id, order_id, product_id, quantity) VALUES (400, 102, 63, 2);
INSERT INTO order_items (id, order_id, product_id, quantity) VALUES (401, 102, 86, 2);
INSERT INTO orders (id, user_id, created_at, coupon_id) VALUES (103, 13, '2025-05-23T08:55:02', NULL);
INSERT INTO order_items (id, order_id, product_id, quantity) VALUES (402, 103, 23, 3);
INSERT INTO order_items (id, order_id, product_id, quantity) VALUES (403, 103, 52, 5);
INSERT INTO orders (id, user_id, created_at, coupon_id) VALUES (104, 13, '2025-01-04T18:41:33', NULL);
INSERT INTO order_items (id, order_id, product_id, quantity) VALUES (404, 104, 73, 4);
INSERT INTO order_items (id, order_id, product_id, quantity) VALUES (405, 104, 34, 3);
INSERT INTO order_items (id, order_id, product_id, quantity) VALUES (406, 104, 18, 1);
INSERT INTO order_items (id, order_id, product_id, quantity) VALUES (407, 104, 30, 4);
INSERT INTO orders (id, user_id, created_at, coupon_id) VALUES (105, 13, '2025-05-21T20:51:40', NULL);
INSERT INTO order_items (id, order_id, product_id, quantity) VALUES (408, 105, 12, 3);
INSERT INTO order_items (id, order_id, product_id, quantity) VALUES (409, 105, 22, 4);
INSERT INTO order_items (id, order_id, product_id, quantity) VALUES (410, 105, 36, 4);
INSERT INTO orders (id, user_id, created_at, coupon_id) VALUES (106, 13, '2025-04-13T11:15:32', NULL);
INSERT INTO order_items (id, order_id, product_id, quantity) VALUES (411, 106, 80, 1);
INSERT INTO order_items (id, order_id, product_id, quantity) VALUES (412, 106, 8, 2);
INSERT INTO order_items (id, order_id, product_id, quantity) VALUES (413, 106, 19, 4);
INSERT INTO order_items (id, order_id, product_id, quantity) VALUES (414, 106, 99, 4);
INSERT INTO orders (id, user_id, created_at, coupon_id) VALUES (107, 13, '2025-01-21T21:08:30', NULL);
INSERT INTO order_items (id, order_id, product_id, quantity) VALUES (415, 107, 64, 1);
INSERT INTO order_items (id, order_id, product_id, quantity) VALUES (416, 107, 80, 5);
INSERT INTO order_items (id, order_id, product_id, quantity) VALUES (417, 107, 48, 2);
INSERT INTO order_items (id, order_id, product_id, quantity) VALUES (418, 107, 25, 2);
INSERT INTO order_items (id, order_id, product_id, quantity) VALUES (419, 107, 3, 1);
INSERT INTO orders (id, user_id, created_at, coupon_id) VALUES (108, 13, '2025-03-27T07:05:00', 18);
INSERT INTO order_items (id, order_id, product_id, quantity) VALUES (420, 108, 62, 5);
INSERT INTO order_items (id, order_id, product_id, quantity) VALUES (421, 108, 81, 4);
INSERT INTO order_items (id, order_id, product_id, quantity) VALUES (422, 108, 38, 2);
INSERT INTO order_items (id, order_id, product_id, quantity) VALUES (423, 108, 42, 4);
INSERT INTO order_items (id, order_id, product_id, quantity) VALUES (424, 108, 81, 2);
INSERT INTO orders (id, user_id, created_at, coupon_id) VALUES (109, 13, '2025-05-13T14:56:46', NULL);
INSERT INTO order_items (id, order_id, product_id, quantity) VALUES (425, 109, 25, 1);
INSERT INTO order_items (id, order_id, product_id, quantity) VALUES (426, 109, 85, 5);
INSERT INTO orders (id, user_id, created_at, coupon_id) VALUES (110, 14, '2025-01-25T17:42:32', NULL);
INSERT INTO order_items (id, order_id, product_id, quantity) VALUES (427, 110, 36, 4);
INSERT INTO order_items (id, order_id, product_id, quantity) VALUES (428, 110, 37, 2);
INSERT INTO order_items (id, order_id, product_id, quantity) VALUES (429, 110, 69, 4);
INSERT INTO orders (id, user_id, created_at, coupon_id) VALUES (111, 14, '2025-01-27T22:50:49', NULL);
INSERT INTO order_items (id, order_id, product_id, quantity) VALUES (430, 111, 20, 1);
INSERT INTO order_items (id, order_id, product_id, quantity) VALUES (431, 111, 48, 2);
INSERT INTO orders (id, user_id, created_at, coupon_id) VALUES (112, 14, '2025-04-04T07:06:23', NULL);
INSERT INTO order_items (id, order_id, product_id, quantity) VALUES (432, 112, 79, 4);
INSERT INTO orders (id, user_id, created_at, coupon_id) VALUES (113, 14, '2025-03-25T05:41:02', NULL);
INSERT INTO order_items (id, order_id, product_id, quantity) VALUES (433, 113, 97, 1);
INSERT INTO order_items (id, order_id, product_id, quantity) VALUES (434, 113, 48, 5);
INSERT INTO order_items (id, order_id, product_id, quantity) VALUES (435, 113, 98, 5);
INSERT INTO order_items (id, order_id, product_id, quantity) VALUES (436, 113, 6, 5);
INSERT INTO order_items (id, order_id, product_id, quantity) VALUES (437, 113, 51, 3);
INSERT INTO order_items (id, order_id, product_id, quantity) VALUES (438, 113, 84, 1);
INSERT INTO orders (id, user_id, created_at, coupon_id) VALUES (114, 14, '2025-01-27T22:40:59', 7);
INSERT INTO order_items (id, order_id, product_id, quantity) VALUES (439, 114, 99, 3);
INSERT INTO order_items (id, order_id, product_id, quantity) VALUES (440, 114, 83, 4);
INSERT INTO order_items (id, order_id, product_id, quantity) VALUES (441, 114, 32, 4);
INSERT INTO order_items (id, order_id, product_id, quantity) VALUES (442, 114, 76, 3);
INSERT INTO order_items (id, order_id, product_id, quantity) VALUES (443, 114, 26, 5);
INSERT INTO order_items (id, order_id, product_id, quantity) VALUES (444, 114, 43, 3);
INSERT INTO order_items (id, order_id, product_id, quantity) VALUES (445, 114, 62, 5);
INSERT INTO orders (id, user_id, created_at, coupon_id) VALUES (115, 14, '2025-05-11T07:41:13', NULL);
INSERT INTO order_items (id, order_id, product_id, quantity) VALUES (446, 115, 33, 4);
INSERT INTO order_items (id, order_id, product_id, quantity) VALUES (447, 115, 48, 5);
INSERT INTO order_items (id, order_id, product_id, quantity) VALUES (448, 115, 75, 3);
INSERT INTO order_items (id, order_id, product_id, quantity) VALUES (449, 115, 21, 4);
INSERT INTO order_items (id, order_id, product_id, quantity) VALUES (450, 115, 64, 5);
INSERT INTO order_items (id, order_id, product_id, quantity) VALUES (451, 115, 9, 2);
INSERT INTO orders (id, user_id, created_at, coupon_id) VALUES (116, 15, '2025-03-31T12:45:50', NULL);
INSERT INTO order_items (id, order_id, product_id, quantity) VALUES (452, 116, 7, 3);
INSERT INTO order_items (id, order_id, product_id, quantity) VALUES (453, 116, 51, 4);
INSERT INTO order_items (id, order_id, product_id, quantity) VALUES (454, 116, 83, 2);
INSERT INTO order_items (id, order_id, product_id, quantity) VALUES (455, 116, 27, 3);
INSERT INTO order_items (id, order_id, product_id, quantity) VALUES (456, 116, 4, 2);
INSERT INTO order_items (id, order_id, product_id, quantity) VALUES (457, 116, 84, 2);
INSERT INTO orders (id, user_id, created_at, coupon_id) VALUES (117, 15, '2025-05-21T08:03:19', 20);
INSERT INTO order_items (id, order_id, product_id, quantity) VALUES (458, 117, 34, 2);
INSERT INTO order_items (id, order_id, product_id, quantity) VALUES (459, 117, 56, 2);
INSERT INTO orders (id, user_id, created_at, coupon_id) VALUES (118, 15, '2025-01-24T13:45:33', NULL);
INSERT INTO order_items (id, order_id, product_id, quantity) VALUES (460, 118, 49, 4);
INSERT INTO order_items (id, order_id, product_id, quantity) VALUES (461, 118, 96, 2);
INSERT INTO order_items (id, order_id, product_id, quantity) VALUES (462, 118, 1, 1);
INSERT INTO order_items (id, order_id, product_id, quantity) VALUES (463, 118, 95, 5);
INSERT INTO order_items (id, order_id, product_id, quantity) VALUES (464, 118, 91, 5);
INSERT INTO orders (id, user_id, created_at, coupon_id) VALUES (119, 15, '2025-02-23T05:42:08', NULL);
INSERT INTO order_items (id, order_id, product_id, quantity) VALUES (465, 119, 21, 2);
INSERT INTO order_items (id, order_id, product_id, quantity) VALUES (466, 119, 7, 4);
INSERT INTO order_items (id, order_id, product_id, quantity) VALUES (467, 119, 44, 3);
INSERT INTO order_items (id, order_id, product_id, quantity) VALUES (468, 119, 27, 4);
INSERT INTO order_items (id, order_id, product_id, quantity) VALUES (469, 119, 51, 5);
INSERT INTO order_items (id, order_id, product_id, quantity) VALUES (470, 119, 9, 5);
INSERT INTO orders (id, user_id, created_at, coupon_id) VALUES (120, 15, '2025-01-28T04:50:08', NULL);
INSERT INTO order_items (id, order_id, product_id, quantity) VALUES (471, 120, 100, 4);
INSERT INTO order_items (id, order_id, product_id, quantity) VALUES (472, 120, 89, 2);
INSERT INTO order_items (id, order_id, product_id, quantity) VALUES (473, 120, 74, 4);
INSERT INTO order_items (id, order_id, product_id, quantity) VALUES (474, 120, 23, 3);
INSERT INTO order_items (id, order_id, product_id, quantity) VALUES (475, 120, 29, 3);
INSERT INTO order_items (id, order_id, product_id, quantity) VALUES (476, 120, 69, 5);
INSERT INTO orders (id, user_id, created_at, coupon_id) VALUES (121, 15, '2025-06-05T16:46:37', NULL);
INSERT INTO order_items (id, order_id, product_id, quantity) VALUES (477, 121, 24, 4);
INSERT INTO orders (id, user_id, created_at, coupon_id) VALUES (122, 16, '2025-02-18T03:13:05', NULL);
INSERT INTO order_items (id, order_id, product_id, quantity) VALUES (478, 122, 92, 1);
INSERT INTO order_items (id, order_id, product_id, quantity) VALUES (479, 122, 3, 4);
INSERT INTO order_items (id, order_id, product_id, quantity) VALUES (480, 122, 3, 5);
INSERT INTO order_items (id, order_id, product_id, quantity) VALUES (481, 122, 89, 1);
INSERT INTO orders (id, user_id, created_at, coupon_id) VALUES (123, 16, '2025-01-17T12:46:51', NULL);
INSERT INTO order_items (id, order_id, product_id, quantity) VALUES (482, 123, 92, 1);
INSERT INTO order_items (id, order_id, product_id, quantity) VALUES (483, 123, 17, 3);
INSERT INTO orders (id, user_id, created_at, coupon_id) VALUES (124, 16, '2025-01-20T06:02:25', NULL);
INSERT INTO order_items (id, order_id, product_id, quantity) VALUES (484, 124, 31, 2);
INSERT INTO order_items (id, order_id, product_id, quantity) VALUES (485, 124, 97, 2);
INSERT INTO order_items (id, order_id, product_id, quantity) VALUES (486, 124, 57, 1);
INSERT INTO orders (id, user_id, created_at, coupon_id) VALUES (125, 16, '2025-04-29T21:27:38', 17);
INSERT INTO order_items (id, order_id, product_id, quantity) VALUES (487, 125, 62, 3);
INSERT INTO order_items (id, order_id, product_id, quantity) VALUES (488, 125, 71, 2);
INSERT INTO orders (id, user_id, created_at, coupon_id) VALUES (126, 16, '2025-06-12T20:08:27', NULL);
INSERT INTO order_items (id, order_id, product_id, quantity) VALUES (489, 126, 64, 4);
INSERT INTO order_items (id, order_id, product_id, quantity) VALUES (490, 126, 75, 5);
INSERT INTO order_items (id, order_id, product_id, quantity) VALUES (491, 126, 31, 1);
INSERT INTO order_items (id, order_id, product_id, quantity) VALUES (492, 126, 55, 1);
INSERT INTO order_items (id, order_id, product_id, quantity) VALUES (493, 126, 60, 1);
INSERT INTO order_items (id, order_id, product_id, quantity) VALUES (494, 126, 85, 3);
INSERT INTO orders (id, user_id, created_at, coupon_id) VALUES (127, 16, '2025-04-24T10:06:30', NULL);
INSERT INTO order_items (id, order_id, product_id, quantity) VALUES (495, 127, 10, 2);
INSERT INTO order_items (id, order_id, product_id, quantity) VALUES (496, 127, 58, 5);
INSERT INTO order_items (id, order_id, product_id, quantity) VALUES (497, 127, 69, 2);
INSERT INTO order_items (id, order_id, product_id, quantity) VALUES (498, 127, 72, 2);
INSERT INTO order_items (id, order_id, product_id, quantity) VALUES (499, 127, 32, 2);
INSERT INTO order_items (id, order_id, product_id, quantity) VALUES (500, 127, 32, 2);
INSERT INTO orders (id, user_id, created_at, coupon_id) VALUES (128, 16, '2025-02-24T16:06:55', 9);
INSERT INTO order_items (id, order_id, product_id, quantity) VALUES (501, 128, 80, 3);
INSERT INTO order_items (id, order_id, product_id, quantity) VALUES (502, 128, 13, 2);
INSERT INTO order_items (id, order_id, product_id, quantity) VALUES (503, 128, 31, 1);
INSERT INTO order_items (id, order_id, product_id, quantity) VALUES (504, 128, 88, 3);
INSERT INTO order_items (id, order_id, product_id, quantity) VALUES (505, 128, 48, 3);
INSERT INTO order_items (id, order_id, product_id, quantity) VALUES (506, 128, 15, 2);
INSERT INTO order_items (id, order_id, product_id, quantity) VALUES (507, 128, 66, 3);
INSERT INTO orders (id, user_id, created_at, coupon_id) VALUES (129, 16, '2025-03-07T14:34:42', 3);
INSERT INTO order_items (id, order_id, product_id, quantity) VALUES (508, 129, 95, 3);
INSERT INTO order_items (id, order_id, product_id, quantity) VALUES (509, 129, 11, 5);
INSERT INTO order_items (id, order_id, product_id, quantity) VALUES (510, 129, 84, 5);
INSERT INTO order_items (id, order_id, product_id, quantity) VALUES (511, 129, 51, 2);
INSERT INTO order_items (id, order_id, product_id, quantity) VALUES (512, 129, 48, 3);
INSERT INTO order_items (id, order_id, product_id, quantity) VALUES (513, 129, 60, 5);
INSERT INTO orders (id, user_id, created_at, coupon_id) VALUES (130, 16, '2025-01-27T13:59:17', NULL);
INSERT INTO order_items (id, order_id, product_id, quantity) VALUES (514, 130, 63, 1);
INSERT INTO order_items (id, order_id, product_id, quantity) VALUES (515, 130, 10, 1);
INSERT INTO order_items (id, order_id, product_id, quantity) VALUES (516, 130, 14, 1);
INSERT INTO order_items (id, order_id, product_id, quantity) VALUES (517, 130, 61, 4);
INSERT INTO orders (id, user_id, created_at, coupon_id) VALUES (131, 16, '2025-03-03T08:05:05', 17);
INSERT INTO order_items (id, order_id, product_id, quantity) VALUES (518, 131, 95, 1);
INSERT INTO order_items (id, order_id, product_id, quantity) VALUES (519, 131, 71, 2);
INSERT INTO order_items (id, order_id, product_id, quantity) VALUES (520, 131, 45, 2);
INSERT INTO order_items (id, order_id, product_id, quantity) VALUES (521, 131, 17, 5);
INSERT INTO order_items (id, order_id, product_id, quantity) VALUES (522, 131, 21, 5);
INSERT INTO order_items (id, order_id, product_id, quantity) VALUES (523, 131, 75, 3);
INSERT INTO orders (id, user_id, created_at, coupon_id) VALUES (132, 17, '2025-05-14T07:44:06', 15);
INSERT INTO order_items (id, order_id, product_id, quantity) VALUES (524, 132, 12, 3);
INSERT INTO orders (id, user_id, created_at, coupon_id) VALUES (133, 17, '2025-03-26T20:40:32', NULL);
INSERT INTO order_items (id, order_id, product_id, quantity) VALUES (525, 133, 34, 4);
INSERT INTO orders (id, user_id, created_at, coupon_id) VALUES (134, 17, '2025-02-27T09:51:46', NULL);
INSERT INTO order_items (id, order_id, product_id, quantity) VALUES (526, 134, 86, 4);
INSERT INTO order_items (id, order_id, product_id, quantity) VALUES (527, 134, 44, 1);
INSERT INTO order_items (id, order_id, product_id, quantity) VALUES (528, 134, 17, 4);
INSERT INTO order_items (id, order_id, product_id, quantity) VALUES (529, 134, 86, 2);
INSERT INTO order_items (id, order_id, product_id, quantity) VALUES (530, 134, 80, 5);
INSERT INTO order_items (id, order_id, product_id, quantity) VALUES (531, 134, 77, 5);
INSERT INTO order_items (id, order_id, product_id, quantity) VALUES (532, 134, 40, 5);
INSERT INTO orders (id, user_id, created_at, coupon_id) VALUES (135, 17, '2025-01-16T08:08:11', NULL);
INSERT INTO order_items (id, order_id, product_id, quantity) VALUES (533, 135, 64, 5);
INSERT INTO order_items (id, order_id, product_id, quantity) VALUES (534, 135, 37, 2);
INSERT INTO order_items (id, order_id, product_id, quantity) VALUES (535, 135, 26, 2);
INSERT INTO orders (id, user_id, created_at, coupon_id) VALUES (136, 17, '2025-02-17T22:59:04', NULL);
INSERT INTO order_items (id, order_id, product_id, quantity) VALUES (536, 136, 41, 1);
INSERT INTO order_items (id, order_id, product_id, quantity) VALUES (537, 136, 12, 4);
INSERT INTO order_items (id, order_id, product_id, quantity) VALUES (538, 136, 32, 4);
INSERT INTO order_items (id, order_id, product_id, quantity) VALUES (539, 136, 51, 2);
INSERT INTO orders (id, user_id, created_at, coupon_id) VALUES (137, 17, '2025-04-21T01:57:43', NULL);
INSERT INTO order_items (id, order_id, product_id, quantity) VALUES (540, 137, 42, 5);
INSERT INTO order_items (id, order_id, product_id, quantity) VALUES (541, 137, 98, 5);
INSERT INTO order_items (id, order_id, product_id, quantity) VALUES (542, 137, 91, 3);
INSERT INTO orders (id, user_id, created_at, coupon_id) VALUES (138, 17, '2025-05-26T14:09:00', NULL);
INSERT INTO order_items (id, order_id, product_id, quantity) VALUES (543, 138, 76, 5);
INSERT INTO order_items (id, order_id, product_id, quantity) VALUES (544, 138, 94, 1);
INSERT INTO order_items (id, order_id, product_id, quantity) VALUES (545, 138, 93, 5);
INSERT INTO order_items (id, order_id, product_id, quantity) VALUES (546, 138, 14, 4);
INSERT INTO order_items (id, order_id, product_id, quantity) VALUES (547, 138, 88, 2);
INSERT INTO orders (id, user_id, created_at, coupon_id) VALUES (139, 18, '2025-01-11T11:37:28', NULL);
INSERT INTO order_items (id, order_id, product_id, quantity) VALUES (548, 139, 18, 4);
INSERT INTO order_items (id, order_id, product_id, quantity) VALUES (549, 139, 93, 1);
INSERT INTO order_items (id, order_id, product_id, quantity) VALUES (550, 139, 36, 2);
INSERT INTO order_items (id, order_id, product_id, quantity) VALUES (551, 139, 32, 1);
INSERT INTO orders (id, user_id, created_at, coupon_id) VALUES (140, 18, '2025-04-12T20:04:25', 19);
INSERT INTO order_items (id, order_id, product_id, quantity) VALUES (552, 140, 44, 2);
INSERT INTO order_items (id, order_id, product_id, quantity) VALUES (553, 140, 41, 4);
INSERT INTO order_items (id, order_id, product_id, quantity) VALUES (554, 140, 38, 1);
INSERT INTO orders (id, user_id, created_at, coupon_id) VALUES (141, 18, '2025-03-18T09:04:19', NULL);
INSERT INTO order_items (id, order_id, product_id, quantity) VALUES (555, 141, 73, 1);
INSERT INTO order_items (id, order_id, product_id, quantity) VALUES (556, 141, 68, 4);
INSERT INTO order_items (id, order_id, product_id, quantity) VALUES (557, 141, 48, 4);
INSERT INTO order_items (id, order_id, product_id, quantity) VALUES (558, 141, 99, 1);
INSERT INTO order_items (id, order_id, product_id, quantity) VALUES (559, 141, 34, 2);
INSERT INTO order_items (id, order_id, product_id, quantity) VALUES (560, 141, 38, 4);
INSERT INTO order_items (id, order_id, product_id, quantity) VALUES (561, 141, 86, 5);
INSERT INTO orders (id, user_id, created_at, coupon_id) VALUES (142, 18, '2025-03-14T00:45:56', NULL);
INSERT INTO order_items (id, order_id, product_id, quantity) VALUES (562, 142, 27, 2);
INSERT INTO orders (id, user_id, created_at, coupon_id) VALUES (143, 18, '2025-03-24T14:07:59', NULL);
INSERT INTO order_items (id, order_id, product_id, quantity) VALUES (563, 143, 66, 3);
INSERT INTO order_items (id, order_id, product_id, quantity) VALUES (564, 143, 17, 3);
INSERT INTO orders (id, user_id, created_at, coupon_id) VALUES (144, 18, '2025-05-30T23:06:56', 3);
INSERT INTO order_items (id, order_id, product_id, quantity) VALUES (565, 144, 46, 2);
INSERT INTO order_items (id, order_id, product_id, quantity) VALUES (566, 144, 54, 4);
INSERT INTO order_items (id, order_id, product_id, quantity) VALUES (567, 144, 97, 2);
INSERT INTO order_items (id, order_id, product_id, quantity) VALUES (568, 144, 1, 3);
INSERT INTO orders (id, user_id, created_at, coupon_id) VALUES (145, 19, '2025-06-08T22:56:14', NULL);
INSERT INTO order_items (id, order_id, product_id, quantity) VALUES (569, 145, 92, 2);
INSERT INTO order_items (id, order_id, product_id, quantity) VALUES (570, 145, 57, 4);
INSERT INTO order_items (id, order_id, product_id, quantity) VALUES (571, 145, 22, 3);
INSERT INTO order_items (id, order_id, product_id, quantity) VALUES (572, 145, 40, 3);
INSERT INTO order_items (id, order_id, product_id, quantity) VALUES (573, 145, 99, 1);
INSERT INTO order_items (id, order_id, product_id, quantity) VALUES (574, 145, 93, 2);
INSERT INTO order_items (id, order_id, product_id, quantity) VALUES (575, 145, 57, 2);
INSERT INTO orders (id, user_id, created_at, coupon_id) VALUES (146, 19, '2025-05-03T12:31:10', 2);
INSERT INTO order_items (id, order_id, product_id, quantity) VALUES (576, 146, 38, 2);
INSERT INTO order_items (id, order_id, product_id, quantity) VALUES (577, 146, 55, 5);
INSERT INTO order_items (id, order_id, product_id, quantity) VALUES (578, 146, 9, 2);
INSERT INTO orders (id, user_id, created_at, coupon_id) VALUES (147, 19, '2025-01-07T18:36:28', NULL);
INSERT INTO order_items (id, order_id, product_id, quantity) VALUES (579, 147, 22, 1);
INSERT INTO order_items (id, order_id, product_id, quantity) VALUES (580, 147, 71, 2);
INSERT INTO order_items (id, order_id, product_id, quantity) VALUES (581, 147, 16, 2);
INSERT INTO order_items (id, order_id, product_id, quantity) VALUES (582, 147, 23, 5);
INSERT INTO order_items (id, order_id, product_id, quantity) VALUES (583, 147, 71, 5);
INSERT INTO order_items (id, order_id, product_id, quantity) VALUES (584, 147, 67, 1);
INSERT INTO order_items (id, order_id, product_id, quantity) VALUES (585, 147, 8, 1);
INSERT INTO orders (id, user_id, created_at, coupon_id) VALUES (148, 19, '2025-02-20T20:41:11', NULL);
INSERT INTO order_items (id, order_id, product_id, quantity) VALUES (586, 148, 86, 5);
INSERT INTO order_items (id, order_id, product_id, quantity) VALUES (587, 148, 66, 3);
INSERT INTO order_items (id, order_id, product_id, quantity) VALUES (588, 148, 24, 4);
INSERT INTO order_items (id, order_id, product_id, quantity) VALUES (589, 148, 63, 1);
INSERT INTO orders (id, user_id, created_at, coupon_id) VALUES (149, 19, '2025-06-13T23:06:32', 20);
INSERT INTO order_items (id, order_id, product_id, quantity) VALUES (590, 149, 28, 4);
INSERT INTO order_items (id, order_id, product_id, quantity) VALUES (591, 149, 77, 3);
INSERT INTO order_items (id, order_id, product_id, quantity) VALUES (592, 149, 96, 5);
INSERT INTO orders (id, user_id, created_at, coupon_id) VALUES (150, 19, '2025-02-13T09:04:19', NULL);
INSERT INTO order_items (id, order_id, product_id, quantity) VALUES (593, 150, 24, 2);
INSERT INTO order_items (id, order_id, product_id, quantity) VALUES (594, 150, 26, 3);
INSERT INTO order_items (id, order_id, product_id, quantity) VALUES (595, 150, 23, 4);
INSERT INTO order_items (id, order_id, product_id, quantity) VALUES (596, 150, 3, 4);
INSERT INTO order_items (id, order_id, product_id, quantity) VALUES (597, 150, 18, 3);
INSERT INTO orders (id, user_id, created_at, coupon_id) VALUES (151, 19, '2025-02-27T01:55:35', NULL);
INSERT INTO order_items (id, order_id, product_id, quantity) VALUES (598, 151, 69, 4);
INSERT INTO order_items (id, order_id, product_id, quantity) VALUES (599, 151, 93, 3);
INSERT INTO order_items (id, order_id, product_id, quantity) VALUES (600, 151, 19, 1);
INSERT INTO order_items (id, order_id, product_id, quantity) VALUES (601, 151, 99, 2);
INSERT INTO order_items (id, order_id, product_id, quantity) VALUES (602, 151, 75, 4);
INSERT INTO order_items (id, order_id, product_id, quantity) VALUES (603, 151, 90, 3);
INSERT INTO order_items (id, order_id, product_id, quantity) VALUES (604, 151, 10, 2);
INSERT INTO orders (id, user_id, created_at, coupon_id) VALUES (152, 19, '2025-03-31T15:46:01', NULL);
INSERT INTO order_items (id, order_id, product_id, quantity) VALUES (605, 152, 3, 2);
INSERT INTO order_items (id, order_id, product_id, quantity) VALUES (606, 152, 39, 4);
INSERT INTO order_items (id, order_id, product_id, quantity) VALUES (607, 152, 85, 4);
INSERT INTO order_items (id, order_id, product_id, quantity) VALUES (608, 152, 5, 5);
INSERT INTO order_items (id, order_id, product_id, quantity) VALUES (609, 152, 97, 4);
INSERT INTO order_items (id, order_id, product_id, quantity) VALUES (610, 152, 59, 2);
INSERT INTO orders (id, user_id, created_at, coupon_id) VALUES (153, 19, '2025-05-11T02:59:32', NULL);
INSERT INTO order_items (id, order_id, product_id, quantity) VALUES (611, 153, 16, 5);
INSERT INTO order_items (id, order_id, product_id, quantity) VALUES (612, 153, 71, 5);
INSERT INTO order_items (id, order_id, product_id, quantity) VALUES (613, 153, 49, 3);
INSERT INTO order_items (id, order_id, product_id, quantity) VALUES (614, 153, 14, 2);
INSERT INTO orders (id, user_id, created_at, coupon_id) VALUES (154, 20, '2025-04-16T03:18:59', 17);
INSERT INTO order_items (id, order_id, product_id, quantity) VALUES (615, 154, 83, 5);
INSERT INTO order_items (id, order_id, product_id, quantity) VALUES (616, 154, 96, 2);
INSERT INTO order_items (id, order_id, product_id, quantity) VALUES (617, 154, 23, 3);
INSERT INTO order_items (id, order_id, product_id, quantity) VALUES (618, 154, 53, 3);
INSERT INTO order_items (id, order_id, product_id, quantity) VALUES (619, 154, 97, 2);
INSERT INTO order_items (id, order_id, product_id, quantity) VALUES (620, 154, 75, 1);
INSERT INTO order_items (id, order_id, product_id, quantity) VALUES (621, 154, 1, 3);
INSERT INTO orders (id, user_id, created_at, coupon_id) VALUES (155, 20, '2025-02-11T19:27:37', NULL);
INSERT INTO order_items (id, order_id, product_id, quantity) VALUES (622, 155, 86, 1);
INSERT INTO order_items (id, order_id, product_id, quantity) VALUES (623, 155, 2, 3);
INSERT INTO order_items (id, order_id, product_id, quantity) VALUES (624, 155, 86, 4);
INSERT INTO order_items (id, order_id, product_id, quantity) VALUES (625, 155, 53, 5);
INSERT INTO orders (id, user_id, created_at, coupon_id) VALUES (156, 20, '2025-03-30T17:47:57', NULL);
INSERT INTO order_items (id, order_id, product_id, quantity) VALUES (626, 156, 40, 4);
INSERT INTO order_items (id, order_id, product_id, quantity) VALUES (627, 156, 99, 4);
INSERT INTO order_items (id, order_id, product_id, quantity) VALUES (628, 156, 50, 2);
INSERT INTO order_items (id, order_id, product_id, quantity) VALUES (629, 156, 95, 2);
INSERT INTO order_items (id, order_id, product_id, quantity) VALUES (630, 156, 12, 4);
INSERT INTO orders (id, user_id, created_at, coupon_id) VALUES (157, 20, '2025-01-14T20:12:15', NULL);
INSERT INTO order_items (id, order_id, product_id, quantity) VALUES (631, 157, 27, 1);
INSERT INTO order_items (id, order_id, product_id, quantity) VALUES (632, 157, 90, 1);
INSERT INTO order_items (id, order_id, product_id, quantity) VALUES (633, 157, 53, 2);
INSERT INTO orders (id, user_id, created_at, coupon_id) VALUES (158, 20, '2025-02-10T18:21:11', NULL);
INSERT INTO order_items (id, order_id, product_id, quantity) VALUES (634, 158, 29, 3);
INSERT INTO orders (id, user_id, created_at, coupon_id) VALUES (159, 20, '2025-02-12T07:24:52', NULL);
INSERT INTO order_items (id, order_id, product_id, quantity) VALUES (635, 159, 97, 3);
INSERT INTO order_items (id, order_id, product_id, quantity) VALUES (636, 159, 74, 2);
INSERT INTO order_items (id, order_id, product_id, quantity) VALUES (637, 159, 40, 5);
INSERT INTO order_items (id, order_id, product_id, quantity) VALUES (638, 159, 22, 5);
INSERT INTO order_items (id, order_id, product_id, quantity) VALUES (639, 159, 62, 5);
INSERT INTO orders (id, user_id, created_at, coupon_id) VALUES (160, 21, '2025-05-12T20:52:49', NULL);
INSERT INTO order_items (id, order_id, product_id, quantity) VALUES (640, 160, 50, 1);
INSERT INTO order_items (id, order_id, product_id, quantity) VALUES (641, 160, 84, 1);
INSERT INTO order_items (id, order_id, product_id, quantity) VALUES (642, 160, 70, 1);
INSERT INTO orders (id, user_id, created_at, coupon_id) VALUES (161, 21, '2025-02-02T17:04:03', NULL);
INSERT INTO order_items (id, order_id, product_id, quantity) VALUES (643, 161, 34, 1);
INSERT INTO orders (id, user_id, created_at, coupon_id) VALUES (162, 21, '2025-04-10T11:12:34', NULL);
INSERT INTO order_items (id, order_id, product_id, quantity) VALUES (644, 162, 69, 5);
INSERT INTO orders (id, user_id, created_at, coupon_id) VALUES (163, 21, '2025-05-13T22:00:42', NULL);
INSERT INTO order_items (id, order_id, product_id, quantity) VALUES (645, 163, 67, 1);
INSERT INTO order_items (id, order_id, product_id, quantity) VALUES (646, 163, 17, 3);
INSERT INTO order_items (id, order_id, product_id, quantity) VALUES (647, 163, 34, 3);
INSERT INTO order_items (id, order_id, product_id, quantity) VALUES (648, 163, 70, 4);
INSERT INTO orders (id, user_id, created_at, coupon_id) VALUES (164, 21, '2025-02-28T08:51:46', NULL);
INSERT INTO order_items (id, order_id, product_id, quantity) VALUES (649, 164, 72, 2);
INSERT INTO order_items (id, order_id, product_id, quantity) VALUES (650, 164, 28, 5);
INSERT INTO orders (id, user_id, created_at, coupon_id) VALUES (165, 22, '2025-01-26T12:30:58', NULL);
INSERT INTO order_items (id, order_id, product_id, quantity) VALUES (651, 165, 3, 2);
INSERT INTO order_items (id, order_id, product_id, quantity) VALUES (652, 165, 35, 4);
INSERT INTO orders (id, user_id, created_at, coupon_id) VALUES (166, 22, '2025-03-02T21:20:40', NULL);
INSERT INTO order_items (id, order_id, product_id, quantity) VALUES (653, 166, 44, 3);
INSERT INTO orders (id, user_id, created_at, coupon_id) VALUES (167, 22, '2025-02-05T19:48:29', NULL);
INSERT INTO order_items (id, order_id, product_id, quantity) VALUES (654, 167, 26, 4);
INSERT INTO orders (id, user_id, created_at, coupon_id) VALUES (168, 22, '2025-02-25T00:10:32', 12);
INSERT INTO order_items (id, order_id, product_id, quantity) VALUES (655, 168, 46, 3);
INSERT INTO order_items (id, order_id, product_id, quantity) VALUES (656, 168, 42, 5);
INSERT INTO order_items (id, order_id, product_id, quantity) VALUES (657, 168, 47, 5);
INSERT INTO order_items (id, order_id, product_id, quantity) VALUES (658, 168, 94, 1);
INSERT INTO order_items (id, order_id, product_id, quantity) VALUES (659, 168, 15, 5);
INSERT INTO order_items (id, order_id, product_id, quantity) VALUES (660, 168, 23, 3);
INSERT INTO orders (id, user_id, created_at, coupon_id) VALUES (169, 22, '2025-01-16T17:07:37', NULL);
INSERT INTO order_items (id, order_id, product_id, quantity) VALUES (661, 169, 90, 3);
INSERT INTO order_items (id, order_id, product_id, quantity) VALUES (662, 169, 86, 2);
INSERT INTO order_items (id, order_id, product_id, quantity) VALUES (663, 169, 61, 3);
INSERT INTO order_items (id, order_id, product_id, quantity) VALUES (664, 169, 91, 5);
INSERT INTO order_items (id, order_id, product_id, quantity) VALUES (665, 169, 97, 5);
INSERT INTO orders (id, user_id, created_at, coupon_id) VALUES (170, 22, '2025-03-20T09:26:08', NULL);
INSERT INTO order_items (id, order_id, product_id, quantity) VALUES (666, 170, 42, 4);
INSERT INTO order_items (id, order_id, product_id, quantity) VALUES (667, 170, 98, 5);
INSERT INTO orders (id, user_id, created_at, coupon_id) VALUES (171, 22, '2025-03-11T05:22:19', NULL);
INSERT INTO order_items (id, order_id, product_id, quantity) VALUES (668, 171, 55, 3);
INSERT INTO order_items (id, order_id, product_id, quantity) VALUES (669, 171, 98, 4);
INSERT INTO order_items (id, order_id, product_id, quantity) VALUES (670, 171, 63, 1);
INSERT INTO order_items (id, order_id, product_id, quantity) VALUES (671, 171, 76, 5);
INSERT INTO order_items (id, order_id, product_id, quantity) VALUES (672, 171, 83, 1);
INSERT INTO order_items (id, order_id, product_id, quantity) VALUES (673, 171, 49, 5);
INSERT INTO orders (id, user_id, created_at, coupon_id) VALUES (172, 22, '2025-06-09T15:17:16', 10);
INSERT INTO order_items (id, order_id, product_id, quantity) VALUES (674, 172, 9, 3);
INSERT INTO order_items (id, order_id, product_id, quantity) VALUES (675, 172, 37, 1);
INSERT INTO order_items (id, order_id, product_id, quantity) VALUES (676, 172, 16, 2);
INSERT INTO order_items (id, order_id, product_id, quantity) VALUES (677, 172, 64, 3);
INSERT INTO orders (id, user_id, created_at, coupon_id) VALUES (173, 23, '2025-02-15T17:00:29', NULL);
INSERT INTO order_items (id, order_id, product_id, quantity) VALUES (678, 173, 47, 1);
INSERT INTO order_items (id, order_id, product_id, quantity) VALUES (679, 173, 81, 2);
INSERT INTO order_items (id, order_id, product_id, quantity) VALUES (680, 173, 46, 1);
INSERT INTO order_items (id, order_id, product_id, quantity) VALUES (681, 173, 56, 1);
INSERT INTO order_items (id, order_id, product_id, quantity) VALUES (682, 173, 86, 4);
INSERT INTO order_items (id, order_id, product_id, quantity) VALUES (683, 173, 7, 4);
INSERT INTO orders (id, user_id, created_at, coupon_id) VALUES (174, 23, '2025-03-23T04:04:42', NULL);
INSERT INTO order_items (id, order_id, product_id, quantity) VALUES (684, 174, 66, 2);
INSERT INTO order_items (id, order_id, product_id, quantity) VALUES (685, 174, 8, 2);
INSERT INTO orders (id, user_id, created_at, coupon_id) VALUES (175, 23, '2025-05-22T16:42:04', NULL);
INSERT INTO order_items (id, order_id, product_id, quantity) VALUES (686, 175, 6, 1);
INSERT INTO order_items (id, order_id, product_id, quantity) VALUES (687, 175, 71, 2);
INSERT INTO orders (id, user_id, created_at, coupon_id) VALUES (176, 23, '2025-06-08T03:03:48', NULL);
INSERT INTO order_items (id, order_id, product_id, quantity) VALUES (688, 176, 44, 1);
INSERT INTO order_items (id, order_id, product_id, quantity) VALUES (689, 176, 69, 2);
INSERT INTO orders (id, user_id, created_at, coupon_id) VALUES (177, 23, '2025-03-29T03:57:27', NULL);
INSERT INTO order_items (id, order_id, product_id, quantity) VALUES (690, 177, 45, 2);
INSERT INTO order_items (id, order_id, product_id, quantity) VALUES (691, 177, 42, 1);
INSERT INTO order_items (id, order_id, product_id, quantity) VALUES (692, 177, 18, 4);
INSERT INTO order_items (id, order_id, product_id, quantity) VALUES (693, 177, 31, 5);
INSERT INTO orders (id, user_id, created_at, coupon_id) VALUES (178, 23, '2025-05-27T01:45:16', 9);
INSERT INTO order_items (id, order_id, product_id, quantity) VALUES (694, 178, 9, 5);
INSERT INTO order_items (id, order_id, product_id, quantity) VALUES (695, 178, 9, 1);
INSERT INTO order_items (id, order_id, product_id, quantity) VALUES (696, 178, 71, 5);
INSERT INTO order_items (id, order_id, product_id, quantity) VALUES (697, 178, 12, 3);
INSERT INTO order_items (id, order_id, product_id, quantity) VALUES (698, 178, 20, 4);
INSERT INTO orders (id, user_id, created_at, coupon_id) VALUES (179, 24, '2025-01-31T20:07:04', NULL);
INSERT INTO order_items (id, order_id, product_id, quantity) VALUES (699, 179, 7, 2);
INSERT INTO orders (id, user_id, created_at, coupon_id) VALUES (180, 24, '2025-01-02T12:17:33', 6);
INSERT INTO order_items (id, order_id, product_id, quantity) VALUES (700, 180, 50, 2);
INSERT INTO orders (id, user_id, created_at, coupon_id) VALUES (181, 24, '2025-02-26T07:17:31', NULL);
INSERT INTO order_items (id, order_id, product_id, quantity) VALUES (701, 181, 11, 3);
INSERT INTO order_items (id, order_id, product_id, quantity) VALUES (702, 181, 77, 1);
INSERT INTO order_items (id, order_id, product_id, quantity) VALUES (703, 181, 52, 4);
INSERT INTO order_items (id, order_id, product_id, quantity) VALUES (704, 181, 100, 5);
INSERT INTO order_items (id, order_id, product_id, quantity) VALUES (705, 181, 59, 4);
INSERT INTO order_items (id, order_id, product_id, quantity) VALUES (706, 181, 40, 1);
INSERT INTO order_items (id, order_id, product_id, quantity) VALUES (707, 181, 17, 4);
INSERT INTO orders (id, user_id, created_at, coupon_id) VALUES (182, 24, '2025-04-08T19:41:05', NULL);
INSERT INTO order_items (id, order_id, product_id, quantity) VALUES (708, 182, 15, 5);
INSERT INTO order_items (id, order_id, product_id, quantity) VALUES (709, 182, 55, 3);
INSERT INTO orders (id, user_id, created_at, coupon_id) VALUES (183, 24, '2025-04-30T20:31:05', NULL);
INSERT INTO order_items (id, order_id, product_id, quantity) VALUES (710, 183, 42, 3);
INSERT INTO order_items (id, order_id, product_id, quantity) VALUES (711, 183, 18, 3);
INSERT INTO order_items (id, order_id, product_id, quantity) VALUES (712, 183, 14, 1);
INSERT INTO order_items (id, order_id, product_id, quantity) VALUES (713, 183, 97, 4);
INSERT INTO orders (id, user_id, created_at, coupon_id) VALUES (184, 24, '2025-01-02T11:55:03', NULL);
INSERT INTO order_items (id, order_id, product_id, quantity) VALUES (714, 184, 67, 3);
INSERT INTO order_items (id, order_id, product_id, quantity) VALUES (715, 184, 69, 3);
INSERT INTO order_items (id, order_id, product_id, quantity) VALUES (716, 184, 41, 4);
INSERT INTO order_items (id, order_id, product_id, quantity) VALUES (717, 184, 73, 1);
INSERT INTO orders (id, user_id, created_at, coupon_id) VALUES (185, 24, '2025-05-20T01:40:00', NULL);
INSERT INTO order_items (id, order_id, product_id, quantity) VALUES (718, 185, 24, 4);
INSERT INTO orders (id, user_id, created_at, coupon_id) VALUES (186, 24, '2025-02-13T02:15:07', NULL);
INSERT INTO order_items (id, order_id, product_id, quantity) VALUES (719, 186, 49, 4);
INSERT INTO order_items (id, order_id, product_id, quantity) VALUES (720, 186, 67, 3);
INSERT INTO order_items (id, order_id, product_id, quantity) VALUES (721, 186, 40, 3);
INSERT INTO order_items (id, order_id, product_id, quantity) VALUES (722, 186, 66, 4);
INSERT INTO order_items (id, order_id, product_id, quantity) VALUES (723, 186, 29, 5);
INSERT INTO order_items (id, order_id, product_id, quantity) VALUES (724, 186, 61, 3);
INSERT INTO orders (id, user_id, created_at, coupon_id) VALUES (187, 24, '2025-03-27T01:29:51', NULL);
INSERT INTO order_items (id, order_id, product_id, quantity) VALUES (725, 187, 36, 3);
INSERT INTO orders (id, user_id, created_at, coupon_id) VALUES (188, 25, '2025-03-26T15:08:18', NULL);
INSERT INTO order_items (id, order_id, product_id, quantity) VALUES (726, 188, 28, 5);
INSERT INTO orders (id, user_id, created_at, coupon_id) VALUES (189, 25, '2025-02-03T05:05:51', NULL);
INSERT INTO order_items (id, order_id, product_id, quantity) VALUES (727, 189, 90, 4);
INSERT INTO order_items (id, order_id, product_id, quantity) VALUES (728, 189, 93, 1);
INSERT INTO order_items (id, order_id, product_id, quantity) VALUES (729, 189, 62, 2);
INSERT INTO order_items (id, order_id, product_id, quantity) VALUES (730, 189, 58, 3);
INSERT INTO order_items (id, order_id, product_id, quantity) VALUES (731, 189, 8, 1);
INSERT INTO order_items (id, order_id, product_id, quantity) VALUES (732, 189, 58, 1);
INSERT INTO order_items (id, order_id, product_id, quantity) VALUES (733, 189, 40, 1);
INSERT INTO orders (id, user_id, created_at, coupon_id) VALUES (190, 25, '2025-06-08T00:43:10', NULL);
INSERT INTO order_items (id, order_id, product_id, quantity) VALUES (734, 190, 42, 2);
INSERT INTO order_items (id, order_id, product_id, quantity) VALUES (735, 190, 36, 2);
INSERT INTO orders (id, user_id, created_at, coupon_id) VALUES (191, 25, '2025-02-27T12:18:55', NULL);
INSERT INTO order_items (id, order_id, product_id, quantity) VALUES (736, 191, 96, 2);
INSERT INTO orders (id, user_id, created_at, coupon_id) VALUES (192, 25, '2025-03-02T15:01:09', NULL);
INSERT INTO order_items (id, order_id, product_id, quantity) VALUES (737, 192, 47, 3);
INSERT INTO orders (id, user_id, created_at, coupon_id) VALUES (193, 25, '2025-02-28T03:22:01', NULL);
INSERT INTO order_items (id, order_id, product_id, quantity) VALUES (738, 193, 79, 5);
INSERT INTO order_items (id, order_id, product_id, quantity) VALUES (739, 193, 49, 4);
INSERT INTO orders (id, user_id, created_at, coupon_id) VALUES (194, 26, '2025-05-30T11:11:36', NULL);
INSERT INTO order_items (id, order_id, product_id, quantity) VALUES (740, 194, 11, 3);
INSERT INTO order_items (id, order_id, product_id, quantity) VALUES (741, 194, 34, 2);
INSERT INTO order_items (id, order_id, product_id, quantity) VALUES (742, 194, 98, 4);
INSERT INTO order_items (id, order_id, product_id, quantity) VALUES (743, 194, 35, 5);
INSERT INTO order_items (id, order_id, product_id, quantity) VALUES (744, 194, 87, 1);
INSERT INTO orders (id, user_id, created_at, coupon_id) VALUES (195, 26, '2025-06-01T13:39:36', 8);
INSERT INTO order_items (id, order_id, product_id, quantity) VALUES (745, 195, 60, 1);
INSERT INTO order_items (id, order_id, product_id, quantity) VALUES (746, 195, 99, 2);
INSERT INTO order_items (id, order_id, product_id, quantity) VALUES (747, 195, 17, 4);
INSERT INTO order_items (id, order_id, product_id, quantity) VALUES (748, 195, 84, 5);
INSERT INTO order_items (id, order_id, product_id, quantity) VALUES (749, 195, 9, 3);
INSERT INTO orders (id, user_id, created_at, coupon_id) VALUES (196, 26, '2025-01-11T20:28:41', NULL);
INSERT INTO order_items (id, order_id, product_id, quantity) VALUES (750, 196, 7, 1);
INSERT INTO order_items (id, order_id, product_id, quantity) VALUES (751, 196, 88, 5);
INSERT INTO order_items (id, order_id, product_id, quantity) VALUES (752, 196, 25, 2);
INSERT INTO orders (id, user_id, created_at, coupon_id) VALUES (197, 26, '2025-05-21T23:23:56', NULL);
INSERT INTO order_items (id, order_id, product_id, quantity) VALUES (753, 197, 35, 3);
INSERT INTO order_items (id, order_id, product_id, quantity) VALUES (754, 197, 46, 5);
INSERT INTO order_items (id, order_id, product_id, quantity) VALUES (755, 197, 44, 4);
INSERT INTO order_items (id, order_id, product_id, quantity) VALUES (756, 197, 80, 4);
INSERT INTO order_items (id, order_id, product_id, quantity) VALUES (757, 197, 35, 5);
INSERT INTO orders (id, user_id, created_at, coupon_id) VALUES (198, 26, '2025-02-15T20:11:57', 14);
INSERT INTO order_items (id, order_id, product_id, quantity) VALUES (758, 198, 7, 2);
INSERT INTO order_items (id, order_id, product_id, quantity) VALUES (759, 198, 86, 3);
INSERT INTO order_items (id, order_id, product_id, quantity) VALUES (760, 198, 54, 2);
INSERT INTO orders (id, user_id, created_at, coupon_id) VALUES (199, 26, '2025-03-27T20:24:58', NULL);
INSERT INTO order_items (id, order_id, product_id, quantity) VALUES (761, 199, 17, 2);
INSERT INTO order_items (id, order_id, product_id, quantity) VALUES (762, 199, 22, 5);
INSERT INTO order_items (id, order_id, product_id, quantity) VALUES (763, 199, 44, 3);
INSERT INTO order_items (id, order_id, product_id, quantity) VALUES (764, 199, 25, 4);
INSERT INTO orders (id, user_id, created_at, coupon_id) VALUES (200, 26, '2025-02-13T19:29:45', NULL);
INSERT INTO order_items (id, order_id, product_id, quantity) VALUES (765, 200, 72, 5);
INSERT INTO order_items (id, order_id, product_id, quantity) VALUES (766, 200, 81, 5);
INSERT INTO order_items (id, order_id, product_id, quantity) VALUES (767, 200, 46, 3);
INSERT INTO orders (id, user_id, created_at, coupon_id) VALUES (201, 27, '2025-01-01T00:32:53', NULL);
INSERT INTO order_items (id, order_id, product_id, quantity) VALUES (768, 201, 68, 2);
INSERT INTO order_items (id, order_id, product_id, quantity) VALUES (769, 201, 7, 3);
INSERT INTO order_items (id, order_id, product_id, quantity) VALUES (770, 201, 87, 1);
INSERT INTO order_items (id, order_id, product_id, quantity) VALUES (771, 201, 23, 4);
INSERT INTO order_items (id, order_id, product_id, quantity) VALUES (772, 201, 6, 2);
INSERT INTO order_items (id, order_id, product_id, quantity) VALUES (773, 201, 83, 1);
INSERT INTO orders (id, user_id, created_at, coupon_id) VALUES (202, 27, '2025-01-08T17:43:46', 5);
INSERT INTO order_items (id, order_id, product_id, quantity) VALUES (774, 202, 29, 4);
INSERT INTO order_items (id, order_id, product_id, quantity) VALUES (775, 202, 21, 1);
INSERT INTO orders (id, user_id, created_at, coupon_id) VALUES (203, 27, '2025-03-12T17:39:38', NULL);
INSERT INTO order_items (id, order_id, product_id, quantity) VALUES (776, 203, 30, 5);
INSERT INTO order_items (id, order_id, product_id, quantity) VALUES (777, 203, 65, 1);
INSERT INTO order_items (id, order_id, product_id, quantity) VALUES (778, 203, 2, 5);
INSERT INTO order_items (id, order_id, product_id, quantity) VALUES (779, 203, 67, 2);
INSERT INTO order_items (id, order_id, product_id, quantity) VALUES (780, 203, 22, 1);
INSERT INTO order_items (id, order_id, product_id, quantity) VALUES (781, 203, 51, 5);
INSERT INTO orders (id, user_id, created_at, coupon_id) VALUES (204, 27, '2025-02-26T22:31:15', NULL);
INSERT INTO order_items (id, order_id, product_id, quantity) VALUES (782, 204, 64, 2);
INSERT INTO order_items (id, order_id, product_id, quantity) VALUES (783, 204, 5, 1);
INSERT INTO orders (id, user_id, created_at, coupon_id) VALUES (205, 27, '2025-06-13T12:35:15', NULL);
INSERT INTO order_items (id, order_id, product_id, quantity) VALUES (784, 205, 31, 1);
INSERT INTO order_items (id, order_id, product_id, quantity) VALUES (785, 205, 85, 5);
INSERT INTO order_items (id, order_id, product_id, quantity) VALUES (786, 205, 97, 4);
INSERT INTO orders (id, user_id, created_at, coupon_id) VALUES (206, 27, '2025-01-28T15:41:47', NULL);
INSERT INTO order_items (id, order_id, product_id, quantity) VALUES (787, 206, 44, 5);
INSERT INTO order_items (id, order_id, product_id, quantity) VALUES (788, 206, 5, 1);
INSERT INTO order_items (id, order_id, product_id, quantity) VALUES (789, 206, 90, 1);
INSERT INTO orders (id, user_id, created_at, coupon_id) VALUES (207, 27, '2025-03-24T04:43:01', NULL);
INSERT INTO order_items (id, order_id, product_id, quantity) VALUES (790, 207, 36, 5);
INSERT INTO order_items (id, order_id, product_id, quantity) VALUES (791, 207, 69, 4);
INSERT INTO order_items (id, order_id, product_id, quantity) VALUES (792, 207, 35, 1);
INSERT INTO order_items (id, order_id, product_id, quantity) VALUES (793, 207, 62, 5);
INSERT INTO order_items (id, order_id, product_id, quantity) VALUES (794, 207, 69, 3);
INSERT INTO orders (id, user_id, created_at, coupon_id) VALUES (208, 28, '2025-06-13T17:29:02', NULL);
INSERT INTO order_items (id, order_id, product_id, quantity) VALUES (795, 208, 41, 3);
INSERT INTO orders (id, user_id, created_at, coupon_id) VALUES (209, 28, '2025-05-25T18:42:03', NULL);
INSERT INTO order_items (id, order_id, product_id, quantity) VALUES (796, 209, 71, 3);
INSERT INTO order_items (id, order_id, product_id, quantity) VALUES (797, 209, 17, 1);
INSERT INTO order_items (id, order_id, product_id, quantity) VALUES (798, 209, 53, 1);
INSERT INTO orders (id, user_id, created_at, coupon_id) VALUES (210, 28, '2025-05-10T12:05:44', NULL);
INSERT INTO order_items (id, order_id, product_id, quantity) VALUES (799, 210, 57, 1);
INSERT INTO order_items (id, order_id, product_id, quantity) VALUES (800, 210, 61, 4);
INSERT INTO order_items (id, order_id, product_id, quantity) VALUES (801, 210, 82, 5);
INSERT INTO order_items (id, order_id, product_id, quantity) VALUES (802, 210, 22, 4);
INSERT INTO order_items (id, order_id, product_id, quantity) VALUES (803, 210, 81, 4);
INSERT INTO order_items (id, order_id, product_id, quantity) VALUES (804, 210, 76, 3);
INSERT INTO order_items (id, order_id, product_id, quantity) VALUES (805, 210, 91, 5);
INSERT INTO orders (id, user_id, created_at, coupon_id) VALUES (211, 28, '2025-06-11T05:38:03', NULL);
INSERT INTO order_items (id, order_id, product_id, quantity) VALUES (806, 211, 69, 3);
INSERT INTO order_items (id, order_id, product_id, quantity) VALUES (807, 211, 43, 3);
INSERT INTO order_items (id, order_id, product_id, quantity) VALUES (808, 211, 92, 5);
INSERT INTO order_items (id, order_id, product_id, quantity) VALUES (809, 211, 38, 5);
INSERT INTO orders (id, user_id, created_at, coupon_id) VALUES (212, 28, '2025-04-22T12:44:48', NULL);
INSERT INTO order_items (id, order_id, product_id, quantity) VALUES (810, 212, 41, 5);
INSERT INTO order_items (id, order_id, product_id, quantity) VALUES (811, 212, 36, 4);
INSERT INTO order_items (id, order_id, product_id, quantity) VALUES (812, 212, 97, 2);
INSERT INTO order_items (id, order_id, product_id, quantity) VALUES (813, 212, 97, 5);
INSERT INTO order_items (id, order_id, product_id, quantity) VALUES (814, 212, 21, 5);
INSERT INTO orders (id, user_id, created_at, coupon_id) VALUES (213, 28, '2025-01-13T11:24:34', NULL);
INSERT INTO order_items (id, order_id, product_id, quantity) VALUES (815, 213, 24, 3);
INSERT INTO order_items (id, order_id, product_id, quantity) VALUES (816, 213, 13, 5);
INSERT INTO order_items (id, order_id, product_id, quantity) VALUES (817, 213, 62, 3);
INSERT INTO order_items (id, order_id, product_id, quantity) VALUES (818, 213, 11, 3);
INSERT INTO order_items (id, order_id, product_id, quantity) VALUES (819, 213, 42, 5);
INSERT INTO order_items (id, order_id, product_id, quantity) VALUES (820, 213, 14, 3);
INSERT INTO orders (id, user_id, created_at, coupon_id) VALUES (214, 28, '2025-02-07T13:19:54', NULL);
INSERT INTO order_items (id, order_id, product_id, quantity) VALUES (821, 214, 21, 5);
INSERT INTO order_items (id, order_id, product_id, quantity) VALUES (822, 214, 36, 3);
INSERT INTO order_items (id, order_id, product_id, quantity) VALUES (823, 214, 1, 4);
INSERT INTO order_items (id, order_id, product_id, quantity) VALUES (824, 214, 34, 1);
INSERT INTO order_items (id, order_id, product_id, quantity) VALUES (825, 214, 71, 3);
INSERT INTO order_items (id, order_id, product_id, quantity) VALUES (826, 214, 19, 4);
INSERT INTO order_items (id, order_id, product_id, quantity) VALUES (827, 214, 95, 1);
INSERT INTO orders (id, user_id, created_at, coupon_id) VALUES (215, 28, '2025-05-29T13:40:10', NULL);
INSERT INTO order_items (id, order_id, product_id, quantity) VALUES (828, 215, 79, 4);
INSERT INTO order_items (id, order_id, product_id, quantity) VALUES (829, 215, 85, 1);
INSERT INTO order_items (id, order_id, product_id, quantity) VALUES (830, 215, 68, 5);
INSERT INTO order_items (id, order_id, product_id, quantity) VALUES (831, 215, 35, 2);
INSERT INTO order_items (id, order_id, product_id, quantity) VALUES (832, 215, 84, 2);
INSERT INTO order_items (id, order_id, product_id, quantity) VALUES (833, 215, 74, 2);
INSERT INTO orders (id, user_id, created_at, coupon_id) VALUES (216, 28, '2025-03-31T06:27:14', NULL);
INSERT INTO order_items (id, order_id, product_id, quantity) VALUES (834, 216, 11, 3);
INSERT INTO order_items (id, order_id, product_id, quantity) VALUES (835, 216, 100, 1);
INSERT INTO order_items (id, order_id, product_id, quantity) VALUES (836, 216, 1, 4);
INSERT INTO order_items (id, order_id, product_id, quantity) VALUES (837, 216, 80, 3);
INSERT INTO orders (id, user_id, created_at, coupon_id) VALUES (217, 28, '2025-06-11T03:43:07', NULL);
INSERT INTO order_items (id, order_id, product_id, quantity) VALUES (838, 217, 75, 4);
INSERT INTO orders (id, user_id, created_at, coupon_id) VALUES (218, 29, '2025-02-02T16:31:40', NULL);
INSERT INTO order_items (id, order_id, product_id, quantity) VALUES (839, 218, 31, 3);
INSERT INTO order_items (id, order_id, product_id, quantity) VALUES (840, 218, 9, 3);
INSERT INTO order_items (id, order_id, product_id, quantity) VALUES (841, 218, 77, 4);
INSERT INTO orders (id, user_id, created_at, coupon_id) VALUES (219, 29, '2025-01-05T07:06:54', NULL);
INSERT INTO order_items (id, order_id, product_id, quantity) VALUES (842, 219, 30, 3);
INSERT INTO order_items (id, order_id, product_id, quantity) VALUES (843, 219, 86, 2);
INSERT INTO order_items (id, order_id, product_id, quantity) VALUES (844, 219, 13, 3);
INSERT INTO order_items (id, order_id, product_id, quantity) VALUES (845, 219, 65, 3);
INSERT INTO order_items (id, order_id, product_id, quantity) VALUES (846, 219, 36, 5);
INSERT INTO order_items (id, order_id, product_id, quantity) VALUES (847, 219, 90, 3);
INSERT INTO orders (id, user_id, created_at, coupon_id) VALUES (220, 29, '2025-06-07T20:31:56', NULL);
INSERT INTO order_items (id, order_id, product_id, quantity) VALUES (848, 220, 18, 4);
INSERT INTO orders (id, user_id, created_at, coupon_id) VALUES (221, 29, '2025-04-18T05:03:43', NULL);
INSERT INTO order_items (id, order_id, product_id, quantity) VALUES (849, 221, 19, 1);
INSERT INTO order_items (id, order_id, product_id, quantity) VALUES (850, 221, 75, 4);
INSERT INTO order_items (id, order_id, product_id, quantity) VALUES (851, 221, 11, 4);
INSERT INTO orders (id, user_id, created_at, coupon_id) VALUES (222, 29, '2025-01-29T16:38:16', 8);
INSERT INTO order_items (id, order_id, product_id, quantity) VALUES (852, 222, 49, 1);
INSERT INTO order_items (id, order_id, product_id, quantity) VALUES (853, 222, 10, 2);
INSERT INTO order_items (id, order_id, product_id, quantity) VALUES (854, 222, 73, 3);
INSERT INTO order_items (id, order_id, product_id, quantity) VALUES (855, 222, 45, 4);
INSERT INTO orders (id, user_id, created_at, coupon_id) VALUES (223, 29, '2025-01-24T20:53:19', 7);
INSERT INTO order_items (id, order_id, product_id, quantity) VALUES (856, 223, 98, 4);
INSERT INTO order_items (id, order_id, product_id, quantity) VALUES (857, 223, 63, 5);
INSERT INTO order_items (id, order_id, product_id, quantity) VALUES (858, 223, 96, 4);
INSERT INTO order_items (id, order_id, product_id, quantity) VALUES (859, 223, 29, 4);
INSERT INTO orders (id, user_id, created_at, coupon_id) VALUES (224, 29, '2025-01-29T04:58:39', NULL);
INSERT INTO order_items (id, order_id, product_id, quantity) VALUES (860, 224, 93, 3);
INSERT INTO order_items (id, order_id, product_id, quantity) VALUES (861, 224, 56, 4);
INSERT INTO order_items (id, order_id, product_id, quantity) VALUES (862, 224, 10, 4);
INSERT INTO order_items (id, order_id, product_id, quantity) VALUES (863, 224, 62, 3);
INSERT INTO order_items (id, order_id, product_id, quantity) VALUES (864, 224, 29, 2);
INSERT INTO order_items (id, order_id, product_id, quantity) VALUES (865, 224, 92, 4);
INSERT INTO order_items (id, order_id, product_id, quantity) VALUES (866, 224, 83, 5);
INSERT INTO orders (id, user_id, created_at, coupon_id) VALUES (225, 29, '2025-02-04T13:52:51', NULL);
INSERT INTO order_items (id, order_id, product_id, quantity) VALUES (867, 225, 39, 1);
INSERT INTO order_items (id, order_id, product_id, quantity) VALUES (868, 225, 59, 5);
INSERT INTO order_items (id, order_id, product_id, quantity) VALUES (869, 225, 78, 5);
INSERT INTO order_items (id, order_id, product_id, quantity) VALUES (870, 225, 37, 4);
INSERT INTO orders (id, user_id, created_at, coupon_id) VALUES (226, 29, '2025-06-02T10:28:10', NULL);
INSERT INTO order_items (id, order_id, product_id, quantity) VALUES (871, 226, 15, 3);
INSERT INTO order_items (id, order_id, product_id, quantity) VALUES (872, 226, 49, 1);
INSERT INTO order_items (id, order_id, product_id, quantity) VALUES (873, 226, 76, 3);
INSERT INTO order_items (id, order_id, product_id, quantity) VALUES (874, 226, 5, 1);
INSERT INTO order_items (id, order_id, product_id, quantity) VALUES (875, 226, 4, 1);
INSERT INTO orders (id, user_id, created_at, coupon_id) VALUES (227, 30, '2025-04-18T11:52:36', NULL);
INSERT INTO order_items (id, order_id, product_id, quantity) VALUES (876, 227, 13, 2);
INSERT INTO order_items (id, order_id, product_id, quantity) VALUES (877, 227, 78, 5);
INSERT INTO order_items (id, order_id, product_id, quantity) VALUES (878, 227, 7, 2);
INSERT INTO order_items (id, order_id, product_id, quantity) VALUES (879, 227, 94, 4);
INSERT INTO order_items (id, order_id, product_id, quantity) VALUES (880, 227, 81, 1);
INSERT INTO orders (id, user_id, created_at, coupon_id) VALUES (228, 30, '2025-04-17T09:14:04', NULL);
INSERT INTO order_items (id, order_id, product_id, quantity) VALUES (881, 228, 15, 1);
INSERT INTO order_items (id, order_id, product_id, quantity) VALUES (882, 228, 48, 4);
INSERT INTO order_items (id, order_id, product_id, quantity) VALUES (883, 228, 23, 1);
INSERT INTO order_items (id, order_id, product_id, quantity) VALUES (884, 228, 10, 2);
INSERT INTO order_items (id, order_id, product_id, quantity) VALUES (885, 228, 93, 1);
INSERT INTO order_items (id, order_id, product_id, quantity) VALUES (886, 228, 95, 3);
INSERT INTO order_items (id, order_id, product_id, quantity) VALUES (887, 228, 96, 2);
INSERT INTO orders (id, user_id, created_at, coupon_id) VALUES (229, 30, '2025-04-14T17:33:30', NULL);
INSERT INTO order_items (id, order_id, product_id, quantity) VALUES (888, 229, 15, 2);
INSERT INTO order_items (id, order_id, product_id, quantity) VALUES (889, 229, 41, 1);
INSERT INTO order_items (id, order_id, product_id, quantity) VALUES (890, 229, 38, 4);
INSERT INTO orders (id, user_id, created_at, coupon_id) VALUES (230, 30, '2025-06-12T16:48:17', NULL);
INSERT INTO order_items (id, order_id, product_id, quantity) VALUES (891, 230, 14, 2);
INSERT INTO orders (id, user_id, created_at, coupon_id) VALUES (231, 30, '2025-04-11T14:59:05', NULL);
INSERT INTO order_items (id, order_id, product_id, quantity) VALUES (892, 231, 98, 4);
INSERT INTO order_items (id, order_id, product_id, quantity) VALUES (893, 231, 60, 5);
INSERT INTO order_items (id, order_id, product_id, quantity) VALUES (894, 231, 56, 2);
INSERT INTO orders (id, user_id, created_at, coupon_id) VALUES (232, 30, '2025-01-02T05:59:15', NULL);
INSERT INTO order_items (id, order_id, product_id, quantity) VALUES (895, 232, 15, 2);
INSERT INTO order_items (id, order_id, product_id, quantity) VALUES (896, 232, 79, 2);
INSERT INTO order_items (id, order_id, product_id, quantity) VALUES (897, 232, 37, 1);
INSERT INTO orders (id, user_id, created_at, coupon_id) VALUES (233, 30, '2025-01-12T11:56:25', 2);
INSERT INTO order_items (id, order_id, product_id, quantity) VALUES (898, 233, 49, 4);
INSERT INTO order_items (id, order_id, product_id, quantity) VALUES (899, 233, 20, 4);
INSERT INTO order_items (id, order_id, product_id, quantity) VALUES (900, 233, 37, 3);
INSERT INTO order_items (id, order_id, product_id, quantity) VALUES (901, 233, 52, 5);
INSERT INTO orders (id, user_id, created_at, coupon_id) VALUES (234, 31, '2025-01-18T11:24:27', NULL);
INSERT INTO order_items (id, order_id, product_id, quantity) VALUES (902, 234, 64, 2);
INSERT INTO order_items (id, order_id, product_id, quantity) VALUES (903, 234, 59, 3);
INSERT INTO order_items (id, order_id, product_id, quantity) VALUES (904, 234, 50, 3);
INSERT INTO order_items (id, order_id, product_id, quantity) VALUES (905, 234, 43, 1);
INSERT INTO order_items (id, order_id, product_id, quantity) VALUES (906, 234, 51, 3);
INSERT INTO order_items (id, order_id, product_id, quantity) VALUES (907, 234, 86, 5);
INSERT INTO order_items (id, order_id, product_id, quantity) VALUES (908, 234, 35, 3);
INSERT INTO orders (id, user_id, created_at, coupon_id) VALUES (235, 31, '2025-02-17T00:45:47', NULL);
INSERT INTO order_items (id, order_id, product_id, quantity) VALUES (909, 235, 21, 2);
INSERT INTO order_items (id, order_id, product_id, quantity) VALUES (910, 235, 15, 4);
INSERT INTO order_items (id, order_id, product_id, quantity) VALUES (911, 235, 6, 2);
INSERT INTO order_items (id, order_id, product_id, quantity) VALUES (912, 235, 69, 2);
INSERT INTO order_items (id, order_id, product_id, quantity) VALUES (913, 235, 22, 4);
INSERT INTO orders (id, user_id, created_at, coupon_id) VALUES (236, 31, '2025-04-01T06:30:04', NULL);
INSERT INTO order_items (id, order_id, product_id, quantity) VALUES (914, 236, 62, 3);
INSERT INTO order_items (id, order_id, product_id, quantity) VALUES (915, 236, 34, 4);
INSERT INTO orders (id, user_id, created_at, coupon_id) VALUES (237, 31, '2025-04-04T00:56:17', NULL);
INSERT INTO order_items (id, order_id, product_id, quantity) VALUES (916, 237, 58, 3);
INSERT INTO order_items (id, order_id, product_id, quantity) VALUES (917, 237, 61, 5);
INSERT INTO order_items (id, order_id, product_id, quantity) VALUES (918, 237, 97, 1);
INSERT INTO order_items (id, order_id, product_id, quantity) VALUES (919, 237, 35, 5);
INSERT INTO order_items (id, order_id, product_id, quantity) VALUES (920, 237, 16, 5);
INSERT INTO order_items (id, order_id, product_id, quantity) VALUES (921, 237, 29, 5);
INSERT INTO order_items (id, order_id, product_id, quantity) VALUES (922, 237, 77, 2);
INSERT INTO orders (id, user_id, created_at, coupon_id) VALUES (238, 31, '2025-05-10T20:24:07', 6);
INSERT INTO order_items (id, order_id, product_id, quantity) VALUES (923, 238, 30, 4);
INSERT INTO order_items (id, order_id, product_id, quantity) VALUES (924, 238, 10, 4);
INSERT INTO orders (id, user_id, created_at, coupon_id) VALUES (239, 31, '2025-06-09T08:04:31', 18);
INSERT INTO order_items (id, order_id, product_id, quantity) VALUES (925, 239, 58, 3);
INSERT INTO order_items (id, order_id, product_id, quantity) VALUES (926, 239, 18, 3);
INSERT INTO order_items (id, order_id, product_id, quantity) VALUES (927, 239, 70, 1);
INSERT INTO order_items (id, order_id, product_id, quantity) VALUES (928, 239, 92, 3);
INSERT INTO order_items (id, order_id, product_id, quantity) VALUES (929, 239, 46, 2);
INSERT INTO orders (id, user_id, created_at, coupon_id) VALUES (240, 31, '2025-05-30T19:37:07', NULL);
INSERT INTO order_items (id, order_id, product_id, quantity) VALUES (930, 240, 53, 3);
INSERT INTO orders (id, user_id, created_at, coupon_id) VALUES (241, 32, '2025-06-12T16:33:20', NULL);
INSERT INTO order_items (id, order_id, product_id, quantity) VALUES (931, 241, 64, 1);
INSERT INTO order_items (id, order_id, product_id, quantity) VALUES (932, 241, 74, 3);
INSERT INTO orders (id, user_id, created_at, coupon_id) VALUES (242, 32, '2025-04-13T06:24:27', NULL);
INSERT INTO order_items (id, order_id, product_id, quantity) VALUES (933, 242, 19, 2);
INSERT INTO order_items (id, order_id, product_id, quantity) VALUES (934, 242, 33, 1);
INSERT INTO order_items (id, order_id, product_id, quantity) VALUES (935, 242, 15, 4);
INSERT INTO order_items (id, order_id, product_id, quantity) VALUES (936, 242, 62, 5);
INSERT INTO order_items (id, order_id, product_id, quantity) VALUES (937, 242, 71, 3);
INSERT INTO order_items (id, order_id, product_id, quantity) VALUES (938, 242, 22, 2);
INSERT INTO orders (id, user_id, created_at, coupon_id) VALUES (243, 32, '2025-04-10T09:10:16', NULL);
INSERT INTO order_items (id, order_id, product_id, quantity) VALUES (939, 243, 82, 4);
INSERT INTO order_items (id, order_id, product_id, quantity) VALUES (940, 243, 78, 1);
INSERT INTO orders (id, user_id, created_at, coupon_id) VALUES (244, 32, '2025-03-11T15:36:09', NULL);
INSERT INTO order_items (id, order_id, product_id, quantity) VALUES (941, 244, 88, 2);
INSERT INTO orders (id, user_id, created_at, coupon_id) VALUES (245, 32, '2025-02-05T07:32:34', NULL);
INSERT INTO order_items (id, order_id, product_id, quantity) VALUES (942, 245, 59, 3);
INSERT INTO order_items (id, order_id, product_id, quantity) VALUES (943, 245, 4, 2);
INSERT INTO order_items (id, order_id, product_id, quantity) VALUES (944, 245, 57, 1);
INSERT INTO order_items (id, order_id, product_id, quantity) VALUES (945, 245, 85, 3);
INSERT INTO orders (id, user_id, created_at, coupon_id) VALUES (246, 32, '2025-05-15T17:30:48', 18);
INSERT INTO order_items (id, order_id, product_id, quantity) VALUES (946, 246, 42, 4);
INSERT INTO order_items (id, order_id, product_id, quantity) VALUES (947, 246, 92, 2);
INSERT INTO order_items (id, order_id, product_id, quantity) VALUES (948, 246, 54, 2);
INSERT INTO order_items (id, order_id, product_id, quantity) VALUES (949, 246, 32, 3);
INSERT INTO order_items (id, order_id, product_id, quantity) VALUES (950, 246, 82, 1);
INSERT INTO order_items (id, order_id, product_id, quantity) VALUES (951, 246, 2, 3);
INSERT INTO order_items (id, order_id, product_id, quantity) VALUES (952, 246, 68, 1);
INSERT INTO orders (id, user_id, created_at, coupon_id) VALUES (247, 32, '2025-03-23T21:07:38', 16);
INSERT INTO order_items (id, order_id, product_id, quantity) VALUES (953, 247, 33, 5);
INSERT INTO order_items (id, order_id, product_id, quantity) VALUES (954, 247, 2, 1);
INSERT INTO order_items (id, order_id, product_id, quantity) VALUES (955, 247, 80, 1);
INSERT INTO order_items (id, order_id, product_id, quantity) VALUES (956, 247, 83, 2);
INSERT INTO order_items (id, order_id, product_id, quantity) VALUES (957, 247, 85, 4);
INSERT INTO order_items (id, order_id, product_id, quantity) VALUES (958, 247, 95, 2);
INSERT INTO order_items (id, order_id, product_id, quantity) VALUES (959, 247, 52, 3);
INSERT INTO orders (id, user_id, created_at, coupon_id) VALUES (248, 32, '2025-04-05T12:27:19', NULL);
INSERT INTO order_items (id, order_id, product_id, quantity) VALUES (960, 248, 47, 1);
INSERT INTO order_items (id, order_id, product_id, quantity) VALUES (961, 248, 42, 5);
INSERT INTO order_items (id, order_id, product_id, quantity) VALUES (962, 248, 37, 1);
INSERT INTO order_items (id, order_id, product_id, quantity) VALUES (963, 248, 84, 2);
INSERT INTO order_items (id, order_id, product_id, quantity) VALUES (964, 248, 48, 1);
INSERT INTO orders (id, user_id, created_at, coupon_id) VALUES (249, 32, '2025-01-19T06:00:56', NULL);
INSERT INTO order_items (id, order_id, product_id, quantity) VALUES (965, 249, 29, 3);
INSERT INTO order_items (id, order_id, product_id, quantity) VALUES (966, 249, 17, 1);
INSERT INTO order_items (id, order_id, product_id, quantity) VALUES (967, 249, 50, 3);
INSERT INTO order_items (id, order_id, product_id, quantity) VALUES (968, 249, 28, 5);
INSERT INTO order_items (id, order_id, product_id, quantity) VALUES (969, 249, 18, 2);
INSERT INTO order_items (id, order_id, product_id, quantity) VALUES (970, 249, 91, 5);
INSERT INTO order_items (id, order_id, product_id, quantity) VALUES (971, 249, 67, 5);
INSERT INTO orders (id, user_id, created_at, coupon_id) VALUES (250, 32, '2025-01-05T19:26:43', NULL);
INSERT INTO order_items (id, order_id, product_id, quantity) VALUES (972, 250, 99, 5);
INSERT INTO order_items (id, order_id, product_id, quantity) VALUES (973, 250, 5, 5);
INSERT INTO order_items (id, order_id, product_id, quantity) VALUES (974, 250, 99, 3);
INSERT INTO order_items (id, order_id, product_id, quantity) VALUES (975, 250, 92, 1);
INSERT INTO order_items (id, order_id, product_id, quantity) VALUES (976, 250, 55, 1);
INSERT INTO order_items (id, order_id, product_id, quantity) VALUES (977, 250, 85, 4);
INSERT INTO orders (id, user_id, created_at, coupon_id) VALUES (251, 33, '2025-06-14T02:11:13', NULL);
INSERT INTO order_items (id, order_id, product_id, quantity) VALUES (978, 251, 93, 5);
INSERT INTO order_items (id, order_id, product_id, quantity) VALUES (979, 251, 29, 1);
INSERT INTO order_items (id, order_id, product_id, quantity) VALUES (980, 251, 97, 3);
INSERT INTO order_items (id, order_id, product_id, quantity) VALUES (981, 251, 57, 3);
INSERT INTO orders (id, user_id, created_at, coupon_id) VALUES (252, 33, '2025-05-15T14:21:01', NULL);
INSERT INTO order_items (id, order_id, product_id, quantity) VALUES (982, 252, 76, 3);
INSERT INTO order_items (id, order_id, product_id, quantity) VALUES (983, 252, 42, 3);
INSERT INTO orders (id, user_id, created_at, coupon_id) VALUES (253, 33, '2025-04-28T13:05:43', NULL);
INSERT INTO order_items (id, order_id, product_id, quantity) VALUES (984, 253, 78, 3);
INSERT INTO order_items (id, order_id, product_id, quantity) VALUES (985, 253, 30, 1);
INSERT INTO order_items (id, order_id, product_id, quantity) VALUES (986, 253, 95, 4);
INSERT INTO order_items (id, order_id, product_id, quantity) VALUES (987, 253, 13, 2);
INSERT INTO order_items (id, order_id, product_id, quantity) VALUES (988, 253, 61, 1);
INSERT INTO order_items (id, order_id, product_id, quantity) VALUES (989, 253, 4, 3);
INSERT INTO order_items (id, order_id, product_id, quantity) VALUES (990, 253, 68, 3);
INSERT INTO orders (id, user_id, created_at, coupon_id) VALUES (254, 33, '2025-02-20T01:14:54', NULL);
INSERT INTO order_items (id, order_id, product_id, quantity) VALUES (991, 254, 72, 1);
INSERT INTO order_items (id, order_id, product_id, quantity) VALUES (992, 254, 82, 2);
INSERT INTO orders (id, user_id, created_at, coupon_id) VALUES (255, 33, '2025-02-11T06:25:39', NULL);
INSERT INTO order_items (id, order_id, product_id, quantity) VALUES (993, 255, 93, 2);
INSERT INTO order_items (id, order_id, product_id, quantity) VALUES (994, 255, 3, 5);
INSERT INTO order_items (id, order_id, product_id, quantity) VALUES (995, 255, 84, 2);
INSERT INTO order_items (id, order_id, product_id, quantity) VALUES (996, 255, 27, 2);
INSERT INTO orders (id, user_id, created_at, coupon_id) VALUES (256, 34, '2025-05-04T07:08:05', NULL);
INSERT INTO order_items (id, order_id, product_id, quantity) VALUES (997, 256, 32, 5);
INSERT INTO order_items (id, order_id, product_id, quantity) VALUES (998, 256, 10, 5);
INSERT INTO orders (id, user_id, created_at, coupon_id) VALUES (257, 34, '2025-03-16T12:11:18', NULL);
INSERT INTO order_items (id, order_id, product_id, quantity) VALUES (999, 257, 5, 2);
INSERT INTO orders (id, user_id, created_at, coupon_id) VALUES (258, 34, '2025-04-27T14:29:19', NULL);
INSERT INTO order_items (id, order_id, product_id, quantity) VALUES (1000, 258, 93, 1);
INSERT INTO order_items (id, order_id, product_id, quantity) VALUES (1001, 258, 78, 3);
INSERT INTO order_items (id, order_id, product_id, quantity) VALUES (1002, 258, 4, 2);
INSERT INTO order_items (id, order_id, product_id, quantity) VALUES (1003, 258, 34, 2);
INSERT INTO order_items (id, order_id, product_id, quantity) VALUES (1004, 258, 29, 4);
INSERT INTO order_items (id, order_id, product_id, quantity) VALUES (1005, 258, 54, 4);
INSERT INTO orders (id, user_id, created_at, coupon_id) VALUES (259, 34, '2025-05-03T14:30:49', NULL);
INSERT INTO order_items (id, order_id, product_id, quantity) VALUES (1006, 259, 13, 1);
INSERT INTO order_items (id, order_id, product_id, quantity) VALUES (1007, 259, 62, 3);
INSERT INTO order_items (id, order_id, product_id, quantity) VALUES (1008, 259, 100, 5);
INSERT INTO order_items (id, order_id, product_id, quantity) VALUES (1009, 259, 50, 1);
INSERT INTO order_items (id, order_id, product_id, quantity) VALUES (1010, 259, 6, 3);
INSERT INTO order_items (id, order_id, product_id, quantity) VALUES (1011, 259, 91, 5);
INSERT INTO orders (id, user_id, created_at, coupon_id) VALUES (260, 34, '2025-03-08T15:03:13', NULL);
INSERT INTO order_items (id, order_id, product_id, quantity) VALUES (1012, 260, 92, 1);
INSERT INTO order_items (id, order_id, product_id, quantity) VALUES (1013, 260, 53, 2);
INSERT INTO order_items (id, order_id, product_id, quantity) VALUES (1014, 260, 30, 2);
INSERT INTO order_items (id, order_id, product_id, quantity) VALUES (1015, 260, 75, 2);
INSERT INTO order_items (id, order_id, product_id, quantity) VALUES (1016, 260, 16, 5);
INSERT INTO orders (id, user_id, created_at, coupon_id) VALUES (261, 34, '2025-05-25T08:42:23', 14);
INSERT INTO order_items (id, order_id, product_id, quantity) VALUES (1017, 261, 91, 3);
INSERT INTO order_items (id, order_id, product_id, quantity) VALUES (1018, 261, 45, 1);
INSERT INTO order_items (id, order_id, product_id, quantity) VALUES (1019, 261, 16, 5);
INSERT INTO order_items (id, order_id, product_id, quantity) VALUES (1020, 261, 44, 4);
INSERT INTO order_items (id, order_id, product_id, quantity) VALUES (1021, 261, 13, 2);
INSERT INTO orders (id, user_id, created_at, coupon_id) VALUES (262, 35, '2025-04-08T20:41:56', NULL);
INSERT INTO order_items (id, order_id, product_id, quantity) VALUES (1022, 262, 22, 2);
INSERT INTO order_items (id, order_id, product_id, quantity) VALUES (1023, 262, 76, 1);
INSERT INTO order_items (id, order_id, product_id, quantity) VALUES (1024, 262, 73, 3);
INSERT INTO order_items (id, order_id, product_id, quantity) VALUES (1025, 262, 58, 2);
INSERT INTO order_items (id, order_id, product_id, quantity) VALUES (1026, 262, 56, 5);
INSERT INTO order_items (id, order_id, product_id, quantity) VALUES (1027, 262, 3, 1);
INSERT INTO order_items (id, order_id, product_id, quantity) VALUES (1028, 262, 57, 2);
INSERT INTO orders (id, user_id, created_at, coupon_id) VALUES (263, 35, '2025-04-22T21:57:14', NULL);
INSERT INTO order_items (id, order_id, product_id, quantity) VALUES (1029, 263, 51, 4);
INSERT INTO order_items (id, order_id, product_id, quantity) VALUES (1030, 263, 9, 4);
INSERT INTO order_items (id, order_id, product_id, quantity) VALUES (1031, 263, 3, 4);
INSERT INTO order_items (id, order_id, product_id, quantity) VALUES (1032, 263, 8, 2);
INSERT INTO order_items (id, order_id, product_id, quantity) VALUES (1033, 263, 16, 4);
INSERT INTO orders (id, user_id, created_at, coupon_id) VALUES (264, 35, '2025-01-04T16:16:40', 9);
INSERT INTO order_items (id, order_id, product_id, quantity) VALUES (1034, 264, 31, 5);
INSERT INTO orders (id, user_id, created_at, coupon_id) VALUES (265, 35, '2025-04-15T01:14:29', 19);
INSERT INTO order_items (id, order_id, product_id, quantity) VALUES (1035, 265, 61, 2);
INSERT INTO order_items (id, order_id, product_id, quantity) VALUES (1036, 265, 73, 5);
INSERT INTO order_items (id, order_id, product_id, quantity) VALUES (1037, 265, 79, 4);
INSERT INTO order_items (id, order_id, product_id, quantity) VALUES (1038, 265, 27, 2);
INSERT INTO order_items (id, order_id, product_id, quantity) VALUES (1039, 265, 29, 3);
INSERT INTO order_items (id, order_id, product_id, quantity) VALUES (1040, 265, 86, 2);
INSERT INTO orders (id, user_id, created_at, coupon_id) VALUES (266, 35, '2025-02-05T07:01:07', NULL);
INSERT INTO order_items (id, order_id, product_id, quantity) VALUES (1041, 266, 39, 5);
INSERT INTO order_items (id, order_id, product_id, quantity) VALUES (1042, 266, 74, 2);
INSERT INTO order_items (id, order_id, product_id, quantity) VALUES (1043, 266, 3, 2);
INSERT INTO order_items (id, order_id, product_id, quantity) VALUES (1044, 266, 13, 2);
INSERT INTO order_items (id, order_id, product_id, quantity) VALUES (1045, 266, 28, 2);
INSERT INTO order_items (id, order_id, product_id, quantity) VALUES (1046, 266, 11, 1);
INSERT INTO order_items (id, order_id, product_id, quantity) VALUES (1047, 266, 7, 4);
INSERT INTO orders (id, user_id, created_at, coupon_id) VALUES (267, 35, '2025-02-03T15:46:25', NULL);
INSERT INTO order_items (id, order_id, product_id, quantity) VALUES (1048, 267, 65, 1);
INSERT INTO order_items (id, order_id, product_id, quantity) VALUES (1049, 267, 53, 2);
INSERT INTO orders (id, user_id, created_at, coupon_id) VALUES (268, 35, '2025-02-08T20:20:17', NULL);
INSERT INTO order_items (id, order_id, product_id, quantity) VALUES (1050, 268, 69, 4);
INSERT INTO order_items (id, order_id, product_id, quantity) VALUES (1051, 268, 93, 1);
INSERT INTO orders (id, user_id, created_at, coupon_id) VALUES (269, 36, '2025-02-26T17:58:10', 12);
INSERT INTO order_items (id, order_id, product_id, quantity) VALUES (1052, 269, 94, 4);
INSERT INTO order_items (id, order_id, product_id, quantity) VALUES (1053, 269, 18, 2);
INSERT INTO order_items (id, order_id, product_id, quantity) VALUES (1054, 269, 95, 2);
INSERT INTO orders (id, user_id, created_at, coupon_id) VALUES (270, 36, '2025-06-02T15:12:47', NULL);
INSERT INTO order_items (id, order_id, product_id, quantity) VALUES (1055, 270, 41, 2);
INSERT INTO order_items (id, order_id, product_id, quantity) VALUES (1056, 270, 72, 2);
INSERT INTO order_items (id, order_id, product_id, quantity) VALUES (1057, 270, 57, 4);
INSERT INTO order_items (id, order_id, product_id, quantity) VALUES (1058, 270, 45, 3);
INSERT INTO order_items (id, order_id, product_id, quantity) VALUES (1059, 270, 95, 5);
INSERT INTO orders (id, user_id, created_at, coupon_id) VALUES (271, 36, '2025-02-04T13:30:02', NULL);
INSERT INTO order_items (id, order_id, product_id, quantity) VALUES (1060, 271, 67, 5);
INSERT INTO orders (id, user_id, created_at, coupon_id) VALUES (272, 36, '2025-04-08T00:00:59', NULL);
INSERT INTO order_items (id, order_id, product_id, quantity) VALUES (1061, 272, 31, 4);
INSERT INTO order_items (id, order_id, product_id, quantity) VALUES (1062, 272, 39, 3);
INSERT INTO order_items (id, order_id, product_id, quantity) VALUES (1063, 272, 19, 4);
INSERT INTO order_items (id, order_id, product_id, quantity) VALUES (1064, 272, 44, 1);
INSERT INTO order_items (id, order_id, product_id, quantity) VALUES (1065, 272, 89, 2);
INSERT INTO orders (id, user_id, created_at, coupon_id) VALUES (273, 36, '2025-01-04T16:05:23', NULL);
INSERT INTO order_items (id, order_id, product_id, quantity) VALUES (1066, 273, 39, 3);
INSERT INTO order_items (id, order_id, product_id, quantity) VALUES (1067, 273, 42, 5);
INSERT INTO order_items (id, order_id, product_id, quantity) VALUES (1068, 273, 62, 1);
INSERT INTO order_items (id, order_id, product_id, quantity) VALUES (1069, 273, 88, 1);
INSERT INTO order_items (id, order_id, product_id, quantity) VALUES (1070, 273, 5, 5);
INSERT INTO order_items (id, order_id, product_id, quantity) VALUES (1071, 273, 99, 1);
INSERT INTO orders (id, user_id, created_at, coupon_id) VALUES (274, 37, '2025-03-20T03:27:27', 13);
INSERT INTO order_items (id, order_id, product_id, quantity) VALUES (1072, 274, 48, 1);
INSERT INTO order_items (id, order_id, product_id, quantity) VALUES (1073, 274, 75, 2);
INSERT INTO order_items (id, order_id, product_id, quantity) VALUES (1074, 274, 67, 1);
INSERT INTO order_items (id, order_id, product_id, quantity) VALUES (1075, 274, 19, 3);
INSERT INTO order_items (id, order_id, product_id, quantity) VALUES (1076, 274, 45, 1);
INSERT INTO orders (id, user_id, created_at, coupon_id) VALUES (275, 37, '2025-06-14T16:33:09', NULL);
INSERT INTO order_items (id, order_id, product_id, quantity) VALUES (1077, 275, 96, 2);
INSERT INTO order_items (id, order_id, product_id, quantity) VALUES (1078, 275, 75, 3);
INSERT INTO order_items (id, order_id, product_id, quantity) VALUES (1079, 275, 57, 1);
INSERT INTO order_items (id, order_id, product_id, quantity) VALUES (1080, 275, 87, 4);
INSERT INTO orders (id, user_id, created_at, coupon_id) VALUES (276, 37, '2025-01-28T00:52:05', NULL);
INSERT INTO order_items (id, order_id, product_id, quantity) VALUES (1081, 276, 28, 1);
INSERT INTO order_items (id, order_id, product_id, quantity) VALUES (1082, 276, 19, 4);
INSERT INTO order_items (id, order_id, product_id, quantity) VALUES (1083, 276, 13, 5);
INSERT INTO order_items (id, order_id, product_id, quantity) VALUES (1084, 276, 73, 2);
INSERT INTO orders (id, user_id, created_at, coupon_id) VALUES (277, 37, '2025-03-02T21:26:00', NULL);
INSERT INTO order_items (id, order_id, product_id, quantity) VALUES (1085, 277, 35, 3);
INSERT INTO order_items (id, order_id, product_id, quantity) VALUES (1086, 277, 12, 5);
INSERT INTO order_items (id, order_id, product_id, quantity) VALUES (1087, 277, 87, 4);
INSERT INTO order_items (id, order_id, product_id, quantity) VALUES (1088, 277, 36, 4);
INSERT INTO order_items (id, order_id, product_id, quantity) VALUES (1089, 277, 16, 5);
INSERT INTO order_items (id, order_id, product_id, quantity) VALUES (1090, 277, 98, 3);
INSERT INTO order_items (id, order_id, product_id, quantity) VALUES (1091, 277, 65, 4);
INSERT INTO orders (id, user_id, created_at, coupon_id) VALUES (278, 37, '2025-04-29T10:26:04', NULL);
INSERT INTO order_items (id, order_id, product_id, quantity) VALUES (1092, 278, 61, 4);
INSERT INTO order_items (id, order_id, product_id, quantity) VALUES (1093, 278, 66, 1);
INSERT INTO orders (id, user_id, created_at, coupon_id) VALUES (279, 37, '2025-04-07T12:22:50', 14);
INSERT INTO order_items (id, order_id, product_id, quantity) VALUES (1094, 279, 50, 4);
INSERT INTO order_items (id, order_id, product_id, quantity) VALUES (1095, 279, 49, 5);
INSERT INTO order_items (id, order_id, product_id, quantity) VALUES (1096, 279, 41, 4);
INSERT INTO order_items (id, order_id, product_id, quantity) VALUES (1097, 279, 41, 4);
INSERT INTO order_items (id, order_id, product_id, quantity) VALUES (1098, 279, 22, 5);
INSERT INTO order_items (id, order_id, product_id, quantity) VALUES (1099, 279, 30, 2);
INSERT INTO order_items (id, order_id, product_id, quantity) VALUES (1100, 279, 4, 1);
INSERT INTO orders (id, user_id, created_at, coupon_id) VALUES (280, 37, '2025-06-02T07:51:04', 11);
INSERT INTO order_items (id, order_id, product_id, quantity) VALUES (1101, 280, 7, 4);
INSERT INTO order_items (id, order_id, product_id, quantity) VALUES (1102, 280, 62, 3);
INSERT INTO orders (id, user_id, created_at, coupon_id) VALUES (281, 37, '2025-04-15T07:18:51', NULL);
INSERT INTO order_items (id, order_id, product_id, quantity) VALUES (1103, 281, 35, 4);
INSERT INTO order_items (id, order_id, product_id, quantity) VALUES (1104, 281, 96, 5);
INSERT INTO order_items (id, order_id, product_id, quantity) VALUES (1105, 281, 69, 3);
INSERT INTO orders (id, user_id, created_at, coupon_id) VALUES (282, 37, '2025-03-31T07:17:52', 8);
INSERT INTO order_items (id, order_id, product_id, quantity) VALUES (1106, 282, 97, 5);
INSERT INTO order_items (id, order_id, product_id, quantity) VALUES (1107, 282, 22, 2);
INSERT INTO orders (id, user_id, created_at, coupon_id) VALUES (283, 37, '2025-05-20T16:43:42', NULL);
INSERT INTO order_items (id, order_id, product_id, quantity) VALUES (1108, 283, 1, 1);
INSERT INTO order_items (id, order_id, product_id, quantity) VALUES (1109, 283, 20, 3);
INSERT INTO order_items (id, order_id, product_id, quantity) VALUES (1110, 283, 69, 4);
INSERT INTO order_items (id, order_id, product_id, quantity) VALUES (1111, 283, 84, 3);
INSERT INTO order_items (id, order_id, product_id, quantity) VALUES (1112, 283, 12, 1);
INSERT INTO orders (id, user_id, created_at, coupon_id) VALUES (284, 38, '2025-02-24T21:52:50', NULL);
INSERT INTO order_items (id, order_id, product_id, quantity) VALUES (1113, 284, 71, 5);
INSERT INTO order_items (id, order_id, product_id, quantity) VALUES (1114, 284, 77, 3);
INSERT INTO order_items (id, order_id, product_id, quantity) VALUES (1115, 284, 58, 1);
INSERT INTO order_items (id, order_id, product_id, quantity) VALUES (1116, 284, 70, 5);
INSERT INTO order_items (id, order_id, product_id, quantity) VALUES (1117, 284, 53, 4);
INSERT INTO order_items (id, order_id, product_id, quantity) VALUES (1118, 284, 35, 5);
INSERT INTO order_items (id, order_id, product_id, quantity) VALUES (1119, 284, 81, 5);
INSERT INTO orders (id, user_id, created_at, coupon_id) VALUES (285, 38, '2025-06-12T13:07:14', NULL);
INSERT INTO order_items (id, order_id, product_id, quantity) VALUES (1120, 285, 81, 3);
INSERT INTO orders (id, user_id, created_at, coupon_id) VALUES (286, 38, '2025-01-28T13:08:50', NULL);
INSERT INTO order_items (id, order_id, product_id, quantity) VALUES (1121, 286, 7, 5);
INSERT INTO order_items (id, order_id, product_id, quantity) VALUES (1122, 286, 88, 3);
INSERT INTO order_items (id, order_id, product_id, quantity) VALUES (1123, 286, 4, 3);
INSERT INTO order_items (id, order_id, product_id, quantity) VALUES (1124, 286, 9, 4);
INSERT INTO orders (id, user_id, created_at, coupon_id) VALUES (287, 38, '2025-06-05T19:58:53', 14);
INSERT INTO order_items (id, order_id, product_id, quantity) VALUES (1125, 287, 14, 2);
INSERT INTO order_items (id, order_id, product_id, quantity) VALUES (1126, 287, 100, 4);
INSERT INTO order_items (id, order_id, product_id, quantity) VALUES (1127, 287, 99, 3);
INSERT INTO orders (id, user_id, created_at, coupon_id) VALUES (288, 38, '2025-01-22T18:26:59', NULL);
INSERT INTO order_items (id, order_id, product_id, quantity) VALUES (1128, 288, 39, 4);
INSERT INTO orders (id, user_id, created_at, coupon_id) VALUES (289, 38, '2025-05-30T09:48:34', NULL);
INSERT INTO order_items (id, order_id, product_id, quantity) VALUES (1129, 289, 87, 1);
INSERT INTO order_items (id, order_id, product_id, quantity) VALUES (1130, 289, 1, 5);
INSERT INTO order_items (id, order_id, product_id, quantity) VALUES (1131, 289, 88, 2);
INSERT INTO order_items (id, order_id, product_id, quantity) VALUES (1132, 289, 86, 1);
INSERT INTO order_items (id, order_id, product_id, quantity) VALUES (1133, 289, 4, 2);
INSERT INTO orders (id, user_id, created_at, coupon_id) VALUES (290, 38, '2025-02-13T19:58:41', NULL);
INSERT INTO order_items (id, order_id, product_id, quantity) VALUES (1134, 290, 52, 2);
INSERT INTO order_items (id, order_id, product_id, quantity) VALUES (1135, 290, 28, 4);
INSERT INTO order_items (id, order_id, product_id, quantity) VALUES (1136, 290, 13, 1);
INSERT INTO orders (id, user_id, created_at, coupon_id) VALUES (291, 38, '2025-06-05T19:57:28', NULL);
INSERT INTO order_items (id, order_id, product_id, quantity) VALUES (1137, 291, 55, 2);
INSERT INTO orders (id, user_id, created_at, coupon_id) VALUES (292, 38, '2025-04-24T13:11:07', NULL);
INSERT INTO order_items (id, order_id, product_id, quantity) VALUES (1138, 292, 26, 2);
INSERT INTO order_items (id, order_id, product_id, quantity) VALUES (1139, 292, 65, 2);
INSERT INTO order_items (id, order_id, product_id, quantity) VALUES (1140, 292, 20, 5);
INSERT INTO order_items (id, order_id, product_id, quantity) VALUES (1141, 292, 13, 4);
INSERT INTO order_items (id, order_id, product_id, quantity) VALUES (1142, 292, 3, 5);
INSERT INTO order_items (id, order_id, product_id, quantity) VALUES (1143, 292, 90, 2);
INSERT INTO orders (id, user_id, created_at, coupon_id) VALUES (293, 38, '2025-04-02T14:41:05', NULL);
INSERT INTO order_items (id, order_id, product_id, quantity) VALUES (1144, 293, 99, 3);
INSERT INTO orders (id, user_id, created_at, coupon_id) VALUES (294, 39, '2025-05-17T06:59:38', 10);
INSERT INTO order_items (id, order_id, product_id, quantity) VALUES (1145, 294, 28, 2);
INSERT INTO order_items (id, order_id, product_id, quantity) VALUES (1146, 294, 40, 5);
INSERT INTO order_items (id, order_id, product_id, quantity) VALUES (1147, 294, 39, 5);
INSERT INTO order_items (id, order_id, product_id, quantity) VALUES (1148, 294, 38, 1);
INSERT INTO order_items (id, order_id, product_id, quantity) VALUES (1149, 294, 85, 2);
INSERT INTO order_items (id, order_id, product_id, quantity) VALUES (1150, 294, 66, 5);
INSERT INTO orders (id, user_id, created_at, coupon_id) VALUES (295, 39, '2025-03-05T04:04:37', NULL);
INSERT INTO order_items (id, order_id, product_id, quantity) VALUES (1151, 295, 29, 5);
INSERT INTO order_items (id, order_id, product_id, quantity) VALUES (1152, 295, 27, 3);
INSERT INTO order_items (id, order_id, product_id, quantity) VALUES (1153, 295, 54, 1);
INSERT INTO order_items (id, order_id, product_id, quantity) VALUES (1154, 295, 60, 5);
INSERT INTO order_items (id, order_id, product_id, quantity) VALUES (1155, 295, 40, 5);
INSERT INTO order_items (id, order_id, product_id, quantity) VALUES (1156, 295, 9, 1);
INSERT INTO order_items (id, order_id, product_id, quantity) VALUES (1157, 295, 75, 3);
INSERT INTO orders (id, user_id, created_at, coupon_id) VALUES (296, 39, '2025-01-15T16:36:42', NULL);
INSERT INTO order_items (id, order_id, product_id, quantity) VALUES (1158, 296, 50, 1);
INSERT INTO order_items (id, order_id, product_id, quantity) VALUES (1159, 296, 9, 1);
INSERT INTO order_items (id, order_id, product_id, quantity) VALUES (1160, 296, 85, 3);
INSERT INTO order_items (id, order_id, product_id, quantity) VALUES (1161, 296, 56, 1);
INSERT INTO order_items (id, order_id, product_id, quantity) VALUES (1162, 296, 24, 4);
INSERT INTO order_items (id, order_id, product_id, quantity) VALUES (1163, 296, 24, 5);
INSERT INTO order_items (id, order_id, product_id, quantity) VALUES (1164, 296, 4, 1);
INSERT INTO orders (id, user_id, created_at, coupon_id) VALUES (297, 39, '2025-02-09T17:58:29', NULL);
INSERT INTO order_items (id, order_id, product_id, quantity) VALUES (1165, 297, 16, 3);
INSERT INTO order_items (id, order_id, product_id, quantity) VALUES (1166, 297, 35, 1);
INSERT INTO order_items (id, order_id, product_id, quantity) VALUES (1167, 297, 59, 1);
INSERT INTO order_items (id, order_id, product_id, quantity) VALUES (1168, 297, 61, 4);
INSERT INTO orders (id, user_id, created_at, coupon_id) VALUES (298, 39, '2025-03-14T01:27:15', NULL);
INSERT INTO order_items (id, order_id, product_id, quantity) VALUES (1169, 298, 49, 1);
INSERT INTO order_items (id, order_id, product_id, quantity) VALUES (1170, 298, 55, 2);
INSERT INTO order_items (id, order_id, product_id, quantity) VALUES (1171, 298, 91, 1);
INSERT INTO order_items (id, order_id, product_id, quantity) VALUES (1172, 298, 55, 3);
INSERT INTO orders (id, user_id, created_at, coupon_id) VALUES (299, 40, '2025-05-11T08:46:47', NULL);
INSERT INTO order_items (id, order_id, product_id, quantity) VALUES (1173, 299, 93, 2);
INSERT INTO order_items (id, order_id, product_id, quantity) VALUES (1174, 299, 42, 3);
INSERT INTO order_items (id, order_id, product_id, quantity) VALUES (1175, 299, 39, 2);
INSERT INTO orders (id, user_id, created_at, coupon_id) VALUES (300, 40, '2025-05-21T05:21:14', NULL);
INSERT INTO order_items (id, order_id, product_id, quantity) VALUES (1176, 300, 43, 2);
INSERT INTO order_items (id, order_id, product_id, quantity) VALUES (1177, 300, 6, 1);
INSERT INTO order_items (id, order_id, product_id, quantity) VALUES (1178, 300, 3, 4);
INSERT INTO order_items (id, order_id, product_id, quantity) VALUES (1179, 300, 94, 2);
INSERT INTO order_items (id, order_id, product_id, quantity) VALUES (1180, 300, 73, 5);
INSERT INTO order_items (id, order_id, product_id, quantity) VALUES (1181, 300, 2, 5);
INSERT INTO orders (id, user_id, created_at, coupon_id) VALUES (301, 40, '2025-01-05T11:08:39', NULL);
INSERT INTO order_items (id, order_id, product_id, quantity) VALUES (1182, 301, 4, 4);
INSERT INTO order_items (id, order_id, product_id, quantity) VALUES (1183, 301, 22, 5);
INSERT INTO order_items (id, order_id, product_id, quantity) VALUES (1184, 301, 50, 1);
INSERT INTO order_items (id, order_id, product_id, quantity) VALUES (1185, 301, 61, 1);
INSERT INTO orders (id, user_id, created_at, coupon_id) VALUES (302, 40, '2025-02-09T10:57:16', NULL);
INSERT INTO order_items (id, order_id, product_id, quantity) VALUES (1186, 302, 96, 1);
INSERT INTO order_items (id, order_id, product_id, quantity) VALUES (1187, 302, 15, 4);
INSERT INTO orders (id, user_id, created_at, coupon_id) VALUES (303, 40, '2025-02-27T17:16:06', 8);
INSERT INTO order_items (id, order_id, product_id, quantity) VALUES (1188, 303, 52, 3);
INSERT INTO order_items (id, order_id, product_id, quantity) VALUES (1189, 303, 43, 4);
INSERT INTO order_items (id, order_id, product_id, quantity) VALUES (1190, 303, 92, 5);
INSERT INTO orders (id, user_id, created_at, coupon_id) VALUES (304, 40, '2025-04-08T01:53:43', NULL);
INSERT INTO order_items (id, order_id, product_id, quantity) VALUES (1191, 304, 29, 5);
INSERT INTO order_items (id, order_id, product_id, quantity) VALUES (1192, 304, 52, 4);
INSERT INTO order_items (id, order_id, product_id, quantity) VALUES (1193, 304, 53, 4);
INSERT INTO order_items (id, order_id, product_id, quantity) VALUES (1194, 304, 60, 5);
INSERT INTO order_items (id, order_id, product_id, quantity) VALUES (1195, 304, 80, 5);
INSERT INTO order_items (id, order_id, product_id, quantity) VALUES (1196, 304, 58, 1);
INSERT INTO order_items (id, order_id, product_id, quantity) VALUES (1197, 304, 21, 4);
INSERT INTO orders (id, user_id, created_at, coupon_id) VALUES (305, 41, '2025-05-09T05:43:10', NULL);
INSERT INTO order_items (id, order_id, product_id, quantity) VALUES (1198, 305, 59, 1);
INSERT INTO order_items (id, order_id, product_id, quantity) VALUES (1199, 305, 75, 3);
INSERT INTO order_items (id, order_id, product_id, quantity) VALUES (1200, 305, 90, 3);
INSERT INTO orders (id, user_id, created_at, coupon_id) VALUES (306, 41, '2025-03-21T08:19:07', NULL);
INSERT INTO order_items (id, order_id, product_id, quantity) VALUES (1201, 306, 4, 1);
INSERT INTO order_items (id, order_id, product_id, quantity) VALUES (1202, 306, 88, 2);
INSERT INTO order_items (id, order_id, product_id, quantity) VALUES (1203, 306, 16, 2);
INSERT INTO order_items (id, order_id, product_id, quantity) VALUES (1204, 306, 82, 1);
INSERT INTO order_items (id, order_id, product_id, quantity) VALUES (1205, 306, 98, 3);
INSERT INTO order_items (id, order_id, product_id, quantity) VALUES (1206, 306, 45, 2);
INSERT INTO order_items (id, order_id, product_id, quantity) VALUES (1207, 306, 32, 4);
INSERT INTO orders (id, user_id, created_at, coupon_id) VALUES (307, 41, '2025-01-07T21:36:19', NULL);
INSERT INTO order_items (id, order_id, product_id, quantity) VALUES (1208, 307, 12, 4);
INSERT INTO order_items (id, order_id, product_id, quantity) VALUES (1209, 307, 32, 4);
INSERT INTO order_items (id, order_id, product_id, quantity) VALUES (1210, 307, 99, 5);
INSERT INTO order_items (id, order_id, product_id, quantity) VALUES (1211, 307, 14, 4);
INSERT INTO order_items (id, order_id, product_id, quantity) VALUES (1212, 307, 22, 2);
INSERT INTO order_items (id, order_id, product_id, quantity) VALUES (1213, 307, 23, 1);
INSERT INTO order_items (id, order_id, product_id, quantity) VALUES (1214, 307, 32, 2);
INSERT INTO orders (id, user_id, created_at, coupon_id) VALUES (308, 41, '2025-05-29T11:57:20', NULL);
INSERT INTO order_items (id, order_id, product_id, quantity) VALUES (1215, 308, 53, 5);
INSERT INTO order_items (id, order_id, product_id, quantity) VALUES (1216, 308, 73, 4);
INSERT INTO order_items (id, order_id, product_id, quantity) VALUES (1217, 308, 86, 1);
INSERT INTO order_items (id, order_id, product_id, quantity) VALUES (1218, 308, 25, 5);
INSERT INTO order_items (id, order_id, product_id, quantity) VALUES (1219, 308, 74, 4);
INSERT INTO order_items (id, order_id, product_id, quantity) VALUES (1220, 308, 71, 3);
INSERT INTO order_items (id, order_id, product_id, quantity) VALUES (1221, 308, 64, 1);
INSERT INTO orders (id, user_id, created_at, coupon_id) VALUES (309, 41, '2025-05-27T16:16:34', NULL);
INSERT INTO order_items (id, order_id, product_id, quantity) VALUES (1222, 309, 98, 2);
INSERT INTO order_items (id, order_id, product_id, quantity) VALUES (1223, 309, 37, 4);
INSERT INTO order_items (id, order_id, product_id, quantity) VALUES (1224, 309, 41, 2);
INSERT INTO order_items (id, order_id, product_id, quantity) VALUES (1225, 309, 17, 5);
INSERT INTO orders (id, user_id, created_at, coupon_id) VALUES (310, 41, '2025-05-18T02:30:24', 10);
INSERT INTO order_items (id, order_id, product_id, quantity) VALUES (1226, 310, 35, 3);
INSERT INTO order_items (id, order_id, product_id, quantity) VALUES (1227, 310, 59, 4);
INSERT INTO order_items (id, order_id, product_id, quantity) VALUES (1228, 310, 6, 1);
INSERT INTO order_items (id, order_id, product_id, quantity) VALUES (1229, 310, 30, 5);
INSERT INTO orders (id, user_id, created_at, coupon_id) VALUES (311, 42, '2025-06-09T10:58:35', 9);
INSERT INTO order_items (id, order_id, product_id, quantity) VALUES (1230, 311, 91, 3);
INSERT INTO order_items (id, order_id, product_id, quantity) VALUES (1231, 311, 53, 3);
INSERT INTO orders (id, user_id, created_at, coupon_id) VALUES (312, 42, '2025-04-27T00:45:28', 1);
INSERT INTO order_items (id, order_id, product_id, quantity) VALUES (1232, 312, 92, 3);
INSERT INTO order_items (id, order_id, product_id, quantity) VALUES (1233, 312, 68, 3);
INSERT INTO order_items (id, order_id, product_id, quantity) VALUES (1234, 312, 93, 2);
INSERT INTO orders (id, user_id, created_at, coupon_id) VALUES (313, 42, '2025-06-08T19:56:48', NULL);
INSERT INTO order_items (id, order_id, product_id, quantity) VALUES (1235, 313, 53, 3);
INSERT INTO order_items (id, order_id, product_id, quantity) VALUES (1236, 313, 95, 4);
INSERT INTO order_items (id, order_id, product_id, quantity) VALUES (1237, 313, 36, 4);
INSERT INTO orders (id, user_id, created_at, coupon_id) VALUES (314, 42, '2025-05-27T06:15:52', NULL);
INSERT INTO order_items (id, order_id, product_id, quantity) VALUES (1238, 314, 23, 3);
INSERT INTO orders (id, user_id, created_at, coupon_id) VALUES (315, 42, '2025-04-03T19:08:19', NULL);
INSERT INTO order_items (id, order_id, product_id, quantity) VALUES (1239, 315, 18, 1);
INSERT INTO order_items (id, order_id, product_id, quantity) VALUES (1240, 315, 47, 3);
INSERT INTO orders (id, user_id, created_at, coupon_id) VALUES (316, 43, '2025-03-30T03:59:20', 2);
INSERT INTO order_items (id, order_id, product_id, quantity) VALUES (1241, 316, 53, 3);
INSERT INTO order_items (id, order_id, product_id, quantity) VALUES (1242, 316, 12, 2);
INSERT INTO order_items (id, order_id, product_id, quantity) VALUES (1243, 316, 100, 2);
INSERT INTO order_items (id, order_id, product_id, quantity) VALUES (1244, 316, 78, 2);
INSERT INTO orders (id, user_id, created_at, coupon_id) VALUES (317, 43, '2025-02-13T01:39:55', NULL);
INSERT INTO order_items (id, order_id, product_id, quantity) VALUES (1245, 317, 19, 2);
INSERT INTO order_items (id, order_id, product_id, quantity) VALUES (1246, 317, 11, 5);
INSERT INTO order_items (id, order_id, product_id, quantity) VALUES (1247, 317, 14, 2);
INSERT INTO orders (id, user_id, created_at, coupon_id) VALUES (318, 43, '2025-02-10T02:47:44', NULL);
INSERT INTO order_items (id, order_id, product_id, quantity) VALUES (1248, 318, 12, 4);
INSERT INTO order_items (id, order_id, product_id, quantity) VALUES (1249, 318, 90, 2);
INSERT INTO order_items (id, order_id, product_id, quantity) VALUES (1250, 318, 91, 4);
INSERT INTO order_items (id, order_id, product_id, quantity) VALUES (1251, 318, 12, 5);
INSERT INTO orders (id, user_id, created_at, coupon_id) VALUES (319, 43, '2025-03-16T01:59:47', NULL);
INSERT INTO order_items (id, order_id, product_id, quantity) VALUES (1252, 319, 97, 3);
INSERT INTO order_items (id, order_id, product_id, quantity) VALUES (1253, 319, 8, 5);
INSERT INTO order_items (id, order_id, product_id, quantity) VALUES (1254, 319, 58, 1);
INSERT INTO order_items (id, order_id, product_id, quantity) VALUES (1255, 319, 72, 4);
INSERT INTO orders (id, user_id, created_at, coupon_id) VALUES (320, 43, '2025-01-24T09:12:38', 10);
INSERT INTO order_items (id, order_id, product_id, quantity) VALUES (1256, 320, 33, 5);
INSERT INTO order_items (id, order_id, product_id, quantity) VALUES (1257, 320, 97, 5);
INSERT INTO order_items (id, order_id, product_id, quantity) VALUES (1258, 320, 26, 4);
INSERT INTO orders (id, user_id, created_at, coupon_id) VALUES (321, 43, '2025-04-21T06:23:24', NULL);
INSERT INTO order_items (id, order_id, product_id, quantity) VALUES (1259, 321, 60, 2);
INSERT INTO order_items (id, order_id, product_id, quantity) VALUES (1260, 321, 77, 4);
INSERT INTO orders (id, user_id, created_at, coupon_id) VALUES (322, 43, '2025-04-18T02:55:35', NULL);
INSERT INTO order_items (id, order_id, product_id, quantity) VALUES (1261, 322, 49, 3);
INSERT INTO order_items (id, order_id, product_id, quantity) VALUES (1262, 322, 93, 3);
INSERT INTO order_items (id, order_id, product_id, quantity) VALUES (1263, 322, 23, 5);
INSERT INTO orders (id, user_id, created_at, coupon_id) VALUES (323, 44, '2025-04-28T01:51:03', NULL);
INSERT INTO order_items (id, order_id, product_id, quantity) VALUES (1264, 323, 38, 1);
INSERT INTO order_items (id, order_id, product_id, quantity) VALUES (1265, 323, 83, 3);
INSERT INTO order_items (id, order_id, product_id, quantity) VALUES (1266, 323, 43, 1);
INSERT INTO order_items (id, order_id, product_id, quantity) VALUES (1267, 323, 24, 3);
INSERT INTO orders (id, user_id, created_at, coupon_id) VALUES (324, 44, '2025-03-15T02:58:33', 14);
INSERT INTO order_items (id, order_id, product_id, quantity) VALUES (1268, 324, 87, 2);
INSERT INTO order_items (id, order_id, product_id, quantity) VALUES (1269, 324, 88, 5);
INSERT INTO order_items (id, order_id, product_id, quantity) VALUES (1270, 324, 76, 3);
INSERT INTO order_items (id, order_id, product_id, quantity) VALUES (1271, 324, 100, 5);
INSERT INTO order_items (id, order_id, product_id, quantity) VALUES (1272, 324, 91, 1);
INSERT INTO order_items (id, order_id, product_id, quantity) VALUES (1273, 324, 20, 5);
INSERT INTO orders (id, user_id, created_at, coupon_id) VALUES (325, 44, '2025-03-09T03:41:20', NULL);
INSERT INTO order_items (id, order_id, product_id, quantity) VALUES (1274, 325, 9, 1);
INSERT INTO order_items (id, order_id, product_id, quantity) VALUES (1275, 325, 93, 4);
INSERT INTO order_items (id, order_id, product_id, quantity) VALUES (1276, 325, 96, 5);
INSERT INTO order_items (id, order_id, product_id, quantity) VALUES (1277, 325, 84, 2);
INSERT INTO order_items (id, order_id, product_id, quantity) VALUES (1278, 325, 53, 2);
INSERT INTO order_items (id, order_id, product_id, quantity) VALUES (1279, 325, 15, 1);
INSERT INTO orders (id, user_id, created_at, coupon_id) VALUES (326, 44, '2025-01-21T03:35:32', NULL);
INSERT INTO order_items (id, order_id, product_id, quantity) VALUES (1280, 326, 23, 3);
INSERT INTO order_items (id, order_id, product_id, quantity) VALUES (1281, 326, 94, 1);
INSERT INTO order_items (id, order_id, product_id, quantity) VALUES (1282, 326, 49, 4);
INSERT INTO order_items (id, order_id, product_id, quantity) VALUES (1283, 326, 13, 4);
INSERT INTO order_items (id, order_id, product_id, quantity) VALUES (1284, 326, 84, 1);
INSERT INTO orders (id, user_id, created_at, coupon_id) VALUES (327, 44, '2025-05-07T22:49:01', NULL);
INSERT INTO order_items (id, order_id, product_id, quantity) VALUES (1285, 327, 77, 4);
INSERT INTO order_items (id, order_id, product_id, quantity) VALUES (1286, 327, 38, 3);
INSERT INTO order_items (id, order_id, product_id, quantity) VALUES (1287, 327, 96, 4);
INSERT INTO orders (id, user_id, created_at, coupon_id) VALUES (328, 44, '2025-02-06T22:28:58', 12);
INSERT INTO order_items (id, order_id, product_id, quantity) VALUES (1288, 328, 70, 1);
INSERT INTO orders (id, user_id, created_at, coupon_id) VALUES (329, 44, '2025-02-08T09:08:18', NULL);
INSERT INTO order_items (id, order_id, product_id, quantity) VALUES (1289, 329, 89, 1);
INSERT INTO order_items (id, order_id, product_id, quantity) VALUES (1290, 329, 40, 1);
INSERT INTO order_items (id, order_id, product_id, quantity) VALUES (1291, 329, 3, 5);
INSERT INTO order_items (id, order_id, product_id, quantity) VALUES (1292, 329, 69, 2);
INSERT INTO order_items (id, order_id, product_id, quantity) VALUES (1293, 329, 30, 3);
INSERT INTO orders (id, user_id, created_at, coupon_id) VALUES (330, 45, '2025-01-09T13:21:20', NULL);
INSERT INTO order_items (id, order_id, product_id, quantity) VALUES (1294, 330, 79, 5);
INSERT INTO order_items (id, order_id, product_id, quantity) VALUES (1295, 330, 59, 1);
INSERT INTO order_items (id, order_id, product_id, quantity) VALUES (1296, 330, 73, 5);
INSERT INTO orders (id, user_id, created_at, coupon_id) VALUES (331, 45, '2025-02-12T14:40:40', NULL);
INSERT INTO order_items (id, order_id, product_id, quantity) VALUES (1297, 331, 64, 4);
INSERT INTO order_items (id, order_id, product_id, quantity) VALUES (1298, 331, 1, 5);
INSERT INTO order_items (id, order_id, product_id, quantity) VALUES (1299, 331, 58, 3);
INSERT INTO order_items (id, order_id, product_id, quantity) VALUES (1300, 331, 27, 5);
INSERT INTO order_items (id, order_id, product_id, quantity) VALUES (1301, 331, 57, 1);
INSERT INTO order_items (id, order_id, product_id, quantity) VALUES (1302, 331, 72, 1);
INSERT INTO orders (id, user_id, created_at, coupon_id) VALUES (332, 45, '2025-04-13T00:04:45', NULL);
INSERT INTO order_items (id, order_id, product_id, quantity) VALUES (1303, 332, 43, 1);
INSERT INTO order_items (id, order_id, product_id, quantity) VALUES (1304, 332, 25, 5);
INSERT INTO order_items (id, order_id, product_id, quantity) VALUES (1305, 332, 10, 2);
INSERT INTO order_items (id, order_id, product_id, quantity) VALUES (1306, 332, 63, 1);
INSERT INTO orders (id, user_id, created_at, coupon_id) VALUES (333, 45, '2025-06-01T06:00:13', 11);
INSERT INTO order_items (id, order_id, product_id, quantity) VALUES (1307, 333, 59, 5);
INSERT INTO order_items (id, order_id, product_id, quantity) VALUES (1308, 333, 90, 3);
INSERT INTO order_items (id, order_id, product_id, quantity) VALUES (1309, 333, 29, 5);
INSERT INTO orders (id, user_id, created_at, coupon_id) VALUES (334, 45, '2025-06-11T00:55:19', NULL);
INSERT INTO order_items (id, order_id, product_id, quantity) VALUES (1310, 334, 28, 4);
INSERT INTO order_items (id, order_id, product_id, quantity) VALUES (1311, 334, 76, 4);
INSERT INTO order_items (id, order_id, product_id, quantity) VALUES (1312, 334, 87, 1);
INSERT INTO order_items (id, order_id, product_id, quantity) VALUES (1313, 334, 25, 2);
INSERT INTO order_items (id, order_id, product_id, quantity) VALUES (1314, 334, 66, 3);
INSERT INTO order_items (id, order_id, product_id, quantity) VALUES (1315, 334, 95, 4);
INSERT INTO order_items (id, order_id, product_id, quantity) VALUES (1316, 334, 95, 1);
INSERT INTO orders (id, user_id, created_at, coupon_id) VALUES (335, 45, '2025-05-05T13:41:24', NULL);
INSERT INTO order_items (id, order_id, product_id, quantity) VALUES (1317, 335, 85, 5);
INSERT INTO order_items (id, order_id, product_id, quantity) VALUES (1318, 335, 44, 3);
INSERT INTO order_items (id, order_id, product_id, quantity) VALUES (1319, 335, 31, 2);
INSERT INTO order_items (id, order_id, product_id, quantity) VALUES (1320, 335, 93, 3);
INSERT INTO order_items (id, order_id, product_id, quantity) VALUES (1321, 335, 49, 5);
INSERT INTO order_items (id, order_id, product_id, quantity) VALUES (1322, 335, 23, 4);
INSERT INTO order_items (id, order_id, product_id, quantity) VALUES (1323, 335, 7, 3);
INSERT INTO orders (id, user_id, created_at, coupon_id) VALUES (336, 45, '2025-06-07T02:41:01', NULL);
INSERT INTO order_items (id, order_id, product_id, quantity) VALUES (1324, 336, 68, 4);
INSERT INTO order_items (id, order_id, product_id, quantity) VALUES (1325, 336, 59, 1);
INSERT INTO order_items (id, order_id, product_id, quantity) VALUES (1326, 336, 91, 5);
INSERT INTO order_items (id, order_id, product_id, quantity) VALUES (1327, 336, 97, 4);
INSERT INTO order_items (id, order_id, product_id, quantity) VALUES (1328, 336, 7, 1);
INSERT INTO orders (id, user_id, created_at, coupon_id) VALUES (337, 45, '2025-05-31T14:34:58', NULL);
INSERT INTO order_items (id, order_id, product_id, quantity) VALUES (1329, 337, 88, 2);
INSERT INTO orders (id, user_id, created_at, coupon_id) VALUES (338, 45, '2025-04-14T02:15:42', 4);
INSERT INTO order_items (id, order_id, product_id, quantity) VALUES (1330, 338, 53, 1);
INSERT INTO order_items (id, order_id, product_id, quantity) VALUES (1331, 338, 7, 1);
INSERT INTO orders (id, user_id, created_at, coupon_id) VALUES (339, 46, '2025-05-25T08:20:28', NULL);
INSERT INTO order_items (id, order_id, product_id, quantity) VALUES (1332, 339, 10, 5);
INSERT INTO order_items (id, order_id, product_id, quantity) VALUES (1333, 339, 7, 4);
INSERT INTO order_items (id, order_id, product_id, quantity) VALUES (1334, 339, 86, 5);
INSERT INTO order_items (id, order_id, product_id, quantity) VALUES (1335, 339, 84, 3);
INSERT INTO order_items (id, order_id, product_id, quantity) VALUES (1336, 339, 27, 3);
INSERT INTO order_items (id, order_id, product_id, quantity) VALUES (1337, 339, 59, 5);
INSERT INTO orders (id, user_id, created_at, coupon_id) VALUES (340, 46, '2025-02-09T01:58:54', NULL);
INSERT INTO order_items (id, order_id, product_id, quantity) VALUES (1338, 340, 100, 2);
INSERT INTO order_items (id, order_id, product_id, quantity) VALUES (1339, 340, 48, 5);
INSERT INTO order_items (id, order_id, product_id, quantity) VALUES (1340, 340, 88, 5);
INSERT INTO order_items (id, order_id, product_id, quantity) VALUES (1341, 340, 65, 1);
INSERT INTO order_items (id, order_id, product_id, quantity) VALUES (1342, 340, 97, 1);
INSERT INTO orders (id, user_id, created_at, coupon_id) VALUES (341, 46, '2025-02-03T16:14:36', NULL);
INSERT INTO order_items (id, order_id, product_id, quantity) VALUES (1343, 341, 24, 4);
INSERT INTO order_items (id, order_id, product_id, quantity) VALUES (1344, 341, 28, 2);
INSERT INTO order_items (id, order_id, product_id, quantity) VALUES (1345, 341, 72, 2);
INSERT INTO order_items (id, order_id, product_id, quantity) VALUES (1346, 341, 80, 1);
INSERT INTO order_items (id, order_id, product_id, quantity) VALUES (1347, 341, 45, 1);
INSERT INTO order_items (id, order_id, product_id, quantity) VALUES (1348, 341, 74, 3);
INSERT INTO order_items (id, order_id, product_id, quantity) VALUES (1349, 341, 26, 1);
INSERT INTO orders (id, user_id, created_at, coupon_id) VALUES (342, 46, '2025-02-20T01:47:22', 1);
INSERT INTO order_items (id, order_id, product_id, quantity) VALUES (1350, 342, 91, 4);
INSERT INTO order_items (id, order_id, product_id, quantity) VALUES (1351, 342, 33, 1);
INSERT INTO order_items (id, order_id, product_id, quantity) VALUES (1352, 342, 27, 5);
INSERT INTO order_items (id, order_id, product_id, quantity) VALUES (1353, 342, 3, 4);
INSERT INTO order_items (id, order_id, product_id, quantity) VALUES (1354, 342, 44, 1);
INSERT INTO order_items (id, order_id, product_id, quantity) VALUES (1355, 342, 14, 4);
INSERT INTO order_items (id, order_id, product_id, quantity) VALUES (1356, 342, 2, 4);
INSERT INTO orders (id, user_id, created_at, coupon_id) VALUES (343, 46, '2025-03-22T01:52:28', NULL);
INSERT INTO order_items (id, order_id, product_id, quantity) VALUES (1357, 343, 35, 1);
INSERT INTO order_items (id, order_id, product_id, quantity) VALUES (1358, 343, 15, 2);
INSERT INTO order_items (id, order_id, product_id, quantity) VALUES (1359, 343, 14, 3);
INSERT INTO order_items (id, order_id, product_id, quantity) VALUES (1360, 343, 70, 3);
INSERT INTO order_items (id, order_id, product_id, quantity) VALUES (1361, 343, 94, 5);
INSERT INTO orders (id, user_id, created_at, coupon_id) VALUES (344, 46, '2025-02-25T13:36:10', 18);
INSERT INTO order_items (id, order_id, product_id, quantity) VALUES (1362, 344, 28, 2);
INSERT INTO order_items (id, order_id, product_id, quantity) VALUES (1363, 344, 38, 1);
INSERT INTO orders (id, user_id, created_at, coupon_id) VALUES (345, 47, '2025-05-27T11:48:17', NULL);
INSERT INTO order_items (id, order_id, product_id, quantity) VALUES (1364, 345, 26, 5);
INSERT INTO order_items (id, order_id, product_id, quantity) VALUES (1365, 345, 61, 4);
INSERT INTO order_items (id, order_id, product_id, quantity) VALUES (1366, 345, 74, 1);
INSERT INTO order_items (id, order_id, product_id, quantity) VALUES (1367, 345, 6, 5);
INSERT INTO order_items (id, order_id, product_id, quantity) VALUES (1368, 345, 65, 2);
INSERT INTO order_items (id, order_id, product_id, quantity) VALUES (1369, 345, 70, 1);
INSERT INTO orders (id, user_id, created_at, coupon_id) VALUES (346, 47, '2025-05-08T22:43:44', 17);
INSERT INTO order_items (id, order_id, product_id, quantity) VALUES (1370, 346, 92, 4);
INSERT INTO orders (id, user_id, created_at, coupon_id) VALUES (347, 47, '2025-05-26T02:06:25', NULL);
INSERT INTO order_items (id, order_id, product_id, quantity) VALUES (1371, 347, 85, 1);
INSERT INTO order_items (id, order_id, product_id, quantity) VALUES (1372, 347, 14, 4);
INSERT INTO order_items (id, order_id, product_id, quantity) VALUES (1373, 347, 57, 5);
INSERT INTO order_items (id, order_id, product_id, quantity) VALUES (1374, 347, 69, 2);
INSERT INTO orders (id, user_id, created_at, coupon_id) VALUES (348, 47, '2025-05-12T06:22:33', 12);
INSERT INTO order_items (id, order_id, product_id, quantity) VALUES (1375, 348, 84, 1);
INSERT INTO order_items (id, order_id, product_id, quantity) VALUES (1376, 348, 38, 3);
INSERT INTO order_items (id, order_id, product_id, quantity) VALUES (1377, 348, 34, 1);
INSERT INTO orders (id, user_id, created_at, coupon_id) VALUES (349, 47, '2025-02-06T08:02:22', NULL);
INSERT INTO order_items (id, order_id, product_id, quantity) VALUES (1378, 349, 72, 1);
INSERT INTO order_items (id, order_id, product_id, quantity) VALUES (1379, 349, 63, 4);
INSERT INTO order_items (id, order_id, product_id, quantity) VALUES (1380, 349, 16, 4);
INSERT INTO order_items (id, order_id, product_id, quantity) VALUES (1381, 349, 79, 5);
INSERT INTO order_items (id, order_id, product_id, quantity) VALUES (1382, 349, 2, 1);
INSERT INTO order_items (id, order_id, product_id, quantity) VALUES (1383, 349, 43, 3);
INSERT INTO order_items (id, order_id, product_id, quantity) VALUES (1384, 349, 46, 4);
INSERT INTO orders (id, user_id, created_at, coupon_id) VALUES (350, 48, '2025-04-24T12:11:41', NULL);
INSERT INTO order_items (id, order_id, product_id, quantity) VALUES (1385, 350, 24, 3);
INSERT INTO order_items (id, order_id, product_id, quantity) VALUES (1386, 350, 22, 4);
INSERT INTO orders (id, user_id, created_at, coupon_id) VALUES (351, 48, '2025-01-21T00:14:40', 10);
INSERT INTO order_items (id, order_id, product_id, quantity) VALUES (1387, 351, 97, 2);
INSERT INTO order_items (id, order_id, product_id, quantity) VALUES (1388, 351, 31, 5);
INSERT INTO orders (id, user_id, created_at, coupon_id) VALUES (352, 48, '2025-01-01T23:49:10', NULL);
INSERT INTO order_items (id, order_id, product_id, quantity) VALUES (1389, 352, 40, 1);
INSERT INTO order_items (id, order_id, product_id, quantity) VALUES (1390, 352, 33, 2);
INSERT INTO order_items (id, order_id, product_id, quantity) VALUES (1391, 352, 34, 3);
INSERT INTO order_items (id, order_id, product_id, quantity) VALUES (1392, 352, 60, 5);
INSERT INTO orders (id, user_id, created_at, coupon_id) VALUES (353, 48, '2025-03-02T14:02:41', 2);
INSERT INTO order_items (id, order_id, product_id, quantity) VALUES (1393, 353, 58, 2);
INSERT INTO order_items (id, order_id, product_id, quantity) VALUES (1394, 353, 40, 5);
INSERT INTO order_items (id, order_id, product_id, quantity) VALUES (1395, 353, 43, 3);
INSERT INTO order_items (id, order_id, product_id, quantity) VALUES (1396, 353, 85, 4);
INSERT INTO order_items (id, order_id, product_id, quantity) VALUES (1397, 353, 19, 2);
INSERT INTO orders (id, user_id, created_at, coupon_id) VALUES (354, 48, '2025-04-19T14:33:45', NULL);
INSERT INTO order_items (id, order_id, product_id, quantity) VALUES (1398, 354, 22, 3);
INSERT INTO order_items (id, order_id, product_id, quantity) VALUES (1399, 354, 82, 5);
INSERT INTO order_items (id, order_id, product_id, quantity) VALUES (1400, 354, 48, 1);
INSERT INTO order_items (id, order_id, product_id, quantity) VALUES (1401, 354, 49, 4);
INSERT INTO orders (id, user_id, created_at, coupon_id) VALUES (355, 48, '2025-02-20T14:25:08', NULL);
INSERT INTO order_items (id, order_id, product_id, quantity) VALUES (1402, 355, 73, 1);
INSERT INTO order_items (id, order_id, product_id, quantity) VALUES (1403, 355, 100, 5);
INSERT INTO order_items (id, order_id, product_id, quantity) VALUES (1404, 355, 34, 1);
INSERT INTO order_items (id, order_id, product_id, quantity) VALUES (1405, 355, 38, 2);
INSERT INTO order_items (id, order_id, product_id, quantity) VALUES (1406, 355, 58, 2);
INSERT INTO orders (id, user_id, created_at, coupon_id) VALUES (356, 48, '2025-03-26T11:35:57', NULL);
INSERT INTO order_items (id, order_id, product_id, quantity) VALUES (1407, 356, 44, 1);
INSERT INTO order_items (id, order_id, product_id, quantity) VALUES (1408, 356, 18, 5);
INSERT INTO orders (id, user_id, created_at, coupon_id) VALUES (357, 48, '2025-05-10T06:40:41', NULL);
INSERT INTO order_items (id, order_id, product_id, quantity) VALUES (1409, 357, 20, 1);
INSERT INTO order_items (id, order_id, product_id, quantity) VALUES (1410, 357, 88, 3);
INSERT INTO order_items (id, order_id, product_id, quantity) VALUES (1411, 357, 80, 5);
INSERT INTO order_items (id, order_id, product_id, quantity) VALUES (1412, 357, 59, 5);
INSERT INTO orders (id, user_id, created_at, coupon_id) VALUES (358, 49, '2025-01-16T21:32:54', NULL);
INSERT INTO order_items (id, order_id, product_id, quantity) VALUES (1413, 358, 41, 1);
INSERT INTO order_items (id, order_id, product_id, quantity) VALUES (1414, 358, 6, 1);
INSERT INTO order_items (id, order_id, product_id, quantity) VALUES (1415, 358, 48, 2);
INSERT INTO order_items (id, order_id, product_id, quantity) VALUES (1416, 358, 64, 4);
INSERT INTO orders (id, user_id, created_at, coupon_id) VALUES (359, 49, '2025-01-03T18:16:50', NULL);
INSERT INTO order_items (id, order_id, product_id, quantity) VALUES (1417, 359, 4, 1);
INSERT INTO order_items (id, order_id, product_id, quantity) VALUES (1418, 359, 89, 4);
INSERT INTO order_items (id, order_id, product_id, quantity) VALUES (1419, 359, 32, 4);
INSERT INTO order_items (id, order_id, product_id, quantity) VALUES (1420, 359, 42, 4);
INSERT INTO orders (id, user_id, created_at, coupon_id) VALUES (360, 49, '2025-03-05T08:31:12', NULL);
INSERT INTO order_items (id, order_id, product_id, quantity) VALUES (1421, 360, 4, 4);
INSERT INTO order_items (id, order_id, product_id, quantity) VALUES (1422, 360, 89, 4);
INSERT INTO order_items (id, order_id, product_id, quantity) VALUES (1423, 360, 80, 3);
INSERT INTO order_items (id, order_id, product_id, quantity) VALUES (1424, 360, 68, 3);
INSERT INTO order_items (id, order_id, product_id, quantity) VALUES (1425, 360, 92, 4);
INSERT INTO orders (id, user_id, created_at, coupon_id) VALUES (361, 49, '2025-05-10T11:38:27', NULL);
INSERT INTO order_items (id, order_id, product_id, quantity) VALUES (1426, 361, 71, 3);
INSERT INTO orders (id, user_id, created_at, coupon_id) VALUES (362, 49, '2025-03-18T02:44:42', NULL);
INSERT INTO order_items (id, order_id, product_id, quantity) VALUES (1427, 362, 78, 5);
INSERT INTO order_items (id, order_id, product_id, quantity) VALUES (1428, 362, 57, 2);
INSERT INTO order_items (id, order_id, product_id, quantity) VALUES (1429, 362, 68, 2);
INSERT INTO order_items (id, order_id, product_id, quantity) VALUES (1430, 362, 13, 5);
INSERT INTO order_items (id, order_id, product_id, quantity) VALUES (1431, 362, 69, 3);
INSERT INTO order_items (id, order_id, product_id, quantity) VALUES (1432, 362, 35, 3);
INSERT INTO order_items (id, order_id, product_id, quantity) VALUES (1433, 362, 95, 5);
INSERT INTO orders (id, user_id, created_at, coupon_id) VALUES (363, 49, '2025-03-21T00:11:56', NULL);
INSERT INTO order_items (id, order_id, product_id, quantity) VALUES (1434, 363, 53, 1);
INSERT INTO order_items (id, order_id, product_id, quantity) VALUES (1435, 363, 61, 5);
INSERT INTO order_items (id, order_id, product_id, quantity) VALUES (1436, 363, 45, 1);
INSERT INTO order_items (id, order_id, product_id, quantity) VALUES (1437, 363, 63, 2);
INSERT INTO order_items (id, order_id, product_id, quantity) VALUES (1438, 363, 39, 4);
INSERT INTO order_items (id, order_id, product_id, quantity) VALUES (1439, 363, 50, 1);
INSERT INTO order_items (id, order_id, product_id, quantity) VALUES (1440, 363, 78, 4);
INSERT INTO orders (id, user_id, created_at, coupon_id) VALUES (364, 49, '2025-06-09T04:29:19', 2);
INSERT INTO order_items (id, order_id, product_id, quantity) VALUES (1441, 364, 99, 5);
INSERT INTO order_items (id, order_id, product_id, quantity) VALUES (1442, 364, 57, 4);
INSERT INTO orders (id, user_id, created_at, coupon_id) VALUES (365, 49, '2025-05-07T04:49:51', NULL);
INSERT INTO order_items (id, order_id, product_id, quantity) VALUES (1443, 365, 4, 5);
INSERT INTO order_items (id, order_id, product_id, quantity) VALUES (1444, 365, 66, 2);
INSERT INTO order_items (id, order_id, product_id, quantity) VALUES (1445, 365, 14, 2);
INSERT INTO order_items (id, order_id, product_id, quantity) VALUES (1446, 365, 97, 2);
INSERT INTO orders (id, user_id, created_at, coupon_id) VALUES (366, 49, '2025-04-22T14:09:36', NULL);
INSERT INTO order_items (id, order_id, product_id, quantity) VALUES (1447, 366, 60, 4);
INSERT INTO order_items (id, order_id, product_id, quantity) VALUES (1448, 366, 58, 4);
INSERT INTO order_items (id, order_id, product_id, quantity) VALUES (1449, 366, 53, 4);
INSERT INTO order_items (id, order_id, product_id, quantity) VALUES (1450, 366, 70, 1);
INSERT INTO orders (id, user_id, created_at, coupon_id) VALUES (367, 50, '2025-03-09T12:30:13', NULL);
INSERT INTO order_items (id, order_id, product_id, quantity) VALUES (1451, 367, 69, 2);
INSERT INTO order_items (id, order_id, product_id, quantity) VALUES (1452, 367, 31, 2);
INSERT INTO order_items (id, order_id, product_id, quantity) VALUES (1453, 367, 42, 4);
INSERT INTO order_items (id, order_id, product_id, quantity) VALUES (1454, 367, 82, 4);
INSERT INTO order_items (id, order_id, product_id, quantity) VALUES (1455, 367, 33, 5);
INSERT INTO orders (id, user_id, created_at, coupon_id) VALUES (368, 50, '2025-04-21T09:04:57', NULL);
INSERT INTO order_items (id, order_id, product_id, quantity) VALUES (1456, 368, 2, 3);
INSERT INTO order_items (id, order_id, product_id, quantity) VALUES (1457, 368, 88, 4);
INSERT INTO order_items (id, order_id, product_id, quantity) VALUES (1458, 368, 11, 1);
INSERT INTO order_items (id, order_id, product_id, quantity) VALUES (1459, 368, 40, 4);
INSERT INTO orders (id, user_id, created_at, coupon_id) VALUES (369, 50, '2025-03-02T06:43:24', NULL);
INSERT INTO order_items (id, order_id, product_id, quantity) VALUES (1460, 369, 49, 4);
INSERT INTO order_items (id, order_id, product_id, quantity) VALUES (1461, 369, 6, 2);
INSERT INTO order_items (id, order_id, product_id, quantity) VALUES (1462, 369, 74, 3);
INSERT INTO order_items (id, order_id, product_id, quantity) VALUES (1463, 369, 8, 4);
INSERT INTO order_items (id, order_id, product_id, quantity) VALUES (1464, 369, 73, 5);
INSERT INTO order_items (id, order_id, product_id, quantity) VALUES (1465, 369, 43, 5);
INSERT INTO orders (id, user_id, created_at, coupon_id) VALUES (370, 50, '2025-04-01T18:59:15', NULL);
INSERT INTO order_items (id, order_id, product_id, quantity) VALUES (1466, 370, 34, 2);
INSERT INTO order_items (id, order_id, product_id, quantity) VALUES (1467, 370, 97, 3);
INSERT INTO order_items (id, order_id, product_id, quantity) VALUES (1468, 370, 21, 2);
INSERT INTO order_items (id, order_id, product_id, quantity) VALUES (1469, 370, 71, 1);
INSERT INTO order_items (id, order_id, product_id, quantity) VALUES (1470, 370, 17, 3);
INSERT INTO orders (id, user_id, created_at, coupon_id) VALUES (371, 50, '2025-05-29T16:46:46', 7);
INSERT INTO order_items (id, order_id, product_id, quantity) VALUES (1471, 371, 4, 4);
INSERT INTO order_items (id, order_id, product_id, quantity) VALUES (1472, 371, 36, 5);
INSERT INTO orders (id, user_id, created_at, coupon_id) VALUES (372, 51, '2025-04-07T00:10:12', 8);
INSERT INTO order_items (id, order_id, product_id, quantity) VALUES (1473, 372, 20, 4);
INSERT INTO orders (id, user_id, created_at, coupon_id) VALUES (373, 51, '2025-03-17T07:41:58', NULL);
INSERT INTO order_items (id, order_id, product_id, quantity) VALUES (1474, 373, 11, 2);
INSERT INTO order_items (id, order_id, product_id, quantity) VALUES (1475, 373, 34, 5);
INSERT INTO orders (id, user_id, created_at, coupon_id) VALUES (374, 51, '2025-01-30T14:50:48', NULL);
INSERT INTO order_items (id, order_id, product_id, quantity) VALUES (1476, 374, 83, 1);
INSERT INTO order_items (id, order_id, product_id, quantity) VALUES (1477, 374, 90, 1);
INSERT INTO order_items (id, order_id, product_id, quantity) VALUES (1478, 374, 77, 4);
INSERT INTO order_items (id, order_id, product_id, quantity) VALUES (1479, 374, 76, 3);
INSERT INTO order_items (id, order_id, product_id, quantity) VALUES (1480, 374, 53, 1);
INSERT INTO orders (id, user_id, created_at, coupon_id) VALUES (375, 51, '2025-05-24T18:46:04', 3);
INSERT INTO order_items (id, order_id, product_id, quantity) VALUES (1481, 375, 87, 2);
INSERT INTO orders (id, user_id, created_at, coupon_id) VALUES (376, 51, '2025-05-31T17:47:48', NULL);
INSERT INTO order_items (id, order_id, product_id, quantity) VALUES (1482, 376, 78, 5);
INSERT INTO order_items (id, order_id, product_id, quantity) VALUES (1483, 376, 63, 3);
INSERT INTO order_items (id, order_id, product_id, quantity) VALUES (1484, 376, 73, 2);
INSERT INTO order_items (id, order_id, product_id, quantity) VALUES (1485, 376, 18, 3);
INSERT INTO order_items (id, order_id, product_id, quantity) VALUES (1486, 376, 12, 2);
INSERT INTO orders (id, user_id, created_at, coupon_id) VALUES (377, 51, '2025-02-05T03:44:42', NULL);
INSERT INTO order_items (id, order_id, product_id, quantity) VALUES (1487, 377, 5, 2);
INSERT INTO order_items (id, order_id, product_id, quantity) VALUES (1488, 377, 93, 3);
INSERT INTO order_items (id, order_id, product_id, quantity) VALUES (1489, 377, 12, 1);
INSERT INTO order_items (id, order_id, product_id, quantity) VALUES (1490, 377, 98, 1);
INSERT INTO order_items (id, order_id, product_id, quantity) VALUES (1491, 377, 68, 2);
INSERT INTO order_items (id, order_id, product_id, quantity) VALUES (1492, 377, 96, 3);
INSERT INTO orders (id, user_id, created_at, coupon_id) VALUES (378, 51, '2025-01-18T23:15:23', NULL);
INSERT INTO order_items (id, order_id, product_id, quantity) VALUES (1493, 378, 81, 2);
INSERT INTO order_items (id, order_id, product_id, quantity) VALUES (1494, 378, 46, 1);
INSERT INTO order_items (id, order_id, product_id, quantity) VALUES (1495, 378, 81, 5);
INSERT INTO order_items (id, order_id, product_id, quantity) VALUES (1496, 378, 50, 3);
INSERT INTO order_items (id, order_id, product_id, quantity) VALUES (1497, 378, 77, 4);
INSERT INTO orders (id, user_id, created_at, coupon_id) VALUES (379, 51, '2025-03-25T21:29:13', NULL);
INSERT INTO order_items (id, order_id, product_id, quantity) VALUES (1498, 379, 15, 5);
INSERT INTO order_items (id, order_id, product_id, quantity) VALUES (1499, 379, 29, 4);
INSERT INTO orders (id, user_id, created_at, coupon_id) VALUES (380, 51, '2025-05-11T11:30:58', NULL);
INSERT INTO order_items (id, order_id, product_id, quantity) VALUES (1500, 380, 55, 3);
INSERT INTO order_items (id, order_id, product_id, quantity) VALUES (1501, 380, 79, 1);
INSERT INTO orders (id, user_id, created_at, coupon_id) VALUES (381, 51, '2025-01-17T23:14:32', NULL);
INSERT INTO order_items (id, order_id, product_id, quantity) VALUES (1502, 381, 86, 2);
INSERT INTO orders (id, user_id, created_at, coupon_id) VALUES (382, 52, '2025-03-12T11:51:00', 13);
INSERT INTO order_items (id, order_id, product_id, quantity) VALUES (1503, 382, 72, 4);
INSERT INTO order_items (id, order_id, product_id, quantity) VALUES (1504, 382, 31, 4);
INSERT INTO order_items (id, order_id, product_id, quantity) VALUES (1505, 382, 49, 2);
INSERT INTO order_items (id, order_id, product_id, quantity) VALUES (1506, 382, 50, 4);
INSERT INTO order_items (id, order_id, product_id, quantity) VALUES (1507, 382, 52, 4);
INSERT INTO order_items (id, order_id, product_id, quantity) VALUES (1508, 382, 90, 2);
INSERT INTO order_items (id, order_id, product_id, quantity) VALUES (1509, 382, 20, 2);
INSERT INTO orders (id, user_id, created_at, coupon_id) VALUES (383, 52, '2025-02-10T04:23:26', NULL);
INSERT INTO order_items (id, order_id, product_id, quantity) VALUES (1510, 383, 2, 1);
INSERT INTO order_items (id, order_id, product_id, quantity) VALUES (1511, 383, 83, 3);
INSERT INTO order_items (id, order_id, product_id, quantity) VALUES (1512, 383, 9, 1);
INSERT INTO order_items (id, order_id, product_id, quantity) VALUES (1513, 383, 56, 3);
INSERT INTO order_items (id, order_id, product_id, quantity) VALUES (1514, 383, 24, 2);
INSERT INTO order_items (id, order_id, product_id, quantity) VALUES (1515, 383, 60, 4);
INSERT INTO order_items (id, order_id, product_id, quantity) VALUES (1516, 383, 72, 2);
INSERT INTO orders (id, user_id, created_at, coupon_id) VALUES (384, 52, '2025-05-23T12:14:06', NULL);
INSERT INTO order_items (id, order_id, product_id, quantity) VALUES (1517, 384, 65, 5);
INSERT INTO order_items (id, order_id, product_id, quantity) VALUES (1518, 384, 66, 5);
INSERT INTO order_items (id, order_id, product_id, quantity) VALUES (1519, 384, 13, 4);
INSERT INTO order_items (id, order_id, product_id, quantity) VALUES (1520, 384, 61, 3);
INSERT INTO order_items (id, order_id, product_id, quantity) VALUES (1521, 384, 83, 1);
INSERT INTO orders (id, user_id, created_at, coupon_id) VALUES (385, 52, '2025-01-11T10:37:09', 9);
INSERT INTO order_items (id, order_id, product_id, quantity) VALUES (1522, 385, 34, 5);
INSERT INTO order_items (id, order_id, product_id, quantity) VALUES (1523, 385, 29, 2);
INSERT INTO order_items (id, order_id, product_id, quantity) VALUES (1524, 385, 77, 1);
INSERT INTO order_items (id, order_id, product_id, quantity) VALUES (1525, 385, 40, 3);
INSERT INTO order_items (id, order_id, product_id, quantity) VALUES (1526, 385, 40, 1);
INSERT INTO order_items (id, order_id, product_id, quantity) VALUES (1527, 385, 68, 1);
INSERT INTO orders (id, user_id, created_at, coupon_id) VALUES (386, 52, '2025-05-17T11:05:13', NULL);
INSERT INTO order_items (id, order_id, product_id, quantity) VALUES (1528, 386, 92, 5);
INSERT INTO order_items (id, order_id, product_id, quantity) VALUES (1529, 386, 69, 3);
INSERT INTO order_items (id, order_id, product_id, quantity) VALUES (1530, 386, 42, 1);
INSERT INTO order_items (id, order_id, product_id, quantity) VALUES (1531, 386, 97, 5);
INSERT INTO orders (id, user_id, created_at, coupon_id) VALUES (387, 52, '2025-06-12T00:53:06', NULL);
INSERT INTO order_items (id, order_id, product_id, quantity) VALUES (1532, 387, 57, 4);
INSERT INTO order_items (id, order_id, product_id, quantity) VALUES (1533, 387, 96, 3);
INSERT INTO order_items (id, order_id, product_id, quantity) VALUES (1534, 387, 69, 1);
INSERT INTO order_items (id, order_id, product_id, quantity) VALUES (1535, 387, 90, 2);
INSERT INTO order_items (id, order_id, product_id, quantity) VALUES (1536, 387, 14, 5);
INSERT INTO order_items (id, order_id, product_id, quantity) VALUES (1537, 387, 74, 2);
INSERT INTO order_items (id, order_id, product_id, quantity) VALUES (1538, 387, 19, 1);
INSERT INTO orders (id, user_id, created_at, coupon_id) VALUES (388, 53, '2025-01-02T00:42:15', 13);
INSERT INTO order_items (id, order_id, product_id, quantity) VALUES (1539, 388, 93, 4);
INSERT INTO order_items (id, order_id, product_id, quantity) VALUES (1540, 388, 3, 3);
INSERT INTO order_items (id, order_id, product_id, quantity) VALUES (1541, 388, 82, 3);
INSERT INTO order_items (id, order_id, product_id, quantity) VALUES (1542, 388, 48, 5);
INSERT INTO order_items (id, order_id, product_id, quantity) VALUES (1543, 388, 14, 2);
INSERT INTO orders (id, user_id, created_at, coupon_id) VALUES (389, 53, '2025-03-20T22:56:14', NULL);
INSERT INTO order_items (id, order_id, product_id, quantity) VALUES (1544, 389, 24, 3);
INSERT INTO order_items (id, order_id, product_id, quantity) VALUES (1545, 389, 56, 5);
INSERT INTO orders (id, user_id, created_at, coupon_id) VALUES (390, 53, '2025-02-03T17:28:16', NULL);
INSERT INTO order_items (id, order_id, product_id, quantity) VALUES (1546, 390, 44, 5);
INSERT INTO order_items (id, order_id, product_id, quantity) VALUES (1547, 390, 61, 4);
INSERT INTO order_items (id, order_id, product_id, quantity) VALUES (1548, 390, 58, 3);
INSERT INTO order_items (id, order_id, product_id, quantity) VALUES (1549, 390, 81, 4);
INSERT INTO order_items (id, order_id, product_id, quantity) VALUES (1550, 390, 92, 4);
INSERT INTO orders (id, user_id, created_at, coupon_id) VALUES (391, 53, '2025-04-28T20:23:22', NULL);
INSERT INTO order_items (id, order_id, product_id, quantity) VALUES (1551, 391, 42, 3);
INSERT INTO order_items (id, order_id, product_id, quantity) VALUES (1552, 391, 37, 5);
INSERT INTO order_items (id, order_id, product_id, quantity) VALUES (1553, 391, 28, 4);
INSERT INTO order_items (id, order_id, product_id, quantity) VALUES (1554, 391, 17, 1);
INSERT INTO order_items (id, order_id, product_id, quantity) VALUES (1555, 391, 18, 2);
INSERT INTO orders (id, user_id, created_at, coupon_id) VALUES (392, 53, '2025-05-07T14:11:46', NULL);
INSERT INTO order_items (id, order_id, product_id, quantity) VALUES (1556, 392, 70, 3);
INSERT INTO order_items (id, order_id, product_id, quantity) VALUES (1557, 392, 82, 3);
INSERT INTO orders (id, user_id, created_at, coupon_id) VALUES (393, 54, '2025-01-20T14:13:14', NULL);
INSERT INTO order_items (id, order_id, product_id, quantity) VALUES (1558, 393, 86, 1);
INSERT INTO order_items (id, order_id, product_id, quantity) VALUES (1559, 393, 42, 1);
INSERT INTO order_items (id, order_id, product_id, quantity) VALUES (1560, 393, 57, 5);
INSERT INTO order_items (id, order_id, product_id, quantity) VALUES (1561, 393, 37, 4);
INSERT INTO orders (id, user_id, created_at, coupon_id) VALUES (394, 54, '2025-02-13T01:21:40', NULL);
INSERT INTO order_items (id, order_id, product_id, quantity) VALUES (1562, 394, 56, 1);
INSERT INTO order_items (id, order_id, product_id, quantity) VALUES (1563, 394, 100, 3);
INSERT INTO order_items (id, order_id, product_id, quantity) VALUES (1564, 394, 78, 4);
INSERT INTO order_items (id, order_id, product_id, quantity) VALUES (1565, 394, 27, 2);
INSERT INTO order_items (id, order_id, product_id, quantity) VALUES (1566, 394, 34, 2);
INSERT INTO order_items (id, order_id, product_id, quantity) VALUES (1567, 394, 86, 5);
INSERT INTO order_items (id, order_id, product_id, quantity) VALUES (1568, 394, 44, 3);
INSERT INTO orders (id, user_id, created_at, coupon_id) VALUES (395, 54, '2025-03-02T04:53:45', NULL);
INSERT INTO order_items (id, order_id, product_id, quantity) VALUES (1569, 395, 45, 3);
INSERT INTO order_items (id, order_id, product_id, quantity) VALUES (1570, 395, 17, 5);
INSERT INTO order_items (id, order_id, product_id, quantity) VALUES (1571, 395, 16, 1);
INSERT INTO order_items (id, order_id, product_id, quantity) VALUES (1572, 395, 94, 2);
INSERT INTO order_items (id, order_id, product_id, quantity) VALUES (1573, 395, 5, 5);
INSERT INTO order_items (id, order_id, product_id, quantity) VALUES (1574, 395, 14, 2);
INSERT INTO order_items (id, order_id, product_id, quantity) VALUES (1575, 395, 7, 1);
INSERT INTO orders (id, user_id, created_at, coupon_id) VALUES (396, 54, '2025-05-09T17:42:20', NULL);
INSERT INTO order_items (id, order_id, product_id, quantity) VALUES (1576, 396, 10, 1);
INSERT INTO orders (id, user_id, created_at, coupon_id) VALUES (397, 54, '2025-03-13T01:54:12', NULL);
INSERT INTO order_items (id, order_id, product_id, quantity) VALUES (1577, 397, 18, 4);
INSERT INTO order_items (id, order_id, product_id, quantity) VALUES (1578, 397, 82, 2);
INSERT INTO order_items (id, order_id, product_id, quantity) VALUES (1579, 397, 51, 1);
INSERT INTO orders (id, user_id, created_at, coupon_id) VALUES (398, 54, '2025-04-25T09:40:02', NULL);
INSERT INTO order_items (id, order_id, product_id, quantity) VALUES (1580, 398, 10, 1);
INSERT INTO order_items (id, order_id, product_id, quantity) VALUES (1581, 398, 71, 4);
INSERT INTO order_items (id, order_id, product_id, quantity) VALUES (1582, 398, 44, 3);
INSERT INTO order_items (id, order_id, product_id, quantity) VALUES (1583, 398, 73, 1);
INSERT INTO order_items (id, order_id, product_id, quantity) VALUES (1584, 398, 42, 3);
INSERT INTO order_items (id, order_id, product_id, quantity) VALUES (1585, 398, 93, 3);
INSERT INTO orders (id, user_id, created_at, coupon_id) VALUES (399, 55, '2025-05-26T20:07:13', NULL);
INSERT INTO order_items (id, order_id, product_id, quantity) VALUES (1586, 399, 86, 4);
INSERT INTO order_items (id, order_id, product_id, quantity) VALUES (1587, 399, 91, 2);
INSERT INTO order_items (id, order_id, product_id, quantity) VALUES (1588, 399, 37, 4);
INSERT INTO order_items (id, order_id, product_id, quantity) VALUES (1589, 399, 94, 1);
INSERT INTO order_items (id, order_id, product_id, quantity) VALUES (1590, 399, 95, 1);
INSERT INTO order_items (id, order_id, product_id, quantity) VALUES (1591, 399, 88, 5);
INSERT INTO order_items (id, order_id, product_id, quantity) VALUES (1592, 399, 97, 3);
INSERT INTO orders (id, user_id, created_at, coupon_id) VALUES (400, 55, '2025-02-21T15:00:55', NULL);
INSERT INTO order_items (id, order_id, product_id, quantity) VALUES (1593, 400, 61, 1);
INSERT INTO order_items (id, order_id, product_id, quantity) VALUES (1594, 400, 23, 1);
INSERT INTO order_items (id, order_id, product_id, quantity) VALUES (1595, 400, 33, 1);
INSERT INTO orders (id, user_id, created_at, coupon_id) VALUES (401, 55, '2025-04-21T21:17:19', NULL);
INSERT INTO order_items (id, order_id, product_id, quantity) VALUES (1596, 401, 71, 4);
INSERT INTO orders (id, user_id, created_at, coupon_id) VALUES (402, 55, '2025-02-01T12:01:11', NULL);
INSERT INTO order_items (id, order_id, product_id, quantity) VALUES (1597, 402, 17, 5);
INSERT INTO order_items (id, order_id, product_id, quantity) VALUES (1598, 402, 68, 3);
INSERT INTO orders (id, user_id, created_at, coupon_id) VALUES (403, 55, '2025-03-01T20:54:11', NULL);
INSERT INTO order_items (id, order_id, product_id, quantity) VALUES (1599, 403, 73, 5);
INSERT INTO order_items (id, order_id, product_id, quantity) VALUES (1600, 403, 56, 1);
INSERT INTO orders (id, user_id, created_at, coupon_id) VALUES (404, 55, '2025-04-15T01:59:12', NULL);
INSERT INTO order_items (id, order_id, product_id, quantity) VALUES (1601, 404, 61, 4);
INSERT INTO order_items (id, order_id, product_id, quantity) VALUES (1602, 404, 94, 3);
INSERT INTO order_items (id, order_id, product_id, quantity) VALUES (1603, 404, 75, 5);
INSERT INTO order_items (id, order_id, product_id, quantity) VALUES (1604, 404, 58, 4);
INSERT INTO order_items (id, order_id, product_id, quantity) VALUES (1605, 404, 78, 1);
INSERT INTO orders (id, user_id, created_at, coupon_id) VALUES (405, 55, '2025-02-02T18:07:47', NULL);
INSERT INTO order_items (id, order_id, product_id, quantity) VALUES (1606, 405, 37, 2);
INSERT INTO order_items (id, order_id, product_id, quantity) VALUES (1607, 405, 4, 1);
INSERT INTO order_items (id, order_id, product_id, quantity) VALUES (1608, 405, 91, 2);
INSERT INTO order_items (id, order_id, product_id, quantity) VALUES (1609, 405, 66, 4);
INSERT INTO order_items (id, order_id, product_id, quantity) VALUES (1610, 405, 32, 3);
INSERT INTO orders (id, user_id, created_at, coupon_id) VALUES (406, 56, '2025-04-12T03:13:04', NULL);
INSERT INTO order_items (id, order_id, product_id, quantity) VALUES (1611, 406, 21, 2);
INSERT INTO orders (id, user_id, created_at, coupon_id) VALUES (407, 56, '2025-04-03T14:28:05', NULL);
INSERT INTO order_items (id, order_id, product_id, quantity) VALUES (1612, 407, 33, 4);
INSERT INTO order_items (id, order_id, product_id, quantity) VALUES (1613, 407, 60, 3);
INSERT INTO order_items (id, order_id, product_id, quantity) VALUES (1614, 407, 60, 4);
INSERT INTO order_items (id, order_id, product_id, quantity) VALUES (1615, 407, 6, 2);
INSERT INTO order_items (id, order_id, product_id, quantity) VALUES (1616, 407, 67, 3);
INSERT INTO orders (id, user_id, created_at, coupon_id) VALUES (408, 56, '2025-04-17T15:04:11', NULL);
INSERT INTO order_items (id, order_id, product_id, quantity) VALUES (1617, 408, 82, 5);
INSERT INTO order_items (id, order_id, product_id, quantity) VALUES (1618, 408, 75, 5);
INSERT INTO order_items (id, order_id, product_id, quantity) VALUES (1619, 408, 52, 2);
INSERT INTO order_items (id, order_id, product_id, quantity) VALUES (1620, 408, 28, 3);
INSERT INTO order_items (id, order_id, product_id, quantity) VALUES (1621, 408, 25, 1);
INSERT INTO order_items (id, order_id, product_id, quantity) VALUES (1622, 408, 69, 5);
INSERT INTO order_items (id, order_id, product_id, quantity) VALUES (1623, 408, 3, 4);
INSERT INTO orders (id, user_id, created_at, coupon_id) VALUES (409, 56, '2025-01-08T15:48:30', NULL);
INSERT INTO order_items (id, order_id, product_id, quantity) VALUES (1624, 409, 23, 5);
INSERT INTO orders (id, user_id, created_at, coupon_id) VALUES (410, 56, '2025-02-28T11:52:48', NULL);
INSERT INTO order_items (id, order_id, product_id, quantity) VALUES (1625, 410, 7, 1);
INSERT INTO order_items (id, order_id, product_id, quantity) VALUES (1626, 410, 96, 2);
INSERT INTO order_items (id, order_id, product_id, quantity) VALUES (1627, 410, 31, 5);
INSERT INTO order_items (id, order_id, product_id, quantity) VALUES (1628, 410, 59, 3);
INSERT INTO order_items (id, order_id, product_id, quantity) VALUES (1629, 410, 35, 3);
INSERT INTO order_items (id, order_id, product_id, quantity) VALUES (1630, 410, 51, 2);
INSERT INTO orders (id, user_id, created_at, coupon_id) VALUES (411, 56, '2025-02-25T18:54:31', NULL);
INSERT INTO order_items (id, order_id, product_id, quantity) VALUES (1631, 411, 7, 2);
INSERT INTO order_items (id, order_id, product_id, quantity) VALUES (1632, 411, 13, 2);
INSERT INTO order_items (id, order_id, product_id, quantity) VALUES (1633, 411, 58, 2);
INSERT INTO orders (id, user_id, created_at, coupon_id) VALUES (412, 56, '2025-02-25T04:15:07', NULL);
INSERT INTO order_items (id, order_id, product_id, quantity) VALUES (1634, 412, 53, 3);
INSERT INTO order_items (id, order_id, product_id, quantity) VALUES (1635, 412, 93, 3);
INSERT INTO order_items (id, order_id, product_id, quantity) VALUES (1636, 412, 19, 5);
INSERT INTO order_items (id, order_id, product_id, quantity) VALUES (1637, 412, 2, 1);
INSERT INTO orders (id, user_id, created_at, coupon_id) VALUES (413, 56, '2025-03-17T13:52:06', 6);
INSERT INTO order_items (id, order_id, product_id, quantity) VALUES (1638, 413, 54, 2);
INSERT INTO order_items (id, order_id, product_id, quantity) VALUES (1639, 413, 65, 4);
INSERT INTO order_items (id, order_id, product_id, quantity) VALUES (1640, 413, 10, 4);
INSERT INTO orders (id, user_id, created_at, coupon_id) VALUES (414, 57, '2025-01-06T18:40:32', 6);
INSERT INTO order_items (id, order_id, product_id, quantity) VALUES (1641, 414, 47, 2);
INSERT INTO order_items (id, order_id, product_id, quantity) VALUES (1642, 414, 5, 4);
INSERT INTO order_items (id, order_id, product_id, quantity) VALUES (1643, 414, 65, 4);
INSERT INTO order_items (id, order_id, product_id, quantity) VALUES (1644, 414, 98, 1);
INSERT INTO order_items (id, order_id, product_id, quantity) VALUES (1645, 414, 9, 2);
INSERT INTO orders (id, user_id, created_at, coupon_id) VALUES (415, 57, '2025-05-07T21:57:16', NULL);
INSERT INTO order_items (id, order_id, product_id, quantity) VALUES (1646, 415, 58, 1);
INSERT INTO order_items (id, order_id, product_id, quantity) VALUES (1647, 415, 40, 2);
INSERT INTO order_items (id, order_id, product_id, quantity) VALUES (1648, 415, 80, 3);
INSERT INTO order_items (id, order_id, product_id, quantity) VALUES (1649, 415, 47, 3);
INSERT INTO order_items (id, order_id, product_id, quantity) VALUES (1650, 415, 71, 4);
INSERT INTO order_items (id, order_id, product_id, quantity) VALUES (1651, 415, 24, 2);
INSERT INTO order_items (id, order_id, product_id, quantity) VALUES (1652, 415, 50, 3);
INSERT INTO orders (id, user_id, created_at, coupon_id) VALUES (416, 57, '2025-01-13T10:38:53', NULL);
INSERT INTO order_items (id, order_id, product_id, quantity) VALUES (1653, 416, 17, 3);
INSERT INTO order_items (id, order_id, product_id, quantity) VALUES (1654, 416, 4, 5);
INSERT INTO order_items (id, order_id, product_id, quantity) VALUES (1655, 416, 39, 2);
INSERT INTO order_items (id, order_id, product_id, quantity) VALUES (1656, 416, 83, 5);
INSERT INTO orders (id, user_id, created_at, coupon_id) VALUES (417, 57, '2025-04-15T22:34:05', NULL);
INSERT INTO order_items (id, order_id, product_id, quantity) VALUES (1657, 417, 35, 5);
INSERT INTO order_items (id, order_id, product_id, quantity) VALUES (1658, 417, 39, 1);
INSERT INTO order_items (id, order_id, product_id, quantity) VALUES (1659, 417, 45, 3);
INSERT INTO order_items (id, order_id, product_id, quantity) VALUES (1660, 417, 23, 4);
INSERT INTO order_items (id, order_id, product_id, quantity) VALUES (1661, 417, 93, 1);
INSERT INTO order_items (id, order_id, product_id, quantity) VALUES (1662, 417, 99, 2);
INSERT INTO orders (id, user_id, created_at, coupon_id) VALUES (418, 57, '2025-01-12T15:00:30', NULL);
INSERT INTO order_items (id, order_id, product_id, quantity) VALUES (1663, 418, 97, 5);
INSERT INTO orders (id, user_id, created_at, coupon_id) VALUES (419, 57, '2025-03-11T09:50:30', NULL);
INSERT INTO order_items (id, order_id, product_id, quantity) VALUES (1664, 419, 38, 1);
INSERT INTO orders (id, user_id, created_at, coupon_id) VALUES (420, 57, '2025-05-22T14:01:48', NULL);
INSERT INTO order_items (id, order_id, product_id, quantity) VALUES (1665, 420, 81, 3);
INSERT INTO order_items (id, order_id, product_id, quantity) VALUES (1666, 420, 30, 1);
INSERT INTO order_items (id, order_id, product_id, quantity) VALUES (1667, 420, 7, 3);
INSERT INTO order_items (id, order_id, product_id, quantity) VALUES (1668, 420, 16, 1);
INSERT INTO orders (id, user_id, created_at, coupon_id) VALUES (421, 58, '2025-01-17T13:19:04', NULL);
INSERT INTO order_items (id, order_id, product_id, quantity) VALUES (1669, 421, 61, 2);
INSERT INTO order_items (id, order_id, product_id, quantity) VALUES (1670, 421, 64, 3);
INSERT INTO order_items (id, order_id, product_id, quantity) VALUES (1671, 421, 57, 3);
INSERT INTO order_items (id, order_id, product_id, quantity) VALUES (1672, 421, 1, 2);
INSERT INTO order_items (id, order_id, product_id, quantity) VALUES (1673, 421, 11, 2);
INSERT INTO orders (id, user_id, created_at, coupon_id) VALUES (422, 58, '2025-02-20T10:24:34', NULL);
INSERT INTO order_items (id, order_id, product_id, quantity) VALUES (1674, 422, 63, 3);
INSERT INTO order_items (id, order_id, product_id, quantity) VALUES (1675, 422, 45, 5);
INSERT INTO order_items (id, order_id, product_id, quantity) VALUES (1676, 422, 1, 1);
INSERT INTO orders (id, user_id, created_at, coupon_id) VALUES (423, 58, '2025-01-15T00:44:10', NULL);
INSERT INTO order_items (id, order_id, product_id, quantity) VALUES (1677, 423, 54, 5);
INSERT INTO order_items (id, order_id, product_id, quantity) VALUES (1678, 423, 3, 2);
INSERT INTO order_items (id, order_id, product_id, quantity) VALUES (1679, 423, 76, 1);
INSERT INTO orders (id, user_id, created_at, coupon_id) VALUES (424, 58, '2025-04-16T01:32:07', NULL);
INSERT INTO order_items (id, order_id, product_id, quantity) VALUES (1680, 424, 85, 2);
INSERT INTO order_items (id, order_id, product_id, quantity) VALUES (1681, 424, 87, 1);
INSERT INTO orders (id, user_id, created_at, coupon_id) VALUES (425, 58, '2025-02-12T05:07:24', 13);
INSERT INTO order_items (id, order_id, product_id, quantity) VALUES (1682, 425, 46, 2);
INSERT INTO order_items (id, order_id, product_id, quantity) VALUES (1683, 425, 74, 2);
INSERT INTO order_items (id, order_id, product_id, quantity) VALUES (1684, 425, 44, 4);
INSERT INTO orders (id, user_id, created_at, coupon_id) VALUES (426, 58, '2025-01-09T10:15:01', NULL);
INSERT INTO order_items (id, order_id, product_id, quantity) VALUES (1685, 426, 52, 1);
INSERT INTO orders (id, user_id, created_at, coupon_id) VALUES (427, 59, '2025-04-14T10:05:50', NULL);
INSERT INTO order_items (id, order_id, product_id, quantity) VALUES (1686, 427, 19, 2);
INSERT INTO order_items (id, order_id, product_id, quantity) VALUES (1687, 427, 98, 3);
INSERT INTO order_items (id, order_id, product_id, quantity) VALUES (1688, 427, 87, 2);
INSERT INTO orders (id, user_id, created_at, coupon_id) VALUES (428, 59, '2025-04-09T15:50:18', NULL);
INSERT INTO order_items (id, order_id, product_id, quantity) VALUES (1689, 428, 46, 5);
INSERT INTO order_items (id, order_id, product_id, quantity) VALUES (1690, 428, 24, 2);
INSERT INTO order_items (id, order_id, product_id, quantity) VALUES (1691, 428, 7, 4);
INSERT INTO order_items (id, order_id, product_id, quantity) VALUES (1692, 428, 2, 4);
INSERT INTO order_items (id, order_id, product_id, quantity) VALUES (1693, 428, 87, 3);
INSERT INTO order_items (id, order_id, product_id, quantity) VALUES (1694, 428, 72, 4);
INSERT INTO orders (id, user_id, created_at, coupon_id) VALUES (429, 59, '2025-05-14T12:55:02', 13);
INSERT INTO order_items (id, order_id, product_id, quantity) VALUES (1695, 429, 29, 2);
INSERT INTO order_items (id, order_id, product_id, quantity) VALUES (1696, 429, 10, 5);
INSERT INTO order_items (id, order_id, product_id, quantity) VALUES (1697, 429, 58, 1);
INSERT INTO order_items (id, order_id, product_id, quantity) VALUES (1698, 429, 13, 1);
INSERT INTO order_items (id, order_id, product_id, quantity) VALUES (1699, 429, 35, 3);
INSERT INTO orders (id, user_id, created_at, coupon_id) VALUES (430, 59, '2025-04-29T16:37:57', NULL);
INSERT INTO order_items (id, order_id, product_id, quantity) VALUES (1700, 430, 100, 1);
INSERT INTO order_items (id, order_id, product_id, quantity) VALUES (1701, 430, 63, 1);
INSERT INTO order_items (id, order_id, product_id, quantity) VALUES (1702, 430, 21, 2);
INSERT INTO order_items (id, order_id, product_id, quantity) VALUES (1703, 430, 11, 1);
INSERT INTO order_items (id, order_id, product_id, quantity) VALUES (1704, 430, 80, 3);
INSERT INTO orders (id, user_id, created_at, coupon_id) VALUES (431, 59, '2025-03-31T06:08:46', NULL);
INSERT INTO order_items (id, order_id, product_id, quantity) VALUES (1705, 431, 58, 3);
INSERT INTO order_items (id, order_id, product_id, quantity) VALUES (1706, 431, 11, 5);
INSERT INTO order_items (id, order_id, product_id, quantity) VALUES (1707, 431, 54, 3);
INSERT INTO order_items (id, order_id, product_id, quantity) VALUES (1708, 431, 45, 3);
INSERT INTO order_items (id, order_id, product_id, quantity) VALUES (1709, 431, 19, 1);
INSERT INTO order_items (id, order_id, product_id, quantity) VALUES (1710, 431, 87, 2);
INSERT INTO order_items (id, order_id, product_id, quantity) VALUES (1711, 431, 100, 4);
INSERT INTO orders (id, user_id, created_at, coupon_id) VALUES (432, 59, '2025-04-11T16:02:49', NULL);
INSERT INTO order_items (id, order_id, product_id, quantity) VALUES (1712, 432, 34, 3);
INSERT INTO order_items (id, order_id, product_id, quantity) VALUES (1713, 432, 51, 2);
INSERT INTO order_items (id, order_id, product_id, quantity) VALUES (1714, 432, 53, 1);
INSERT INTO order_items (id, order_id, product_id, quantity) VALUES (1715, 432, 6, 3);
INSERT INTO order_items (id, order_id, product_id, quantity) VALUES (1716, 432, 91, 1);
INSERT INTO order_items (id, order_id, product_id, quantity) VALUES (1717, 432, 30, 3);
INSERT INTO order_items (id, order_id, product_id, quantity) VALUES (1718, 432, 64, 1);
INSERT INTO orders (id, user_id, created_at, coupon_id) VALUES (433, 59, '2025-01-09T16:18:14', NULL);
INSERT INTO order_items (id, order_id, product_id, quantity) VALUES (1719, 433, 18, 3);
INSERT INTO order_items (id, order_id, product_id, quantity) VALUES (1720, 433, 21, 1);
INSERT INTO order_items (id, order_id, product_id, quantity) VALUES (1721, 433, 4, 2);
INSERT INTO order_items (id, order_id, product_id, quantity) VALUES (1722, 433, 72, 1);
INSERT INTO order_items (id, order_id, product_id, quantity) VALUES (1723, 433, 9, 3);
INSERT INTO orders (id, user_id, created_at, coupon_id) VALUES (434, 60, '2025-01-25T17:32:17', NULL);
INSERT INTO order_items (id, order_id, product_id, quantity) VALUES (1724, 434, 30, 2);
INSERT INTO order_items (id, order_id, product_id, quantity) VALUES (1725, 434, 16, 3);
INSERT INTO order_items (id, order_id, product_id, quantity) VALUES (1726, 434, 65, 1);
INSERT INTO order_items (id, order_id, product_id, quantity) VALUES (1727, 434, 21, 3);
INSERT INTO orders (id, user_id, created_at, coupon_id) VALUES (435, 60, '2025-02-25T03:21:07', 16);
INSERT INTO order_items (id, order_id, product_id, quantity) VALUES (1728, 435, 32, 5);
INSERT INTO orders (id, user_id, created_at, coupon_id) VALUES (436, 60, '2025-02-21T11:58:32', NULL);
INSERT INTO order_items (id, order_id, product_id, quantity) VALUES (1729, 436, 9, 5);
INSERT INTO orders (id, user_id, created_at, coupon_id) VALUES (437, 60, '2025-03-07T05:16:20', 13);
INSERT INTO order_items (id, order_id, product_id, quantity) VALUES (1730, 437, 98, 3);
INSERT INTO order_items (id, order_id, product_id, quantity) VALUES (1731, 437, 25, 4);
INSERT INTO order_items (id, order_id, product_id, quantity) VALUES (1732, 437, 75, 5);
INSERT INTO orders (id, user_id, created_at, coupon_id) VALUES (438, 60, '2025-04-17T03:05:38', NULL);
INSERT INTO order_items (id, order_id, product_id, quantity) VALUES (1733, 438, 94, 3);
INSERT INTO order_items (id, order_id, product_id, quantity) VALUES (1734, 438, 41, 2);
INSERT INTO orders (id, user_id, created_at, coupon_id) VALUES (439, 61, '2025-03-22T16:00:52', NULL);
INSERT INTO order_items (id, order_id, product_id, quantity) VALUES (1735, 439, 83, 2);
INSERT INTO order_items (id, order_id, product_id, quantity) VALUES (1736, 439, 60, 2);
INSERT INTO order_items (id, order_id, product_id, quantity) VALUES (1737, 439, 46, 1);
INSERT INTO order_items (id, order_id, product_id, quantity) VALUES (1738, 439, 43, 1);
INSERT INTO order_items (id, order_id, product_id, quantity) VALUES (1739, 439, 94, 3);
INSERT INTO order_items (id, order_id, product_id, quantity) VALUES (1740, 439, 81, 4);
INSERT INTO order_items (id, order_id, product_id, quantity) VALUES (1741, 439, 4, 4);
INSERT INTO orders (id, user_id, created_at, coupon_id) VALUES (440, 61, '2025-02-22T21:32:13', NULL);
INSERT INTO order_items (id, order_id, product_id, quantity) VALUES (1742, 440, 28, 1);
INSERT INTO order_items (id, order_id, product_id, quantity) VALUES (1743, 440, 52, 3);
INSERT INTO orders (id, user_id, created_at, coupon_id) VALUES (441, 61, '2025-05-02T05:05:34', NULL);
INSERT INTO order_items (id, order_id, product_id, quantity) VALUES (1744, 441, 95, 3);
INSERT INTO order_items (id, order_id, product_id, quantity) VALUES (1745, 441, 82, 2);
INSERT INTO order_items (id, order_id, product_id, quantity) VALUES (1746, 441, 73, 3);
INSERT INTO order_items (id, order_id, product_id, quantity) VALUES (1747, 441, 20, 3);
INSERT INTO order_items (id, order_id, product_id, quantity) VALUES (1748, 441, 39, 2);
INSERT INTO orders (id, user_id, created_at, coupon_id) VALUES (442, 61, '2025-02-05T00:38:37', NULL);
INSERT INTO order_items (id, order_id, product_id, quantity) VALUES (1749, 442, 32, 3);
INSERT INTO order_items (id, order_id, product_id, quantity) VALUES (1750, 442, 85, 4);
INSERT INTO order_items (id, order_id, product_id, quantity) VALUES (1751, 442, 47, 4);
INSERT INTO order_items (id, order_id, product_id, quantity) VALUES (1752, 442, 37, 2);
INSERT INTO order_items (id, order_id, product_id, quantity) VALUES (1753, 442, 57, 3);
INSERT INTO orders (id, user_id, created_at, coupon_id) VALUES (443, 61, '2025-04-19T09:53:09', NULL);
INSERT INTO order_items (id, order_id, product_id, quantity) VALUES (1754, 443, 5, 1);
INSERT INTO order_items (id, order_id, product_id, quantity) VALUES (1755, 443, 91, 3);
INSERT INTO orders (id, user_id, created_at, coupon_id) VALUES (444, 61, '2025-02-06T23:24:28', NULL);
INSERT INTO order_items (id, order_id, product_id, quantity) VALUES (1756, 444, 72, 5);
INSERT INTO order_items (id, order_id, product_id, quantity) VALUES (1757, 444, 23, 5);
INSERT INTO order_items (id, order_id, product_id, quantity) VALUES (1758, 444, 35, 5);
INSERT INTO orders (id, user_id, created_at, coupon_id) VALUES (445, 61, '2025-06-03T22:19:04', NULL);
INSERT INTO order_items (id, order_id, product_id, quantity) VALUES (1759, 445, 100, 1);
INSERT INTO order_items (id, order_id, product_id, quantity) VALUES (1760, 445, 28, 4);
INSERT INTO order_items (id, order_id, product_id, quantity) VALUES (1761, 445, 18, 1);
INSERT INTO order_items (id, order_id, product_id, quantity) VALUES (1762, 445, 100, 4);
INSERT INTO order_items (id, order_id, product_id, quantity) VALUES (1763, 445, 41, 3);
INSERT INTO order_items (id, order_id, product_id, quantity) VALUES (1764, 445, 49, 1);
INSERT INTO order_items (id, order_id, product_id, quantity) VALUES (1765, 445, 75, 4);
INSERT INTO orders (id, user_id, created_at, coupon_id) VALUES (446, 61, '2025-02-11T17:50:51', NULL);
INSERT INTO order_items (id, order_id, product_id, quantity) VALUES (1766, 446, 13, 3);
INSERT INTO order_items (id, order_id, product_id, quantity) VALUES (1767, 446, 10, 2);
INSERT INTO order_items (id, order_id, product_id, quantity) VALUES (1768, 446, 65, 2);
INSERT INTO order_items (id, order_id, product_id, quantity) VALUES (1769, 446, 81, 1);
INSERT INTO orders (id, user_id, created_at, coupon_id) VALUES (447, 61, '2025-04-23T04:29:41', NULL);
INSERT INTO order_items (id, order_id, product_id, quantity) VALUES (1770, 447, 99, 3);
INSERT INTO order_items (id, order_id, product_id, quantity) VALUES (1771, 447, 28, 3);
INSERT INTO order_items (id, order_id, product_id, quantity) VALUES (1772, 447, 37, 3);
INSERT INTO order_items (id, order_id, product_id, quantity) VALUES (1773, 447, 42, 3);
INSERT INTO orders (id, user_id, created_at, coupon_id) VALUES (448, 62, '2025-03-31T01:18:01', NULL);
INSERT INTO order_items (id, order_id, product_id, quantity) VALUES (1774, 448, 49, 4);
INSERT INTO order_items (id, order_id, product_id, quantity) VALUES (1775, 448, 33, 4);
INSERT INTO orders (id, user_id, created_at, coupon_id) VALUES (449, 62, '2025-03-21T15:45:09', NULL);
INSERT INTO order_items (id, order_id, product_id, quantity) VALUES (1776, 449, 63, 2);
INSERT INTO order_items (id, order_id, product_id, quantity) VALUES (1777, 449, 63, 4);
INSERT INTO order_items (id, order_id, product_id, quantity) VALUES (1778, 449, 75, 1);
INSERT INTO order_items (id, order_id, product_id, quantity) VALUES (1779, 449, 49, 3);
INSERT INTO order_items (id, order_id, product_id, quantity) VALUES (1780, 449, 16, 5);
INSERT INTO order_items (id, order_id, product_id, quantity) VALUES (1781, 449, 6, 1);
INSERT INTO orders (id, user_id, created_at, coupon_id) VALUES (450, 62, '2025-02-17T17:58:35', NULL);
INSERT INTO order_items (id, order_id, product_id, quantity) VALUES (1782, 450, 39, 3);
INSERT INTO order_items (id, order_id, product_id, quantity) VALUES (1783, 450, 77, 4);
INSERT INTO order_items (id, order_id, product_id, quantity) VALUES (1784, 450, 29, 4);
INSERT INTO order_items (id, order_id, product_id, quantity) VALUES (1785, 450, 69, 2);
INSERT INTO orders (id, user_id, created_at, coupon_id) VALUES (451, 62, '2025-01-04T18:06:15', NULL);
INSERT INTO order_items (id, order_id, product_id, quantity) VALUES (1786, 451, 1, 5);
INSERT INTO order_items (id, order_id, product_id, quantity) VALUES (1787, 451, 26, 2);
INSERT INTO order_items (id, order_id, product_id, quantity) VALUES (1788, 451, 46, 5);
INSERT INTO order_items (id, order_id, product_id, quantity) VALUES (1789, 451, 94, 4);
INSERT INTO orders (id, user_id, created_at, coupon_id) VALUES (452, 62, '2025-02-02T19:28:59', 15);
INSERT INTO order_items (id, order_id, product_id, quantity) VALUES (1790, 452, 33, 2);
INSERT INTO order_items (id, order_id, product_id, quantity) VALUES (1791, 452, 94, 4);
INSERT INTO order_items (id, order_id, product_id, quantity) VALUES (1792, 452, 50, 4);
INSERT INTO order_items (id, order_id, product_id, quantity) VALUES (1793, 452, 56, 2);
INSERT INTO order_items (id, order_id, product_id, quantity) VALUES (1794, 452, 100, 2);
INSERT INTO order_items (id, order_id, product_id, quantity) VALUES (1795, 452, 37, 3);
INSERT INTO order_items (id, order_id, product_id, quantity) VALUES (1796, 452, 30, 3);
INSERT INTO orders (id, user_id, created_at, coupon_id) VALUES (453, 62, '2025-02-22T11:53:39', NULL);
INSERT INTO order_items (id, order_id, product_id, quantity) VALUES (1797, 453, 19, 5);
INSERT INTO order_items (id, order_id, product_id, quantity) VALUES (1798, 453, 94, 5);
INSERT INTO orders (id, user_id, created_at, coupon_id) VALUES (454, 62, '2025-03-22T16:10:30', NULL);
INSERT INTO order_items (id, order_id, product_id, quantity) VALUES (1799, 454, 68, 4);
INSERT INTO order_items (id, order_id, product_id, quantity) VALUES (1800, 454, 87, 5);
INSERT INTO order_items (id, order_id, product_id, quantity) VALUES (1801, 454, 32, 4);
INSERT INTO orders (id, user_id, created_at, coupon_id) VALUES (455, 62, '2025-04-30T23:14:44', NULL);
INSERT INTO order_items (id, order_id, product_id, quantity) VALUES (1802, 455, 72, 3);
INSERT INTO order_items (id, order_id, product_id, quantity) VALUES (1803, 455, 79, 5);
INSERT INTO order_items (id, order_id, product_id, quantity) VALUES (1804, 455, 36, 4);
INSERT INTO order_items (id, order_id, product_id, quantity) VALUES (1805, 455, 27, 5);
INSERT INTO order_items (id, order_id, product_id, quantity) VALUES (1806, 455, 30, 5);
INSERT INTO order_items (id, order_id, product_id, quantity) VALUES (1807, 455, 1, 3);
INSERT INTO order_items (id, order_id, product_id, quantity) VALUES (1808, 455, 84, 5);
INSERT INTO orders (id, user_id, created_at, coupon_id) VALUES (456, 62, '2025-04-07T23:26:18', NULL);
INSERT INTO order_items (id, order_id, product_id, quantity) VALUES (1809, 456, 5, 3);
INSERT INTO order_items (id, order_id, product_id, quantity) VALUES (1810, 456, 10, 5);
INSERT INTO order_items (id, order_id, product_id, quantity) VALUES (1811, 456, 5, 2);
INSERT INTO order_items (id, order_id, product_id, quantity) VALUES (1812, 456, 88, 5);
INSERT INTO order_items (id, order_id, product_id, quantity) VALUES (1813, 456, 5, 2);
INSERT INTO order_items (id, order_id, product_id, quantity) VALUES (1814, 456, 12, 2);
INSERT INTO orders (id, user_id, created_at, coupon_id) VALUES (457, 62, '2025-01-11T04:02:09', NULL);
INSERT INTO order_items (id, order_id, product_id, quantity) VALUES (1815, 457, 49, 1);
INSERT INTO order_items (id, order_id, product_id, quantity) VALUES (1816, 457, 50, 5);
INSERT INTO order_items (id, order_id, product_id, quantity) VALUES (1817, 457, 61, 1);
INSERT INTO orders (id, user_id, created_at, coupon_id) VALUES (458, 63, '2025-03-07T15:44:41', NULL);
INSERT INTO order_items (id, order_id, product_id, quantity) VALUES (1818, 458, 98, 4);
INSERT INTO order_items (id, order_id, product_id, quantity) VALUES (1819, 458, 25, 2);
INSERT INTO order_items (id, order_id, product_id, quantity) VALUES (1820, 458, 100, 4);
INSERT INTO order_items (id, order_id, product_id, quantity) VALUES (1821, 458, 59, 4);
INSERT INTO order_items (id, order_id, product_id, quantity) VALUES (1822, 458, 30, 4);
INSERT INTO order_items (id, order_id, product_id, quantity) VALUES (1823, 458, 75, 5);
INSERT INTO order_items (id, order_id, product_id, quantity) VALUES (1824, 458, 48, 4);
INSERT INTO orders (id, user_id, created_at, coupon_id) VALUES (459, 63, '2025-02-25T06:39:49', NULL);
INSERT INTO order_items (id, order_id, product_id, quantity) VALUES (1825, 459, 89, 1);
INSERT INTO order_items (id, order_id, product_id, quantity) VALUES (1826, 459, 41, 1);
INSERT INTO order_items (id, order_id, product_id, quantity) VALUES (1827, 459, 60, 5);
INSERT INTO orders (id, user_id, created_at, coupon_id) VALUES (460, 63, '2025-04-11T21:15:47', NULL);
INSERT INTO order_items (id, order_id, product_id, quantity) VALUES (1828, 460, 5, 3);
INSERT INTO order_items (id, order_id, product_id, quantity) VALUES (1829, 460, 64, 1);
INSERT INTO order_items (id, order_id, product_id, quantity) VALUES (1830, 460, 22, 1);
INSERT INTO order_items (id, order_id, product_id, quantity) VALUES (1831, 460, 17, 1);
INSERT INTO order_items (id, order_id, product_id, quantity) VALUES (1832, 460, 73, 3);
INSERT INTO order_items (id, order_id, product_id, quantity) VALUES (1833, 460, 6, 1);
INSERT INTO orders (id, user_id, created_at, coupon_id) VALUES (461, 63, '2025-05-20T01:17:45', 15);
INSERT INTO order_items (id, order_id, product_id, quantity) VALUES (1834, 461, 55, 4);
INSERT INTO order_items (id, order_id, product_id, quantity) VALUES (1835, 461, 16, 1);
INSERT INTO order_items (id, order_id, product_id, quantity) VALUES (1836, 461, 15, 3);
INSERT INTO orders (id, user_id, created_at, coupon_id) VALUES (462, 63, '2025-01-07T02:53:17', 5);
INSERT INTO order_items (id, order_id, product_id, quantity) VALUES (1837, 462, 40, 2);
INSERT INTO orders (id, user_id, created_at, coupon_id) VALUES (463, 63, '2025-02-08T07:44:16', NULL);
INSERT INTO order_items (id, order_id, product_id, quantity) VALUES (1838, 463, 59, 4);
INSERT INTO order_items (id, order_id, product_id, quantity) VALUES (1839, 463, 98, 3);
INSERT INTO order_items (id, order_id, product_id, quantity) VALUES (1840, 463, 20, 1);
INSERT INTO orders (id, user_id, created_at, coupon_id) VALUES (464, 63, '2025-04-04T09:05:15', NULL);
INSERT INTO order_items (id, order_id, product_id, quantity) VALUES (1841, 464, 96, 4);
INSERT INTO order_items (id, order_id, product_id, quantity) VALUES (1842, 464, 58, 1);
INSERT INTO order_items (id, order_id, product_id, quantity) VALUES (1843, 464, 20, 2);
INSERT INTO orders (id, user_id, created_at, coupon_id) VALUES (465, 63, '2025-01-27T02:27:21', 7);
INSERT INTO order_items (id, order_id, product_id, quantity) VALUES (1844, 465, 87, 4);
INSERT INTO order_items (id, order_id, product_id, quantity) VALUES (1845, 465, 33, 1);
INSERT INTO order_items (id, order_id, product_id, quantity) VALUES (1846, 465, 91, 3);
INSERT INTO order_items (id, order_id, product_id, quantity) VALUES (1847, 465, 49, 5);
INSERT INTO orders (id, user_id, created_at, coupon_id) VALUES (466, 63, '2025-05-03T06:52:52', NULL);
INSERT INTO order_items (id, order_id, product_id, quantity) VALUES (1848, 466, 94, 3);
INSERT INTO order_items (id, order_id, product_id, quantity) VALUES (1849, 466, 83, 3);
INSERT INTO order_items (id, order_id, product_id, quantity) VALUES (1850, 466, 67, 4);
INSERT INTO order_items (id, order_id, product_id, quantity) VALUES (1851, 466, 82, 2);
INSERT INTO order_items (id, order_id, product_id, quantity) VALUES (1852, 466, 67, 1);
INSERT INTO order_items (id, order_id, product_id, quantity) VALUES (1853, 466, 32, 2);
INSERT INTO order_items (id, order_id, product_id, quantity) VALUES (1854, 466, 22, 4);
INSERT INTO orders (id, user_id, created_at, coupon_id) VALUES (467, 63, '2025-03-12T23:57:18', NULL);
INSERT INTO order_items (id, order_id, product_id, quantity) VALUES (1855, 467, 27, 5);
INSERT INTO order_items (id, order_id, product_id, quantity) VALUES (1856, 467, 35, 4);
INSERT INTO order_items (id, order_id, product_id, quantity) VALUES (1857, 467, 89, 3);
INSERT INTO order_items (id, order_id, product_id, quantity) VALUES (1858, 467, 66, 5);
INSERT INTO order_items (id, order_id, product_id, quantity) VALUES (1859, 467, 28, 2);
INSERT INTO order_items (id, order_id, product_id, quantity) VALUES (1860, 467, 31, 5);
INSERT INTO orders (id, user_id, created_at, coupon_id) VALUES (468, 64, '2025-05-15T18:07:53', NULL);
INSERT INTO order_items (id, order_id, product_id, quantity) VALUES (1861, 468, 13, 5);
INSERT INTO order_items (id, order_id, product_id, quantity) VALUES (1862, 468, 26, 5);
INSERT INTO order_items (id, order_id, product_id, quantity) VALUES (1863, 468, 89, 3);
INSERT INTO orders (id, user_id, created_at, coupon_id) VALUES (469, 64, '2025-03-11T02:48:14', NULL);
INSERT INTO order_items (id, order_id, product_id, quantity) VALUES (1864, 469, 70, 1);
INSERT INTO orders (id, user_id, created_at, coupon_id) VALUES (470, 64, '2025-03-14T01:16:48', NULL);
INSERT INTO order_items (id, order_id, product_id, quantity) VALUES (1865, 470, 86, 5);
INSERT INTO order_items (id, order_id, product_id, quantity) VALUES (1866, 470, 18, 5);
INSERT INTO order_items (id, order_id, product_id, quantity) VALUES (1867, 470, 66, 1);
INSERT INTO orders (id, user_id, created_at, coupon_id) VALUES (471, 64, '2025-03-04T18:41:15', 2);
INSERT INTO order_items (id, order_id, product_id, quantity) VALUES (1868, 471, 14, 4);
INSERT INTO order_items (id, order_id, product_id, quantity) VALUES (1869, 471, 60, 4);
INSERT INTO order_items (id, order_id, product_id, quantity) VALUES (1870, 471, 100, 3);
INSERT INTO order_items (id, order_id, product_id, quantity) VALUES (1871, 471, 79, 5);
INSERT INTO order_items (id, order_id, product_id, quantity) VALUES (1872, 471, 91, 5);
INSERT INTO orders (id, user_id, created_at, coupon_id) VALUES (472, 64, '2025-04-17T18:58:25', NULL);
INSERT INTO order_items (id, order_id, product_id, quantity) VALUES (1873, 472, 7, 4);
INSERT INTO order_items (id, order_id, product_id, quantity) VALUES (1874, 472, 82, 3);
INSERT INTO order_items (id, order_id, product_id, quantity) VALUES (1875, 472, 25, 5);
INSERT INTO order_items (id, order_id, product_id, quantity) VALUES (1876, 472, 72, 5);
INSERT INTO order_items (id, order_id, product_id, quantity) VALUES (1877, 472, 4, 5);
INSERT INTO order_items (id, order_id, product_id, quantity) VALUES (1878, 472, 36, 2);
INSERT INTO orders (id, user_id, created_at, coupon_id) VALUES (473, 64, '2025-03-12T16:51:52', NULL);
INSERT INTO order_items (id, order_id, product_id, quantity) VALUES (1879, 473, 41, 3);
INSERT INTO order_items (id, order_id, product_id, quantity) VALUES (1880, 473, 90, 2);
INSERT INTO order_items (id, order_id, product_id, quantity) VALUES (1881, 473, 66, 1);
INSERT INTO order_items (id, order_id, product_id, quantity) VALUES (1882, 473, 24, 3);
INSERT INTO orders (id, user_id, created_at, coupon_id) VALUES (474, 64, '2025-04-27T04:38:44', NULL);
INSERT INTO order_items (id, order_id, product_id, quantity) VALUES (1883, 474, 57, 1);
INSERT INTO orders (id, user_id, created_at, coupon_id) VALUES (475, 64, '2025-05-23T10:06:45', NULL);
INSERT INTO order_items (id, order_id, product_id, quantity) VALUES (1884, 475, 58, 1);
INSERT INTO order_items (id, order_id, product_id, quantity) VALUES (1885, 475, 22, 4);
INSERT INTO order_items (id, order_id, product_id, quantity) VALUES (1886, 475, 13, 3);
INSERT INTO order_items (id, order_id, product_id, quantity) VALUES (1887, 475, 21, 3);
INSERT INTO order_items (id, order_id, product_id, quantity) VALUES (1888, 475, 58, 3);
INSERT INTO order_items (id, order_id, product_id, quantity) VALUES (1889, 475, 87, 5);
INSERT INTO orders (id, user_id, created_at, coupon_id) VALUES (476, 64, '2025-01-10T02:17:28', 13);
INSERT INTO order_items (id, order_id, product_id, quantity) VALUES (1890, 476, 4, 4);
INSERT INTO order_items (id, order_id, product_id, quantity) VALUES (1891, 476, 94, 4);
INSERT INTO order_items (id, order_id, product_id, quantity) VALUES (1892, 476, 70, 4);
INSERT INTO order_items (id, order_id, product_id, quantity) VALUES (1893, 476, 43, 2);
INSERT INTO order_items (id, order_id, product_id, quantity) VALUES (1894, 476, 91, 4);
INSERT INTO order_items (id, order_id, product_id, quantity) VALUES (1895, 476, 98, 5);
INSERT INTO order_items (id, order_id, product_id, quantity) VALUES (1896, 476, 39, 1);
INSERT INTO orders (id, user_id, created_at, coupon_id) VALUES (477, 64, '2025-01-23T11:56:17', NULL);
INSERT INTO order_items (id, order_id, product_id, quantity) VALUES (1897, 477, 70, 3);
INSERT INTO order_items (id, order_id, product_id, quantity) VALUES (1898, 477, 79, 2);
INSERT INTO order_items (id, order_id, product_id, quantity) VALUES (1899, 477, 18, 2);
INSERT INTO order_items (id, order_id, product_id, quantity) VALUES (1900, 477, 36, 4);
INSERT INTO order_items (id, order_id, product_id, quantity) VALUES (1901, 477, 1, 5);
INSERT INTO order_items (id, order_id, product_id, quantity) VALUES (1902, 477, 55, 3);
INSERT INTO orders (id, user_id, created_at, coupon_id) VALUES (478, 65, '2025-05-05T06:48:20', NULL);
INSERT INTO order_items (id, order_id, product_id, quantity) VALUES (1903, 478, 12, 1);
INSERT INTO order_items (id, order_id, product_id, quantity) VALUES (1904, 478, 74, 2);
INSERT INTO order_items (id, order_id, product_id, quantity) VALUES (1905, 478, 71, 3);
INSERT INTO order_items (id, order_id, product_id, quantity) VALUES (1906, 478, 32, 4);
INSERT INTO order_items (id, order_id, product_id, quantity) VALUES (1907, 478, 10, 5);
INSERT INTO order_items (id, order_id, product_id, quantity) VALUES (1908, 478, 45, 2);
INSERT INTO orders (id, user_id, created_at, coupon_id) VALUES (479, 65, '2025-05-11T16:24:25', NULL);
INSERT INTO order_items (id, order_id, product_id, quantity) VALUES (1909, 479, 52, 4);
INSERT INTO order_items (id, order_id, product_id, quantity) VALUES (1910, 479, 25, 3);
INSERT INTO order_items (id, order_id, product_id, quantity) VALUES (1911, 479, 82, 4);
INSERT INTO order_items (id, order_id, product_id, quantity) VALUES (1912, 479, 37, 3);
INSERT INTO order_items (id, order_id, product_id, quantity) VALUES (1913, 479, 76, 4);
INSERT INTO order_items (id, order_id, product_id, quantity) VALUES (1914, 479, 84, 2);
INSERT INTO order_items (id, order_id, product_id, quantity) VALUES (1915, 479, 16, 2);
INSERT INTO orders (id, user_id, created_at, coupon_id) VALUES (480, 65, '2025-05-03T09:01:43', NULL);
INSERT INTO order_items (id, order_id, product_id, quantity) VALUES (1916, 480, 90, 2);
INSERT INTO orders (id, user_id, created_at, coupon_id) VALUES (481, 65, '2025-04-24T17:02:51', NULL);
INSERT INTO order_items (id, order_id, product_id, quantity) VALUES (1917, 481, 78, 4);
INSERT INTO order_items (id, order_id, product_id, quantity) VALUES (1918, 481, 5, 3);
INSERT INTO order_items (id, order_id, product_id, quantity) VALUES (1919, 481, 30, 1);
INSERT INTO order_items (id, order_id, product_id, quantity) VALUES (1920, 481, 68, 1);
INSERT INTO order_items (id, order_id, product_id, quantity) VALUES (1921, 481, 21, 1);
INSERT INTO order_items (id, order_id, product_id, quantity) VALUES (1922, 481, 98, 1);
INSERT INTO order_items (id, order_id, product_id, quantity) VALUES (1923, 481, 48, 5);
INSERT INTO orders (id, user_id, created_at, coupon_id) VALUES (482, 65, '2025-02-04T14:39:56', NULL);
INSERT INTO order_items (id, order_id, product_id, quantity) VALUES (1924, 482, 36, 2);
INSERT INTO order_items (id, order_id, product_id, quantity) VALUES (1925, 482, 83, 3);
INSERT INTO order_items (id, order_id, product_id, quantity) VALUES (1926, 482, 87, 3);
INSERT INTO orders (id, user_id, created_at, coupon_id) VALUES (483, 65, '2025-03-05T08:10:10', NULL);
INSERT INTO order_items (id, order_id, product_id, quantity) VALUES (1927, 483, 91, 3);
INSERT INTO orders (id, user_id, created_at, coupon_id) VALUES (484, 65, '2025-02-19T09:32:09', 12);
INSERT INTO order_items (id, order_id, product_id, quantity) VALUES (1928, 484, 71, 1);
INSERT INTO order_items (id, order_id, product_id, quantity) VALUES (1929, 484, 23, 2);
INSERT INTO order_items (id, order_id, product_id, quantity) VALUES (1930, 484, 84, 4);
INSERT INTO order_items (id, order_id, product_id, quantity) VALUES (1931, 484, 75, 4);
INSERT INTO order_items (id, order_id, product_id, quantity) VALUES (1932, 484, 55, 1);
INSERT INTO order_items (id, order_id, product_id, quantity) VALUES (1933, 484, 80, 2);
INSERT INTO order_items (id, order_id, product_id, quantity) VALUES (1934, 484, 24, 1);
INSERT INTO orders (id, user_id, created_at, coupon_id) VALUES (485, 65, '2025-02-06T23:53:27', NULL);
INSERT INTO order_items (id, order_id, product_id, quantity) VALUES (1935, 485, 65, 5);
INSERT INTO order_items (id, order_id, product_id, quantity) VALUES (1936, 485, 92, 2);
INSERT INTO order_items (id, order_id, product_id, quantity) VALUES (1937, 485, 14, 5);
INSERT INTO order_items (id, order_id, product_id, quantity) VALUES (1938, 485, 8, 2);
INSERT INTO order_items (id, order_id, product_id, quantity) VALUES (1939, 485, 26, 3);
INSERT INTO order_items (id, order_id, product_id, quantity) VALUES (1940, 485, 11, 4);
INSERT INTO order_items (id, order_id, product_id, quantity) VALUES (1941, 485, 29, 4);
INSERT INTO orders (id, user_id, created_at, coupon_id) VALUES (486, 65, '2025-04-10T11:33:20', NULL);
INSERT INTO order_items (id, order_id, product_id, quantity) VALUES (1942, 486, 100, 5);
INSERT INTO orders (id, user_id, created_at, coupon_id) VALUES (487, 65, '2025-05-17T07:18:02', NULL);
INSERT INTO order_items (id, order_id, product_id, quantity) VALUES (1943, 487, 1, 3);
INSERT INTO order_items (id, order_id, product_id, quantity) VALUES (1944, 487, 59, 4);
INSERT INTO order_items (id, order_id, product_id, quantity) VALUES (1945, 487, 14, 2);
INSERT INTO orders (id, user_id, created_at, coupon_id) VALUES (488, 66, '2025-03-07T00:25:57', NULL);
INSERT INTO order_items (id, order_id, product_id, quantity) VALUES (1946, 488, 8, 2);
INSERT INTO orders (id, user_id, created_at, coupon_id) VALUES (489, 66, '2025-05-10T11:18:47', NULL);
INSERT INTO order_items (id, order_id, product_id, quantity) VALUES (1947, 489, 21, 2);
INSERT INTO order_items (id, order_id, product_id, quantity) VALUES (1948, 489, 78, 4);
INSERT INTO order_items (id, order_id, product_id, quantity) VALUES (1949, 489, 99, 1);
INSERT INTO order_items (id, order_id, product_id, quantity) VALUES (1950, 489, 40, 4);
INSERT INTO orders (id, user_id, created_at, coupon_id) VALUES (490, 66, '2025-05-23T11:48:03', NULL);
INSERT INTO order_items (id, order_id, product_id, quantity) VALUES (1951, 490, 4, 1);
INSERT INTO order_items (id, order_id, product_id, quantity) VALUES (1952, 490, 36, 5);
INSERT INTO order_items (id, order_id, product_id, quantity) VALUES (1953, 490, 99, 1);
INSERT INTO order_items (id, order_id, product_id, quantity) VALUES (1954, 490, 62, 5);
INSERT INTO order_items (id, order_id, product_id, quantity) VALUES (1955, 490, 38, 4);
INSERT INTO order_items (id, order_id, product_id, quantity) VALUES (1956, 490, 44, 3);
INSERT INTO order_items (id, order_id, product_id, quantity) VALUES (1957, 490, 1, 3);
INSERT INTO orders (id, user_id, created_at, coupon_id) VALUES (491, 66, '2025-05-09T12:02:36', NULL);
INSERT INTO order_items (id, order_id, product_id, quantity) VALUES (1958, 491, 80, 5);
INSERT INTO order_items (id, order_id, product_id, quantity) VALUES (1959, 491, 77, 2);
INSERT INTO orders (id, user_id, created_at, coupon_id) VALUES (492, 66, '2025-02-18T12:56:09', NULL);
INSERT INTO order_items (id, order_id, product_id, quantity) VALUES (1960, 492, 38, 5);
INSERT INTO order_items (id, order_id, product_id, quantity) VALUES (1961, 492, 22, 4);
INSERT INTO order_items (id, order_id, product_id, quantity) VALUES (1962, 492, 20, 3);
INSERT INTO order_items (id, order_id, product_id, quantity) VALUES (1963, 492, 38, 1);
INSERT INTO order_items (id, order_id, product_id, quantity) VALUES (1964, 492, 30, 2);
INSERT INTO order_items (id, order_id, product_id, quantity) VALUES (1965, 492, 53, 1);
INSERT INTO orders (id, user_id, created_at, coupon_id) VALUES (493, 66, '2025-04-02T17:57:03', 15);
INSERT INTO order_items (id, order_id, product_id, quantity) VALUES (1966, 493, 39, 4);
INSERT INTO order_items (id, order_id, product_id, quantity) VALUES (1967, 493, 20, 2);
INSERT INTO order_items (id, order_id, product_id, quantity) VALUES (1968, 493, 99, 2);
INSERT INTO order_items (id, order_id, product_id, quantity) VALUES (1969, 493, 42, 5);
INSERT INTO order_items (id, order_id, product_id, quantity) VALUES (1970, 493, 93, 4);
INSERT INTO order_items (id, order_id, product_id, quantity) VALUES (1971, 493, 76, 2);
INSERT INTO order_items (id, order_id, product_id, quantity) VALUES (1972, 493, 26, 4);
INSERT INTO orders (id, user_id, created_at, coupon_id) VALUES (494, 66, '2025-02-25T10:56:06', 15);
INSERT INTO order_items (id, order_id, product_id, quantity) VALUES (1973, 494, 84, 4);
INSERT INTO order_items (id, order_id, product_id, quantity) VALUES (1974, 494, 29, 1);
INSERT INTO order_items (id, order_id, product_id, quantity) VALUES (1975, 494, 45, 1);
INSERT INTO order_items (id, order_id, product_id, quantity) VALUES (1976, 494, 75, 2);
INSERT INTO order_items (id, order_id, product_id, quantity) VALUES (1977, 494, 91, 5);
INSERT INTO order_items (id, order_id, product_id, quantity) VALUES (1978, 494, 77, 5);
INSERT INTO order_items (id, order_id, product_id, quantity) VALUES (1979, 494, 76, 1);
INSERT INTO orders (id, user_id, created_at, coupon_id) VALUES (495, 67, '2025-05-18T10:09:50', NULL);
INSERT INTO order_items (id, order_id, product_id, quantity) VALUES (1980, 495, 74, 3);
INSERT INTO order_items (id, order_id, product_id, quantity) VALUES (1981, 495, 46, 4);
INSERT INTO order_items (id, order_id, product_id, quantity) VALUES (1982, 495, 32, 2);
INSERT INTO order_items (id, order_id, product_id, quantity) VALUES (1983, 495, 97, 5);
INSERT INTO order_items (id, order_id, product_id, quantity) VALUES (1984, 495, 36, 1);
INSERT INTO order_items (id, order_id, product_id, quantity) VALUES (1985, 495, 81, 3);
INSERT INTO order_items (id, order_id, product_id, quantity) VALUES (1986, 495, 10, 4);
INSERT INTO orders (id, user_id, created_at, coupon_id) VALUES (496, 67, '2025-04-15T22:13:10', NULL);
INSERT INTO order_items (id, order_id, product_id, quantity) VALUES (1987, 496, 53, 2);
INSERT INTO orders (id, user_id, created_at, coupon_id) VALUES (497, 67, '2025-05-26T15:19:16', NULL);
INSERT INTO order_items (id, order_id, product_id, quantity) VALUES (1988, 497, 87, 5);
INSERT INTO order_items (id, order_id, product_id, quantity) VALUES (1989, 497, 14, 2);
INSERT INTO order_items (id, order_id, product_id, quantity) VALUES (1990, 497, 52, 2);
INSERT INTO order_items (id, order_id, product_id, quantity) VALUES (1991, 497, 90, 3);
INSERT INTO order_items (id, order_id, product_id, quantity) VALUES (1992, 497, 24, 5);
INSERT INTO order_items (id, order_id, product_id, quantity) VALUES (1993, 497, 30, 3);
INSERT INTO order_items (id, order_id, product_id, quantity) VALUES (1994, 497, 100, 4);
INSERT INTO orders (id, user_id, created_at, coupon_id) VALUES (498, 67, '2025-04-19T23:48:11', NULL);
INSERT INTO order_items (id, order_id, product_id, quantity) VALUES (1995, 498, 26, 5);
INSERT INTO orders (id, user_id, created_at, coupon_id) VALUES (499, 67, '2025-04-22T00:03:28', 11);
INSERT INTO order_items (id, order_id, product_id, quantity) VALUES (1996, 499, 92, 1);
INSERT INTO order_items (id, order_id, product_id, quantity) VALUES (1997, 499, 25, 2);
INSERT INTO orders (id, user_id, created_at, coupon_id) VALUES (500, 67, '2025-02-13T15:24:56', NULL);
INSERT INTO order_items (id, order_id, product_id, quantity) VALUES (1998, 500, 39, 4);
INSERT INTO orders (id, user_id, created_at, coupon_id) VALUES (501, 67, '2025-03-04T19:39:31', 1);
INSERT INTO order_items (id, order_id, product_id, quantity) VALUES (1999, 501, 91, 3);
INSERT INTO order_items (id, order_id, product_id, quantity) VALUES (2000, 501, 53, 4);
INSERT INTO order_items (id, order_id, product_id, quantity) VALUES (2001, 501, 10, 2);
INSERT INTO order_items (id, order_id, product_id, quantity) VALUES (2002, 501, 74, 4);
INSERT INTO orders (id, user_id, created_at, coupon_id) VALUES (502, 68, '2025-05-14T11:51:55', 17);
INSERT INTO order_items (id, order_id, product_id, quantity) VALUES (2003, 502, 87, 3);
INSERT INTO order_items (id, order_id, product_id, quantity) VALUES (2004, 502, 96, 1);
INSERT INTO order_items (id, order_id, product_id, quantity) VALUES (2005, 502, 59, 4);
INSERT INTO order_items (id, order_id, product_id, quantity) VALUES (2006, 502, 74, 4);
INSERT INTO order_items (id, order_id, product_id, quantity) VALUES (2007, 502, 67, 4);
INSERT INTO order_items (id, order_id, product_id, quantity) VALUES (2008, 502, 80, 3);
INSERT INTO orders (id, user_id, created_at, coupon_id) VALUES (503, 68, '2025-04-06T18:03:18', NULL);
INSERT INTO order_items (id, order_id, product_id, quantity) VALUES (2009, 503, 24, 5);
INSERT INTO order_items (id, order_id, product_id, quantity) VALUES (2010, 503, 76, 3);
INSERT INTO order_items (id, order_id, product_id, quantity) VALUES (2011, 503, 83, 5);
INSERT INTO order_items (id, order_id, product_id, quantity) VALUES (2012, 503, 88, 3);
INSERT INTO orders (id, user_id, created_at, coupon_id) VALUES (504, 68, '2025-05-29T07:46:18', NULL);
INSERT INTO order_items (id, order_id, product_id, quantity) VALUES (2013, 504, 17, 4);
INSERT INTO order_items (id, order_id, product_id, quantity) VALUES (2014, 504, 56, 1);
INSERT INTO order_items (id, order_id, product_id, quantity) VALUES (2015, 504, 51, 5);
INSERT INTO order_items (id, order_id, product_id, quantity) VALUES (2016, 504, 87, 2);
INSERT INTO order_items (id, order_id, product_id, quantity) VALUES (2017, 504, 70, 3);
INSERT INTO order_items (id, order_id, product_id, quantity) VALUES (2018, 504, 59, 4);
INSERT INTO orders (id, user_id, created_at, coupon_id) VALUES (505, 68, '2025-04-30T04:04:04', NULL);
INSERT INTO order_items (id, order_id, product_id, quantity) VALUES (2019, 505, 63, 1);
INSERT INTO orders (id, user_id, created_at, coupon_id) VALUES (506, 68, '2025-03-09T12:51:37', NULL);
INSERT INTO order_items (id, order_id, product_id, quantity) VALUES (2020, 506, 4, 3);
INSERT INTO order_items (id, order_id, product_id, quantity) VALUES (2021, 506, 59, 2);
INSERT INTO orders (id, user_id, created_at, coupon_id) VALUES (507, 68, '2025-05-23T19:29:31', NULL);
INSERT INTO order_items (id, order_id, product_id, quantity) VALUES (2022, 507, 87, 5);
INSERT INTO order_items (id, order_id, product_id, quantity) VALUES (2023, 507, 78, 2);
INSERT INTO orders (id, user_id, created_at, coupon_id) VALUES (508, 68, '2025-03-24T09:47:15', NULL);
INSERT INTO order_items (id, order_id, product_id, quantity) VALUES (2024, 508, 18, 5);
INSERT INTO order_items (id, order_id, product_id, quantity) VALUES (2025, 508, 9, 3);
INSERT INTO orders (id, user_id, created_at, coupon_id) VALUES (509, 68, '2025-05-16T15:35:43', 18);
INSERT INTO order_items (id, order_id, product_id, quantity) VALUES (2026, 509, 84, 4);
INSERT INTO order_items (id, order_id, product_id, quantity) VALUES (2027, 509, 19, 1);
INSERT INTO order_items (id, order_id, product_id, quantity) VALUES (2028, 509, 46, 2);
INSERT INTO order_items (id, order_id, product_id, quantity) VALUES (2029, 509, 71, 1);
INSERT INTO orders (id, user_id, created_at, coupon_id) VALUES (510, 69, '2025-03-11T01:15:39', NULL);
INSERT INTO order_items (id, order_id, product_id, quantity) VALUES (2030, 510, 15, 5);
INSERT INTO order_items (id, order_id, product_id, quantity) VALUES (2031, 510, 49, 1);
INSERT INTO order_items (id, order_id, product_id, quantity) VALUES (2032, 510, 88, 4);
INSERT INTO order_items (id, order_id, product_id, quantity) VALUES (2033, 510, 69, 5);
INSERT INTO order_items (id, order_id, product_id, quantity) VALUES (2034, 510, 54, 3);
INSERT INTO orders (id, user_id, created_at, coupon_id) VALUES (511, 69, '2025-05-28T03:59:21', NULL);
INSERT INTO order_items (id, order_id, product_id, quantity) VALUES (2035, 511, 3, 4);
INSERT INTO orders (id, user_id, created_at, coupon_id) VALUES (512, 69, '2025-04-06T21:57:37', NULL);
INSERT INTO order_items (id, order_id, product_id, quantity) VALUES (2036, 512, 91, 4);
INSERT INTO order_items (id, order_id, product_id, quantity) VALUES (2037, 512, 62, 4);
INSERT INTO order_items (id, order_id, product_id, quantity) VALUES (2038, 512, 89, 1);
INSERT INTO order_items (id, order_id, product_id, quantity) VALUES (2039, 512, 2, 2);
INSERT INTO order_items (id, order_id, product_id, quantity) VALUES (2040, 512, 98, 3);
INSERT INTO order_items (id, order_id, product_id, quantity) VALUES (2041, 512, 3, 1);
INSERT INTO orders (id, user_id, created_at, coupon_id) VALUES (513, 69, '2025-04-05T21:11:44', NULL);
INSERT INTO order_items (id, order_id, product_id, quantity) VALUES (2042, 513, 85, 2);
INSERT INTO order_items (id, order_id, product_id, quantity) VALUES (2043, 513, 64, 5);
INSERT INTO order_items (id, order_id, product_id, quantity) VALUES (2044, 513, 71, 5);
INSERT INTO order_items (id, order_id, product_id, quantity) VALUES (2045, 513, 51, 4);
INSERT INTO order_items (id, order_id, product_id, quantity) VALUES (2046, 513, 2, 3);
INSERT INTO orders (id, user_id, created_at, coupon_id) VALUES (514, 69, '2025-01-11T22:39:34', NULL);
INSERT INTO order_items (id, order_id, product_id, quantity) VALUES (2047, 514, 6, 3);
INSERT INTO order_items (id, order_id, product_id, quantity) VALUES (2048, 514, 50, 3);
INSERT INTO order_items (id, order_id, product_id, quantity) VALUES (2049, 514, 66, 1);
INSERT INTO order_items (id, order_id, product_id, quantity) VALUES (2050, 514, 6, 5);
INSERT INTO order_items (id, order_id, product_id, quantity) VALUES (2051, 514, 76, 5);
INSERT INTO order_items (id, order_id, product_id, quantity) VALUES (2052, 514, 51, 3);
INSERT INTO order_items (id, order_id, product_id, quantity) VALUES (2053, 514, 39, 4);
INSERT INTO orders (id, user_id, created_at, coupon_id) VALUES (515, 69, '2025-04-24T20:29:19', NULL);
INSERT INTO order_items (id, order_id, product_id, quantity) VALUES (2054, 515, 62, 5);
INSERT INTO order_items (id, order_id, product_id, quantity) VALUES (2055, 515, 90, 3);
INSERT INTO order_items (id, order_id, product_id, quantity) VALUES (2056, 515, 56, 1);
INSERT INTO orders (id, user_id, created_at, coupon_id) VALUES (516, 69, '2025-04-30T15:10:30', NULL);
INSERT INTO order_items (id, order_id, product_id, quantity) VALUES (2057, 516, 61, 3);
INSERT INTO order_items (id, order_id, product_id, quantity) VALUES (2058, 516, 74, 3);
INSERT INTO order_items (id, order_id, product_id, quantity) VALUES (2059, 516, 14, 3);
INSERT INTO order_items (id, order_id, product_id, quantity) VALUES (2060, 516, 65, 1);
INSERT INTO orders (id, user_id, created_at, coupon_id) VALUES (517, 69, '2025-05-06T04:09:57', NULL);
INSERT INTO order_items (id, order_id, product_id, quantity) VALUES (2061, 517, 4, 5);
INSERT INTO order_items (id, order_id, product_id, quantity) VALUES (2062, 517, 28, 2);
INSERT INTO order_items (id, order_id, product_id, quantity) VALUES (2063, 517, 27, 3);
INSERT INTO order_items (id, order_id, product_id, quantity) VALUES (2064, 517, 22, 2);
INSERT INTO order_items (id, order_id, product_id, quantity) VALUES (2065, 517, 99, 5);
INSERT INTO order_items (id, order_id, product_id, quantity) VALUES (2066, 517, 6, 3);
INSERT INTO orders (id, user_id, created_at, coupon_id) VALUES (518, 69, '2025-01-20T15:58:40', NULL);
INSERT INTO order_items (id, order_id, product_id, quantity) VALUES (2067, 518, 93, 5);
INSERT INTO order_items (id, order_id, product_id, quantity) VALUES (2068, 518, 91, 3);
INSERT INTO order_items (id, order_id, product_id, quantity) VALUES (2069, 518, 66, 5);
INSERT INTO order_items (id, order_id, product_id, quantity) VALUES (2070, 518, 91, 3);
INSERT INTO orders (id, user_id, created_at, coupon_id) VALUES (519, 69, '2025-03-15T14:26:34', 5);
INSERT INTO order_items (id, order_id, product_id, quantity) VALUES (2071, 519, 94, 5);
INSERT INTO order_items (id, order_id, product_id, quantity) VALUES (2072, 519, 6, 2);
INSERT INTO orders (id, user_id, created_at, coupon_id) VALUES (520, 70, '2025-04-18T16:06:47', NULL);
INSERT INTO order_items (id, order_id, product_id, quantity) VALUES (2073, 520, 93, 1);
INSERT INTO order_items (id, order_id, product_id, quantity) VALUES (2074, 520, 68, 5);
INSERT INTO order_items (id, order_id, product_id, quantity) VALUES (2075, 520, 73, 1);
INSERT INTO order_items (id, order_id, product_id, quantity) VALUES (2076, 520, 3, 5);
INSERT INTO order_items (id, order_id, product_id, quantity) VALUES (2077, 520, 66, 3);
INSERT INTO orders (id, user_id, created_at, coupon_id) VALUES (521, 70, '2025-01-28T05:06:34', NULL);
INSERT INTO order_items (id, order_id, product_id, quantity) VALUES (2078, 521, 7, 1);
INSERT INTO orders (id, user_id, created_at, coupon_id) VALUES (522, 70, '2025-04-14T08:41:34', NULL);
INSERT INTO order_items (id, order_id, product_id, quantity) VALUES (2079, 522, 67, 5);
INSERT INTO order_items (id, order_id, product_id, quantity) VALUES (2080, 522, 26, 1);
INSERT INTO order_items (id, order_id, product_id, quantity) VALUES (2081, 522, 45, 3);
INSERT INTO order_items (id, order_id, product_id, quantity) VALUES (2082, 522, 82, 2);
INSERT INTO order_items (id, order_id, product_id, quantity) VALUES (2083, 522, 81, 1);
INSERT INTO order_items (id, order_id, product_id, quantity) VALUES (2084, 522, 36, 3);
INSERT INTO orders (id, user_id, created_at, coupon_id) VALUES (523, 70, '2025-02-26T13:33:29', NULL);
INSERT INTO order_items (id, order_id, product_id, quantity) VALUES (2085, 523, 47, 3);
INSERT INTO order_items (id, order_id, product_id, quantity) VALUES (2086, 523, 23, 2);
INSERT INTO order_items (id, order_id, product_id, quantity) VALUES (2087, 523, 20, 4);
INSERT INTO order_items (id, order_id, product_id, quantity) VALUES (2088, 523, 23, 3);
INSERT INTO order_items (id, order_id, product_id, quantity) VALUES (2089, 523, 5, 5);
INSERT INTO order_items (id, order_id, product_id, quantity) VALUES (2090, 523, 6, 1);
INSERT INTO order_items (id, order_id, product_id, quantity) VALUES (2091, 523, 87, 5);
INSERT INTO orders (id, user_id, created_at, coupon_id) VALUES (524, 70, '2025-04-06T20:33:23', NULL);
INSERT INTO order_items (id, order_id, product_id, quantity) VALUES (2092, 524, 46, 1);
INSERT INTO order_items (id, order_id, product_id, quantity) VALUES (2093, 524, 45, 4);
INSERT INTO order_items (id, order_id, product_id, quantity) VALUES (2094, 524, 18, 1);
INSERT INTO order_items (id, order_id, product_id, quantity) VALUES (2095, 524, 97, 3);
INSERT INTO orders (id, user_id, created_at, coupon_id) VALUES (525, 70, '2025-01-14T07:56:35', 18);
INSERT INTO order_items (id, order_id, product_id, quantity) VALUES (2096, 525, 51, 4);
INSERT INTO order_items (id, order_id, product_id, quantity) VALUES (2097, 525, 27, 3);
INSERT INTO order_items (id, order_id, product_id, quantity) VALUES (2098, 525, 63, 2);
INSERT INTO order_items (id, order_id, product_id, quantity) VALUES (2099, 525, 84, 5);
INSERT INTO orders (id, user_id, created_at, coupon_id) VALUES (526, 70, '2025-02-23T05:07:27', NULL);
INSERT INTO order_items (id, order_id, product_id, quantity) VALUES (2100, 526, 14, 2);
INSERT INTO orders (id, user_id, created_at, coupon_id) VALUES (527, 71, '2025-02-25T17:48:54', NULL);
INSERT INTO order_items (id, order_id, product_id, quantity) VALUES (2101, 527, 82, 5);
INSERT INTO order_items (id, order_id, product_id, quantity) VALUES (2102, 527, 12, 2);
INSERT INTO order_items (id, order_id, product_id, quantity) VALUES (2103, 527, 2, 1);
INSERT INTO order_items (id, order_id, product_id, quantity) VALUES (2104, 527, 29, 2);
INSERT INTO order_items (id, order_id, product_id, quantity) VALUES (2105, 527, 21, 4);
INSERT INTO order_items (id, order_id, product_id, quantity) VALUES (2106, 527, 24, 3);
INSERT INTO order_items (id, order_id, product_id, quantity) VALUES (2107, 527, 7, 1);
INSERT INTO orders (id, user_id, created_at, coupon_id) VALUES (528, 71, '2025-01-23T21:02:18', 18);
INSERT INTO order_items (id, order_id, product_id, quantity) VALUES (2108, 528, 100, 1);
INSERT INTO order_items (id, order_id, product_id, quantity) VALUES (2109, 528, 99, 2);
INSERT INTO order_items (id, order_id, product_id, quantity) VALUES (2110, 528, 32, 1);
INSERT INTO orders (id, user_id, created_at, coupon_id) VALUES (529, 71, '2025-01-25T02:50:11', 2);
INSERT INTO order_items (id, order_id, product_id, quantity) VALUES (2111, 529, 69, 5);
INSERT INTO order_items (id, order_id, product_id, quantity) VALUES (2112, 529, 87, 1);
INSERT INTO order_items (id, order_id, product_id, quantity) VALUES (2113, 529, 63, 3);
INSERT INTO order_items (id, order_id, product_id, quantity) VALUES (2114, 529, 72, 5);
INSERT INTO order_items (id, order_id, product_id, quantity) VALUES (2115, 529, 39, 1);
INSERT INTO order_items (id, order_id, product_id, quantity) VALUES (2116, 529, 98, 1);
INSERT INTO order_items (id, order_id, product_id, quantity) VALUES (2117, 529, 97, 2);
INSERT INTO orders (id, user_id, created_at, coupon_id) VALUES (530, 71, '2025-02-04T11:13:04', NULL);
INSERT INTO order_items (id, order_id, product_id, quantity) VALUES (2118, 530, 61, 5);
INSERT INTO order_items (id, order_id, product_id, quantity) VALUES (2119, 530, 68, 5);
INSERT INTO order_items (id, order_id, product_id, quantity) VALUES (2120, 530, 97, 3);
INSERT INTO order_items (id, order_id, product_id, quantity) VALUES (2121, 530, 5, 5);
INSERT INTO order_items (id, order_id, product_id, quantity) VALUES (2122, 530, 60, 5);
INSERT INTO order_items (id, order_id, product_id, quantity) VALUES (2123, 530, 28, 2);
INSERT INTO orders (id, user_id, created_at, coupon_id) VALUES (531, 71, '2025-04-06T21:24:41', NULL);
INSERT INTO order_items (id, order_id, product_id, quantity) VALUES (2124, 531, 33, 3);
INSERT INTO order_items (id, order_id, product_id, quantity) VALUES (2125, 531, 74, 2);
INSERT INTO order_items (id, order_id, product_id, quantity) VALUES (2126, 531, 83, 5);
INSERT INTO order_items (id, order_id, product_id, quantity) VALUES (2127, 531, 46, 5);
INSERT INTO order_items (id, order_id, product_id, quantity) VALUES (2128, 531, 92, 2);
INSERT INTO orders (id, user_id, created_at, coupon_id) VALUES (532, 71, '2025-03-11T09:06:16', NULL);
INSERT INTO order_items (id, order_id, product_id, quantity) VALUES (2129, 532, 49, 3);
INSERT INTO order_items (id, order_id, product_id, quantity) VALUES (2130, 532, 34, 4);
INSERT INTO order_items (id, order_id, product_id, quantity) VALUES (2131, 532, 16, 5);
INSERT INTO order_items (id, order_id, product_id, quantity) VALUES (2132, 532, 89, 5);
INSERT INTO order_items (id, order_id, product_id, quantity) VALUES (2133, 532, 89, 5);
INSERT INTO order_items (id, order_id, product_id, quantity) VALUES (2134, 532, 65, 5);
INSERT INTO orders (id, user_id, created_at, coupon_id) VALUES (533, 71, '2025-01-29T01:09:35', NULL);
INSERT INTO order_items (id, order_id, product_id, quantity) VALUES (2135, 533, 52, 4);
INSERT INTO order_items (id, order_id, product_id, quantity) VALUES (2136, 533, 62, 5);
INSERT INTO order_items (id, order_id, product_id, quantity) VALUES (2137, 533, 82, 2);
INSERT INTO order_items (id, order_id, product_id, quantity) VALUES (2138, 533, 76, 2);
INSERT INTO order_items (id, order_id, product_id, quantity) VALUES (2139, 533, 79, 4);
INSERT INTO orders (id, user_id, created_at, coupon_id) VALUES (534, 71, '2025-05-11T19:36:16', NULL);
INSERT INTO order_items (id, order_id, product_id, quantity) VALUES (2140, 534, 61, 3);
INSERT INTO orders (id, user_id, created_at, coupon_id) VALUES (535, 71, '2025-05-02T22:22:34', NULL);
INSERT INTO order_items (id, order_id, product_id, quantity) VALUES (2141, 535, 77, 3);
INSERT INTO order_items (id, order_id, product_id, quantity) VALUES (2142, 535, 60, 3);
INSERT INTO order_items (id, order_id, product_id, quantity) VALUES (2143, 535, 41, 5);
INSERT INTO order_items (id, order_id, product_id, quantity) VALUES (2144, 535, 19, 4);
INSERT INTO order_items (id, order_id, product_id, quantity) VALUES (2145, 535, 2, 1);
INSERT INTO order_items (id, order_id, product_id, quantity) VALUES (2146, 535, 73, 1);
INSERT INTO orders (id, user_id, created_at, coupon_id) VALUES (536, 71, '2025-03-12T03:30:55', NULL);
INSERT INTO order_items (id, order_id, product_id, quantity) VALUES (2147, 536, 62, 2);
INSERT INTO order_items (id, order_id, product_id, quantity) VALUES (2148, 536, 37, 1);
INSERT INTO order_items (id, order_id, product_id, quantity) VALUES (2149, 536, 7, 3);
INSERT INTO order_items (id, order_id, product_id, quantity) VALUES (2150, 536, 13, 2);
INSERT INTO order_items (id, order_id, product_id, quantity) VALUES (2151, 536, 89, 5);
INSERT INTO order_items (id, order_id, product_id, quantity) VALUES (2152, 536, 99, 2);
INSERT INTO orders (id, user_id, created_at, coupon_id) VALUES (537, 72, '2025-05-17T18:59:39', NULL);
INSERT INTO order_items (id, order_id, product_id, quantity) VALUES (2153, 537, 41, 1);
INSERT INTO order_items (id, order_id, product_id, quantity) VALUES (2154, 537, 22, 1);
INSERT INTO orders (id, user_id, created_at, coupon_id) VALUES (538, 72, '2025-01-14T06:37:56', 12);
INSERT INTO order_items (id, order_id, product_id, quantity) VALUES (2155, 538, 83, 5);
INSERT INTO order_items (id, order_id, product_id, quantity) VALUES (2156, 538, 16, 4);
INSERT INTO order_items (id, order_id, product_id, quantity) VALUES (2157, 538, 93, 5);
INSERT INTO orders (id, user_id, created_at, coupon_id) VALUES (539, 72, '2025-05-03T11:25:37', NULL);
INSERT INTO order_items (id, order_id, product_id, quantity) VALUES (2158, 539, 63, 1);
INSERT INTO order_items (id, order_id, product_id, quantity) VALUES (2159, 539, 34, 2);
INSERT INTO order_items (id, order_id, product_id, quantity) VALUES (2160, 539, 92, 3);
INSERT INTO order_items (id, order_id, product_id, quantity) VALUES (2161, 539, 95, 1);
INSERT INTO orders (id, user_id, created_at, coupon_id) VALUES (540, 72, '2025-06-04T06:03:14', NULL);
INSERT INTO order_items (id, order_id, product_id, quantity) VALUES (2162, 540, 90, 2);
INSERT INTO order_items (id, order_id, product_id, quantity) VALUES (2163, 540, 1, 3);
INSERT INTO order_items (id, order_id, product_id, quantity) VALUES (2164, 540, 47, 4);
INSERT INTO orders (id, user_id, created_at, coupon_id) VALUES (541, 72, '2025-05-09T23:25:52', NULL);
INSERT INTO order_items (id, order_id, product_id, quantity) VALUES (2165, 541, 21, 5);
INSERT INTO order_items (id, order_id, product_id, quantity) VALUES (2166, 541, 81, 3);
INSERT INTO order_items (id, order_id, product_id, quantity) VALUES (2167, 541, 98, 5);
INSERT INTO order_items (id, order_id, product_id, quantity) VALUES (2168, 541, 61, 5);
INSERT INTO order_items (id, order_id, product_id, quantity) VALUES (2169, 541, 80, 2);
INSERT INTO order_items (id, order_id, product_id, quantity) VALUES (2170, 541, 30, 3);
INSERT INTO order_items (id, order_id, product_id, quantity) VALUES (2171, 541, 27, 3);
INSERT INTO orders (id, user_id, created_at, coupon_id) VALUES (542, 72, '2025-02-11T16:52:42', NULL);
INSERT INTO order_items (id, order_id, product_id, quantity) VALUES (2172, 542, 18, 5);
INSERT INTO orders (id, user_id, created_at, coupon_id) VALUES (543, 72, '2025-03-11T04:10:43', NULL);
INSERT INTO order_items (id, order_id, product_id, quantity) VALUES (2173, 543, 64, 1);
INSERT INTO order_items (id, order_id, product_id, quantity) VALUES (2174, 543, 73, 3);
INSERT INTO order_items (id, order_id, product_id, quantity) VALUES (2175, 543, 10, 3);
INSERT INTO order_items (id, order_id, product_id, quantity) VALUES (2176, 543, 11, 4);
INSERT INTO order_items (id, order_id, product_id, quantity) VALUES (2177, 543, 63, 3);
INSERT INTO order_items (id, order_id, product_id, quantity) VALUES (2178, 543, 33, 2);
INSERT INTO order_items (id, order_id, product_id, quantity) VALUES (2179, 543, 1, 1);
INSERT INTO orders (id, user_id, created_at, coupon_id) VALUES (544, 72, '2025-01-16T00:04:37', NULL);
INSERT INTO order_items (id, order_id, product_id, quantity) VALUES (2180, 544, 55, 5);
INSERT INTO order_items (id, order_id, product_id, quantity) VALUES (2181, 544, 47, 5);
INSERT INTO order_items (id, order_id, product_id, quantity) VALUES (2182, 544, 90, 2);
INSERT INTO order_items (id, order_id, product_id, quantity) VALUES (2183, 544, 60, 3);
INSERT INTO order_items (id, order_id, product_id, quantity) VALUES (2184, 544, 42, 4);
INSERT INTO order_items (id, order_id, product_id, quantity) VALUES (2185, 544, 4, 1);
INSERT INTO order_items (id, order_id, product_id, quantity) VALUES (2186, 544, 8, 5);
INSERT INTO orders (id, user_id, created_at, coupon_id) VALUES (545, 72, '2025-03-26T22:02:51', 9);
INSERT INTO order_items (id, order_id, product_id, quantity) VALUES (2187, 545, 77, 4);
INSERT INTO orders (id, user_id, created_at, coupon_id) VALUES (546, 72, '2025-01-22T12:03:25', NULL);
INSERT INTO order_items (id, order_id, product_id, quantity) VALUES (2188, 546, 61, 3);
INSERT INTO order_items (id, order_id, product_id, quantity) VALUES (2189, 546, 2, 2);
INSERT INTO order_items (id, order_id, product_id, quantity) VALUES (2190, 546, 3, 2);
INSERT INTO order_items (id, order_id, product_id, quantity) VALUES (2191, 546, 55, 1);
INSERT INTO order_items (id, order_id, product_id, quantity) VALUES (2192, 546, 62, 2);
INSERT INTO order_items (id, order_id, product_id, quantity) VALUES (2193, 546, 50, 2);
INSERT INTO orders (id, user_id, created_at, coupon_id) VALUES (547, 73, '2025-05-10T08:13:50', NULL);
INSERT INTO order_items (id, order_id, product_id, quantity) VALUES (2194, 547, 35, 4);
INSERT INTO order_items (id, order_id, product_id, quantity) VALUES (2195, 547, 3, 1);
INSERT INTO order_items (id, order_id, product_id, quantity) VALUES (2196, 547, 43, 1);
INSERT INTO order_items (id, order_id, product_id, quantity) VALUES (2197, 547, 11, 4);
INSERT INTO order_items (id, order_id, product_id, quantity) VALUES (2198, 547, 57, 2);
INSERT INTO order_items (id, order_id, product_id, quantity) VALUES (2199, 547, 23, 2);
INSERT INTO order_items (id, order_id, product_id, quantity) VALUES (2200, 547, 72, 3);
INSERT INTO orders (id, user_id, created_at, coupon_id) VALUES (548, 73, '2025-05-07T22:47:34', NULL);
INSERT INTO order_items (id, order_id, product_id, quantity) VALUES (2201, 548, 12, 3);
INSERT INTO order_items (id, order_id, product_id, quantity) VALUES (2202, 548, 14, 2);
INSERT INTO order_items (id, order_id, product_id, quantity) VALUES (2203, 548, 24, 2);
INSERT INTO order_items (id, order_id, product_id, quantity) VALUES (2204, 548, 95, 2);
INSERT INTO order_items (id, order_id, product_id, quantity) VALUES (2205, 548, 47, 4);
INSERT INTO orders (id, user_id, created_at, coupon_id) VALUES (549, 73, '2025-03-25T19:35:32', NULL);
INSERT INTO order_items (id, order_id, product_id, quantity) VALUES (2206, 549, 68, 5);
INSERT INTO order_items (id, order_id, product_id, quantity) VALUES (2207, 549, 84, 5);
INSERT INTO order_items (id, order_id, product_id, quantity) VALUES (2208, 549, 49, 5);
INSERT INTO order_items (id, order_id, product_id, quantity) VALUES (2209, 549, 46, 5);
INSERT INTO order_items (id, order_id, product_id, quantity) VALUES (2210, 549, 7, 5);
INSERT INTO order_items (id, order_id, product_id, quantity) VALUES (2211, 549, 76, 2);
INSERT INTO orders (id, user_id, created_at, coupon_id) VALUES (550, 73, '2025-01-11T14:51:14', NULL);
INSERT INTO order_items (id, order_id, product_id, quantity) VALUES (2212, 550, 68, 4);
INSERT INTO order_items (id, order_id, product_id, quantity) VALUES (2213, 550, 3, 4);
INSERT INTO order_items (id, order_id, product_id, quantity) VALUES (2214, 550, 70, 1);
INSERT INTO order_items (id, order_id, product_id, quantity) VALUES (2215, 550, 51, 3);
INSERT INTO order_items (id, order_id, product_id, quantity) VALUES (2216, 550, 19, 3);
INSERT INTO orders (id, user_id, created_at, coupon_id) VALUES (551, 73, '2025-05-18T03:34:08', NULL);
INSERT INTO order_items (id, order_id, product_id, quantity) VALUES (2217, 551, 37, 5);
INSERT INTO order_items (id, order_id, product_id, quantity) VALUES (2218, 551, 24, 2);
INSERT INTO order_items (id, order_id, product_id, quantity) VALUES (2219, 551, 42, 4);
INSERT INTO orders (id, user_id, created_at, coupon_id) VALUES (552, 73, '2025-03-27T10:10:42', 8);
INSERT INTO order_items (id, order_id, product_id, quantity) VALUES (2220, 552, 90, 2);
INSERT INTO order_items (id, order_id, product_id, quantity) VALUES (2221, 552, 22, 1);
INSERT INTO order_items (id, order_id, product_id, quantity) VALUES (2222, 552, 80, 2);
INSERT INTO order_items (id, order_id, product_id, quantity) VALUES (2223, 552, 28, 2);
INSERT INTO order_items (id, order_id, product_id, quantity) VALUES (2224, 552, 3, 5);
INSERT INTO order_items (id, order_id, product_id, quantity) VALUES (2225, 552, 99, 1);
INSERT INTO order_items (id, order_id, product_id, quantity) VALUES (2226, 552, 83, 4);
INSERT INTO orders (id, user_id, created_at, coupon_id) VALUES (553, 73, '2025-05-16T19:24:19', NULL);
INSERT INTO order_items (id, order_id, product_id, quantity) VALUES (2227, 553, 62, 1);
INSERT INTO order_items (id, order_id, product_id, quantity) VALUES (2228, 553, 10, 2);
INSERT INTO order_items (id, order_id, product_id, quantity) VALUES (2229, 553, 93, 3);
INSERT INTO order_items (id, order_id, product_id, quantity) VALUES (2230, 553, 28, 1);
INSERT INTO order_items (id, order_id, product_id, quantity) VALUES (2231, 553, 69, 2);
INSERT INTO orders (id, user_id, created_at, coupon_id) VALUES (554, 73, '2025-02-03T19:23:36', 5);
INSERT INTO order_items (id, order_id, product_id, quantity) VALUES (2232, 554, 19, 4);
INSERT INTO order_items (id, order_id, product_id, quantity) VALUES (2233, 554, 54, 2);
INSERT INTO orders (id, user_id, created_at, coupon_id) VALUES (555, 73, '2025-04-11T00:44:29', NULL);
INSERT INTO order_items (id, order_id, product_id, quantity) VALUES (2234, 555, 55, 4);
INSERT INTO order_items (id, order_id, product_id, quantity) VALUES (2235, 555, 16, 1);
INSERT INTO order_items (id, order_id, product_id, quantity) VALUES (2236, 555, 8, 2);
INSERT INTO order_items (id, order_id, product_id, quantity) VALUES (2237, 555, 74, 2);
INSERT INTO order_items (id, order_id, product_id, quantity) VALUES (2238, 555, 50, 2);
INSERT INTO order_items (id, order_id, product_id, quantity) VALUES (2239, 555, 77, 1);
INSERT INTO order_items (id, order_id, product_id, quantity) VALUES (2240, 555, 68, 5);
INSERT INTO orders (id, user_id, created_at, coupon_id) VALUES (556, 73, '2025-02-16T09:18:13', NULL);
INSERT INTO order_items (id, order_id, product_id, quantity) VALUES (2241, 556, 19, 3);
INSERT INTO order_items (id, order_id, product_id, quantity) VALUES (2242, 556, 74, 5);
INSERT INTO order_items (id, order_id, product_id, quantity) VALUES (2243, 556, 27, 3);
INSERT INTO order_items (id, order_id, product_id, quantity) VALUES (2244, 556, 91, 3);
INSERT INTO order_items (id, order_id, product_id, quantity) VALUES (2245, 556, 47, 3);
INSERT INTO order_items (id, order_id, product_id, quantity) VALUES (2246, 556, 24, 1);
INSERT INTO order_items (id, order_id, product_id, quantity) VALUES (2247, 556, 56, 4);
INSERT INTO orders (id, user_id, created_at, coupon_id) VALUES (557, 74, '2025-01-12T15:39:53', NULL);
INSERT INTO order_items (id, order_id, product_id, quantity) VALUES (2248, 557, 73, 2);
INSERT INTO order_items (id, order_id, product_id, quantity) VALUES (2249, 557, 63, 1);
INSERT INTO order_items (id, order_id, product_id, quantity) VALUES (2250, 557, 4, 1);
INSERT INTO order_items (id, order_id, product_id, quantity) VALUES (2251, 557, 11, 4);
INSERT INTO order_items (id, order_id, product_id, quantity) VALUES (2252, 557, 85, 1);
INSERT INTO order_items (id, order_id, product_id, quantity) VALUES (2253, 557, 10, 3);
INSERT INTO orders (id, user_id, created_at, coupon_id) VALUES (558, 74, '2025-02-11T12:13:49', NULL);
INSERT INTO order_items (id, order_id, product_id, quantity) VALUES (2254, 558, 93, 3);
INSERT INTO order_items (id, order_id, product_id, quantity) VALUES (2255, 558, 32, 2);
INSERT INTO order_items (id, order_id, product_id, quantity) VALUES (2256, 558, 40, 2);
INSERT INTO order_items (id, order_id, product_id, quantity) VALUES (2257, 558, 93, 2);
INSERT INTO order_items (id, order_id, product_id, quantity) VALUES (2258, 558, 38, 4);
INSERT INTO orders (id, user_id, created_at, coupon_id) VALUES (559, 74, '2025-04-12T13:27:42', NULL);
INSERT INTO order_items (id, order_id, product_id, quantity) VALUES (2259, 559, 19, 3);
INSERT INTO orders (id, user_id, created_at, coupon_id) VALUES (560, 74, '2025-02-01T01:18:04', NULL);
INSERT INTO order_items (id, order_id, product_id, quantity) VALUES (2260, 560, 65, 3);
INSERT INTO orders (id, user_id, created_at, coupon_id) VALUES (561, 74, '2025-02-04T20:48:00', NULL);
INSERT INTO order_items (id, order_id, product_id, quantity) VALUES (2261, 561, 3, 5);
INSERT INTO order_items (id, order_id, product_id, quantity) VALUES (2262, 561, 79, 3);
INSERT INTO order_items (id, order_id, product_id, quantity) VALUES (2263, 561, 52, 2);
INSERT INTO orders (id, user_id, created_at, coupon_id) VALUES (562, 75, '2025-01-09T23:46:56', 4);
INSERT INTO order_items (id, order_id, product_id, quantity) VALUES (2264, 562, 99, 1);
INSERT INTO order_items (id, order_id, product_id, quantity) VALUES (2265, 562, 89, 5);
INSERT INTO orders (id, user_id, created_at, coupon_id) VALUES (563, 75, '2025-05-06T06:54:14', NULL);
INSERT INTO order_items (id, order_id, product_id, quantity) VALUES (2266, 563, 3, 1);
INSERT INTO order_items (id, order_id, product_id, quantity) VALUES (2267, 563, 82, 4);
INSERT INTO order_items (id, order_id, product_id, quantity) VALUES (2268, 563, 44, 5);
INSERT INTO order_items (id, order_id, product_id, quantity) VALUES (2269, 563, 8, 2);
INSERT INTO order_items (id, order_id, product_id, quantity) VALUES (2270, 563, 77, 5);
INSERT INTO order_items (id, order_id, product_id, quantity) VALUES (2271, 563, 27, 1);
INSERT INTO order_items (id, order_id, product_id, quantity) VALUES (2272, 563, 35, 2);
INSERT INTO orders (id, user_id, created_at, coupon_id) VALUES (564, 75, '2025-05-14T20:15:25', NULL);
INSERT INTO order_items (id, order_id, product_id, quantity) VALUES (2273, 564, 83, 3);
INSERT INTO order_items (id, order_id, product_id, quantity) VALUES (2274, 564, 51, 4);
INSERT INTO order_items (id, order_id, product_id, quantity) VALUES (2275, 564, 98, 5);
INSERT INTO order_items (id, order_id, product_id, quantity) VALUES (2276, 564, 81, 4);
INSERT INTO order_items (id, order_id, product_id, quantity) VALUES (2277, 564, 68, 3);
INSERT INTO order_items (id, order_id, product_id, quantity) VALUES (2278, 564, 90, 4);
INSERT INTO orders (id, user_id, created_at, coupon_id) VALUES (565, 75, '2025-01-01T19:39:33', 19);
INSERT INTO order_items (id, order_id, product_id, quantity) VALUES (2279, 565, 16, 5);
INSERT INTO order_items (id, order_id, product_id, quantity) VALUES (2280, 565, 46, 3);
INSERT INTO order_items (id, order_id, product_id, quantity) VALUES (2281, 565, 83, 2);
INSERT INTO order_items (id, order_id, product_id, quantity) VALUES (2282, 565, 86, 5);
INSERT INTO order_items (id, order_id, product_id, quantity) VALUES (2283, 565, 14, 3);
INSERT INTO order_items (id, order_id, product_id, quantity) VALUES (2284, 565, 38, 3);
INSERT INTO orders (id, user_id, created_at, coupon_id) VALUES (566, 75, '2025-04-17T06:23:41', NULL);
INSERT INTO order_items (id, order_id, product_id, quantity) VALUES (2285, 566, 62, 5);
INSERT INTO order_items (id, order_id, product_id, quantity) VALUES (2286, 566, 41, 1);
INSERT INTO order_items (id, order_id, product_id, quantity) VALUES (2287, 566, 43, 4);
INSERT INTO order_items (id, order_id, product_id, quantity) VALUES (2288, 566, 68, 4);
INSERT INTO order_items (id, order_id, product_id, quantity) VALUES (2289, 566, 3, 2);
INSERT INTO order_items (id, order_id, product_id, quantity) VALUES (2290, 566, 91, 1);
INSERT INTO orders (id, user_id, created_at, coupon_id) VALUES (567, 75, '2025-01-31T14:31:21', NULL);
INSERT INTO order_items (id, order_id, product_id, quantity) VALUES (2291, 567, 31, 5);
INSERT INTO order_items (id, order_id, product_id, quantity) VALUES (2292, 567, 67, 2);
INSERT INTO order_items (id, order_id, product_id, quantity) VALUES (2293, 567, 9, 4);
INSERT INTO order_items (id, order_id, product_id, quantity) VALUES (2294, 567, 90, 5);
INSERT INTO orders (id, user_id, created_at, coupon_id) VALUES (568, 75, '2025-06-01T03:44:57', NULL);
INSERT INTO order_items (id, order_id, product_id, quantity) VALUES (2295, 568, 20, 2);
INSERT INTO orders (id, user_id, created_at, coupon_id) VALUES (569, 76, '2025-01-24T01:58:44', NULL);
INSERT INTO order_items (id, order_id, product_id, quantity) VALUES (2296, 569, 81, 4);
INSERT INTO order_items (id, order_id, product_id, quantity) VALUES (2297, 569, 54, 3);
INSERT INTO order_items (id, order_id, product_id, quantity) VALUES (2298, 569, 71, 1);
INSERT INTO order_items (id, order_id, product_id, quantity) VALUES (2299, 569, 61, 3);
INSERT INTO order_items (id, order_id, product_id, quantity) VALUES (2300, 569, 50, 4);
INSERT INTO order_items (id, order_id, product_id, quantity) VALUES (2301, 569, 98, 4);
INSERT INTO order_items (id, order_id, product_id, quantity) VALUES (2302, 569, 27, 1);
INSERT INTO orders (id, user_id, created_at, coupon_id) VALUES (570, 76, '2025-02-17T16:47:31', 4);
INSERT INTO order_items (id, order_id, product_id, quantity) VALUES (2303, 570, 90, 1);
INSERT INTO order_items (id, order_id, product_id, quantity) VALUES (2304, 570, 62, 2);
INSERT INTO order_items (id, order_id, product_id, quantity) VALUES (2305, 570, 81, 3);
INSERT INTO orders (id, user_id, created_at, coupon_id) VALUES (571, 76, '2025-03-07T16:14:54', NULL);
INSERT INTO order_items (id, order_id, product_id, quantity) VALUES (2306, 571, 57, 1);
INSERT INTO order_items (id, order_id, product_id, quantity) VALUES (2307, 571, 48, 4);
INSERT INTO orders (id, user_id, created_at, coupon_id) VALUES (572, 76, '2025-01-08T00:28:34', 12);
INSERT INTO order_items (id, order_id, product_id, quantity) VALUES (2308, 572, 84, 4);
INSERT INTO order_items (id, order_id, product_id, quantity) VALUES (2309, 572, 28, 5);
INSERT INTO order_items (id, order_id, product_id, quantity) VALUES (2310, 572, 65, 3);
INSERT INTO order_items (id, order_id, product_id, quantity) VALUES (2311, 572, 36, 4);
INSERT INTO order_items (id, order_id, product_id, quantity) VALUES (2312, 572, 25, 5);
INSERT INTO order_items (id, order_id, product_id, quantity) VALUES (2313, 572, 37, 3);
INSERT INTO orders (id, user_id, created_at, coupon_id) VALUES (573, 76, '2025-04-15T08:11:33', NULL);
INSERT INTO order_items (id, order_id, product_id, quantity) VALUES (2314, 573, 67, 3);
INSERT INTO order_items (id, order_id, product_id, quantity) VALUES (2315, 573, 32, 4);
INSERT INTO order_items (id, order_id, product_id, quantity) VALUES (2316, 573, 26, 2);
INSERT INTO order_items (id, order_id, product_id, quantity) VALUES (2317, 573, 97, 5);
INSERT INTO order_items (id, order_id, product_id, quantity) VALUES (2318, 573, 62, 2);
INSERT INTO orders (id, user_id, created_at, coupon_id) VALUES (574, 77, '2025-05-22T11:35:19', 10);
INSERT INTO order_items (id, order_id, product_id, quantity) VALUES (2319, 574, 32, 1);
INSERT INTO order_items (id, order_id, product_id, quantity) VALUES (2320, 574, 1, 1);
INSERT INTO order_items (id, order_id, product_id, quantity) VALUES (2321, 574, 43, 4);
INSERT INTO order_items (id, order_id, product_id, quantity) VALUES (2322, 574, 77, 2);
INSERT INTO orders (id, user_id, created_at, coupon_id) VALUES (575, 77, '2025-06-09T10:26:30', 19);
INSERT INTO order_items (id, order_id, product_id, quantity) VALUES (2323, 575, 43, 3);
INSERT INTO order_items (id, order_id, product_id, quantity) VALUES (2324, 575, 90, 1);
INSERT INTO order_items (id, order_id, product_id, quantity) VALUES (2325, 575, 81, 1);
INSERT INTO order_items (id, order_id, product_id, quantity) VALUES (2326, 575, 64, 4);
INSERT INTO order_items (id, order_id, product_id, quantity) VALUES (2327, 575, 90, 4);
INSERT INTO order_items (id, order_id, product_id, quantity) VALUES (2328, 575, 84, 4);
INSERT INTO order_items (id, order_id, product_id, quantity) VALUES (2329, 575, 10, 4);
INSERT INTO orders (id, user_id, created_at, coupon_id) VALUES (576, 77, '2025-02-15T15:59:51', NULL);
INSERT INTO order_items (id, order_id, product_id, quantity) VALUES (2330, 576, 54, 3);
INSERT INTO order_items (id, order_id, product_id, quantity) VALUES (2331, 576, 95, 2);
INSERT INTO order_items (id, order_id, product_id, quantity) VALUES (2332, 576, 90, 1);
INSERT INTO order_items (id, order_id, product_id, quantity) VALUES (2333, 576, 31, 4);
INSERT INTO order_items (id, order_id, product_id, quantity) VALUES (2334, 576, 5, 5);
INSERT INTO order_items (id, order_id, product_id, quantity) VALUES (2335, 576, 5, 4);
INSERT INTO order_items (id, order_id, product_id, quantity) VALUES (2336, 576, 65, 4);
INSERT INTO orders (id, user_id, created_at, coupon_id) VALUES (577, 77, '2025-04-03T20:28:56', 15);
INSERT INTO order_items (id, order_id, product_id, quantity) VALUES (2337, 577, 75, 3);
INSERT INTO order_items (id, order_id, product_id, quantity) VALUES (2338, 577, 4, 4);
INSERT INTO order_items (id, order_id, product_id, quantity) VALUES (2339, 577, 32, 5);
INSERT INTO orders (id, user_id, created_at, coupon_id) VALUES (578, 77, '2025-06-07T01:26:04', 3);
INSERT INTO order_items (id, order_id, product_id, quantity) VALUES (2340, 578, 15, 5);
INSERT INTO order_items (id, order_id, product_id, quantity) VALUES (2341, 578, 95, 2);
INSERT INTO order_items (id, order_id, product_id, quantity) VALUES (2342, 578, 87, 2);
INSERT INTO order_items (id, order_id, product_id, quantity) VALUES (2343, 578, 36, 3);
INSERT INTO order_items (id, order_id, product_id, quantity) VALUES (2344, 578, 97, 1);
INSERT INTO order_items (id, order_id, product_id, quantity) VALUES (2345, 578, 32, 2);
INSERT INTO order_items (id, order_id, product_id, quantity) VALUES (2346, 578, 9, 3);
INSERT INTO orders (id, user_id, created_at, coupon_id) VALUES (579, 77, '2025-03-16T00:17:31', NULL);
INSERT INTO order_items (id, order_id, product_id, quantity) VALUES (2347, 579, 26, 4);
INSERT INTO order_items (id, order_id, product_id, quantity) VALUES (2348, 579, 78, 5);
INSERT INTO order_items (id, order_id, product_id, quantity) VALUES (2349, 579, 5, 2);
INSERT INTO order_items (id, order_id, product_id, quantity) VALUES (2350, 579, 63, 3);
INSERT INTO order_items (id, order_id, product_id, quantity) VALUES (2351, 579, 63, 3);
INSERT INTO orders (id, user_id, created_at, coupon_id) VALUES (580, 78, '2025-03-08T23:39:49', NULL);
INSERT INTO order_items (id, order_id, product_id, quantity) VALUES (2352, 580, 56, 4);
INSERT INTO order_items (id, order_id, product_id, quantity) VALUES (2353, 580, 35, 5);
INSERT INTO order_items (id, order_id, product_id, quantity) VALUES (2354, 580, 75, 1);
INSERT INTO order_items (id, order_id, product_id, quantity) VALUES (2355, 580, 30, 3);
INSERT INTO order_items (id, order_id, product_id, quantity) VALUES (2356, 580, 20, 5);
INSERT INTO order_items (id, order_id, product_id, quantity) VALUES (2357, 580, 16, 5);
INSERT INTO order_items (id, order_id, product_id, quantity) VALUES (2358, 580, 72, 2);
INSERT INTO orders (id, user_id, created_at, coupon_id) VALUES (581, 78, '2025-02-05T18:01:09', NULL);
INSERT INTO order_items (id, order_id, product_id, quantity) VALUES (2359, 581, 7, 1);
INSERT INTO order_items (id, order_id, product_id, quantity) VALUES (2360, 581, 29, 4);
INSERT INTO order_items (id, order_id, product_id, quantity) VALUES (2361, 581, 52, 4);
INSERT INTO order_items (id, order_id, product_id, quantity) VALUES (2362, 581, 95, 5);
INSERT INTO orders (id, user_id, created_at, coupon_id) VALUES (582, 78, '2025-03-04T11:48:16', NULL);
INSERT INTO order_items (id, order_id, product_id, quantity) VALUES (2363, 582, 27, 5);
INSERT INTO orders (id, user_id, created_at, coupon_id) VALUES (583, 78, '2025-01-10T06:05:44', NULL);
INSERT INTO order_items (id, order_id, product_id, quantity) VALUES (2364, 583, 72, 1);
INSERT INTO orders (id, user_id, created_at, coupon_id) VALUES (584, 78, '2025-01-28T02:38:44', NULL);
INSERT INTO order_items (id, order_id, product_id, quantity) VALUES (2365, 584, 51, 4);
INSERT INTO order_items (id, order_id, product_id, quantity) VALUES (2366, 584, 9, 3);
INSERT INTO order_items (id, order_id, product_id, quantity) VALUES (2367, 584, 22, 5);
INSERT INTO order_items (id, order_id, product_id, quantity) VALUES (2368, 584, 88, 5);
INSERT INTO order_items (id, order_id, product_id, quantity) VALUES (2369, 584, 96, 3);
INSERT INTO order_items (id, order_id, product_id, quantity) VALUES (2370, 584, 17, 2);
INSERT INTO order_items (id, order_id, product_id, quantity) VALUES (2371, 584, 90, 3);
INSERT INTO orders (id, user_id, created_at, coupon_id) VALUES (585, 78, '2025-03-25T07:49:04', NULL);
INSERT INTO order_items (id, order_id, product_id, quantity) VALUES (2372, 585, 78, 5);
INSERT INTO order_items (id, order_id, product_id, quantity) VALUES (2373, 585, 22, 5);
INSERT INTO order_items (id, order_id, product_id, quantity) VALUES (2374, 585, 40, 3);
INSERT INTO order_items (id, order_id, product_id, quantity) VALUES (2375, 585, 57, 2);
INSERT INTO order_items (id, order_id, product_id, quantity) VALUES (2376, 585, 83, 4);
INSERT INTO orders (id, user_id, created_at, coupon_id) VALUES (586, 78, '2025-02-15T23:28:57', NULL);
INSERT INTO order_items (id, order_id, product_id, quantity) VALUES (2377, 586, 66, 2);
INSERT INTO order_items (id, order_id, product_id, quantity) VALUES (2378, 586, 40, 2);
INSERT INTO order_items (id, order_id, product_id, quantity) VALUES (2379, 586, 91, 4);
INSERT INTO order_items (id, order_id, product_id, quantity) VALUES (2380, 586, 48, 5);
INSERT INTO order_items (id, order_id, product_id, quantity) VALUES (2381, 586, 76, 1);
INSERT INTO order_items (id, order_id, product_id, quantity) VALUES (2382, 586, 63, 2);
INSERT INTO order_items (id, order_id, product_id, quantity) VALUES (2383, 586, 6, 4);
INSERT INTO orders (id, user_id, created_at, coupon_id) VALUES (587, 78, '2025-04-11T16:49:08', 2);
INSERT INTO order_items (id, order_id, product_id, quantity) VALUES (2384, 587, 7, 2);
INSERT INTO order_items (id, order_id, product_id, quantity) VALUES (2385, 587, 27, 3);
INSERT INTO order_items (id, order_id, product_id, quantity) VALUES (2386, 587, 5, 2);
INSERT INTO orders (id, user_id, created_at, coupon_id) VALUES (588, 79, '2025-01-25T00:19:43', NULL);
INSERT INTO order_items (id, order_id, product_id, quantity) VALUES (2387, 588, 10, 4);
INSERT INTO order_items (id, order_id, product_id, quantity) VALUES (2388, 588, 30, 1);
INSERT INTO order_items (id, order_id, product_id, quantity) VALUES (2389, 588, 14, 1);
INSERT INTO order_items (id, order_id, product_id, quantity) VALUES (2390, 588, 87, 4);
INSERT INTO order_items (id, order_id, product_id, quantity) VALUES (2391, 588, 90, 2);
INSERT INTO order_items (id, order_id, product_id, quantity) VALUES (2392, 588, 85, 4);
INSERT INTO order_items (id, order_id, product_id, quantity) VALUES (2393, 588, 83, 1);
INSERT INTO orders (id, user_id, created_at, coupon_id) VALUES (589, 79, '2025-06-07T20:59:01', NULL);
INSERT INTO order_items (id, order_id, product_id, quantity) VALUES (2394, 589, 19, 3);
INSERT INTO order_items (id, order_id, product_id, quantity) VALUES (2395, 589, 49, 3);
INSERT INTO order_items (id, order_id, product_id, quantity) VALUES (2396, 589, 99, 2);
INSERT INTO order_items (id, order_id, product_id, quantity) VALUES (2397, 589, 68, 5);
INSERT INTO order_items (id, order_id, product_id, quantity) VALUES (2398, 589, 91, 3);
INSERT INTO order_items (id, order_id, product_id, quantity) VALUES (2399, 589, 33, 3);
INSERT INTO orders (id, user_id, created_at, coupon_id) VALUES (590, 79, '2025-02-22T22:39:42', NULL);
INSERT INTO order_items (id, order_id, product_id, quantity) VALUES (2400, 590, 49, 1);
INSERT INTO order_items (id, order_id, product_id, quantity) VALUES (2401, 590, 8, 2);
INSERT INTO order_items (id, order_id, product_id, quantity) VALUES (2402, 590, 92, 3);
INSERT INTO order_items (id, order_id, product_id, quantity) VALUES (2403, 590, 98, 2);
INSERT INTO orders (id, user_id, created_at, coupon_id) VALUES (591, 79, '2025-04-29T15:52:33', 2);
INSERT INTO order_items (id, order_id, product_id, quantity) VALUES (2404, 591, 30, 2);
INSERT INTO order_items (id, order_id, product_id, quantity) VALUES (2405, 591, 80, 3);
INSERT INTO order_items (id, order_id, product_id, quantity) VALUES (2406, 591, 25, 1);
INSERT INTO order_items (id, order_id, product_id, quantity) VALUES (2407, 591, 76, 5);
INSERT INTO order_items (id, order_id, product_id, quantity) VALUES (2408, 591, 17, 3);
INSERT INTO orders (id, user_id, created_at, coupon_id) VALUES (592, 79, '2025-01-13T14:13:43', 7);
INSERT INTO order_items (id, order_id, product_id, quantity) VALUES (2409, 592, 68, 2);
INSERT INTO order_items (id, order_id, product_id, quantity) VALUES (2410, 592, 24, 5);
INSERT INTO order_items (id, order_id, product_id, quantity) VALUES (2411, 592, 23, 3);
INSERT INTO order_items (id, order_id, product_id, quantity) VALUES (2412, 592, 4, 4);
INSERT INTO order_items (id, order_id, product_id, quantity) VALUES (2413, 592, 99, 1);
INSERT INTO order_items (id, order_id, product_id, quantity) VALUES (2414, 592, 97, 4);
INSERT INTO orders (id, user_id, created_at, coupon_id) VALUES (593, 79, '2025-05-30T17:04:55', NULL);
INSERT INTO order_items (id, order_id, product_id, quantity) VALUES (2415, 593, 37, 2);
INSERT INTO order_items (id, order_id, product_id, quantity) VALUES (2416, 593, 30, 1);
INSERT INTO order_items (id, order_id, product_id, quantity) VALUES (2417, 593, 9, 4);
INSERT INTO order_items (id, order_id, product_id, quantity) VALUES (2418, 593, 41, 2);
INSERT INTO order_items (id, order_id, product_id, quantity) VALUES (2419, 593, 45, 2);
INSERT INTO order_items (id, order_id, product_id, quantity) VALUES (2420, 593, 66, 1);
INSERT INTO orders (id, user_id, created_at, coupon_id) VALUES (594, 79, '2025-05-04T03:37:18', NULL);
INSERT INTO order_items (id, order_id, product_id, quantity) VALUES (2421, 594, 95, 3);
INSERT INTO orders (id, user_id, created_at, coupon_id) VALUES (595, 79, '2025-04-15T01:36:52', NULL);
INSERT INTO order_items (id, order_id, product_id, quantity) VALUES (2422, 595, 90, 1);
INSERT INTO orders (id, user_id, created_at, coupon_id) VALUES (596, 79, '2025-01-14T00:31:19', NULL);
INSERT INTO order_items (id, order_id, product_id, quantity) VALUES (2423, 596, 34, 5);
INSERT INTO order_items (id, order_id, product_id, quantity) VALUES (2424, 596, 27, 5);
INSERT INTO orders (id, user_id, created_at, coupon_id) VALUES (597, 80, '2025-01-04T10:35:24', 19);
INSERT INTO order_items (id, order_id, product_id, quantity) VALUES (2425, 597, 19, 2);
INSERT INTO order_items (id, order_id, product_id, quantity) VALUES (2426, 597, 59, 4);
INSERT INTO order_items (id, order_id, product_id, quantity) VALUES (2427, 597, 16, 1);
INSERT INTO order_items (id, order_id, product_id, quantity) VALUES (2428, 597, 46, 1);
INSERT INTO order_items (id, order_id, product_id, quantity) VALUES (2429, 597, 2, 3);
INSERT INTO order_items (id, order_id, product_id, quantity) VALUES (2430, 597, 83, 1);
INSERT INTO order_items (id, order_id, product_id, quantity) VALUES (2431, 597, 79, 5);
INSERT INTO orders (id, user_id, created_at, coupon_id) VALUES (598, 80, '2025-04-17T23:59:13', NULL);
INSERT INTO order_items (id, order_id, product_id, quantity) VALUES (2432, 598, 32, 5);
INSERT INTO order_items (id, order_id, product_id, quantity) VALUES (2433, 598, 1, 3);
INSERT INTO order_items (id, order_id, product_id, quantity) VALUES (2434, 598, 44, 3);
INSERT INTO orders (id, user_id, created_at, coupon_id) VALUES (599, 80, '2025-05-22T23:28:03', NULL);
INSERT INTO order_items (id, order_id, product_id, quantity) VALUES (2435, 599, 83, 5);
INSERT INTO order_items (id, order_id, product_id, quantity) VALUES (2436, 599, 55, 5);
INSERT INTO order_items (id, order_id, product_id, quantity) VALUES (2437, 599, 67, 2);
INSERT INTO order_items (id, order_id, product_id, quantity) VALUES (2438, 599, 85, 3);
INSERT INTO order_items (id, order_id, product_id, quantity) VALUES (2439, 599, 22, 2);
INSERT INTO order_items (id, order_id, product_id, quantity) VALUES (2440, 599, 15, 3);
INSERT INTO orders (id, user_id, created_at, coupon_id) VALUES (600, 80, '2025-04-30T07:17:13', NULL);
INSERT INTO order_items (id, order_id, product_id, quantity) VALUES (2441, 600, 58, 4);
INSERT INTO order_items (id, order_id, product_id, quantity) VALUES (2442, 600, 98, 2);
INSERT INTO orders (id, user_id, created_at, coupon_id) VALUES (601, 80, '2025-01-18T04:58:57', NULL);
INSERT INTO order_items (id, order_id, product_id, quantity) VALUES (2443, 601, 91, 4);
INSERT INTO order_items (id, order_id, product_id, quantity) VALUES (2444, 601, 97, 5);
INSERT INTO orders (id, user_id, created_at, coupon_id) VALUES (602, 80, '2025-03-10T02:17:40', NULL);
INSERT INTO order_items (id, order_id, product_id, quantity) VALUES (2445, 602, 74, 5);
INSERT INTO order_items (id, order_id, product_id, quantity) VALUES (2446, 602, 76, 3);
INSERT INTO order_items (id, order_id, product_id, quantity) VALUES (2447, 602, 99, 5);
INSERT INTO order_items (id, order_id, product_id, quantity) VALUES (2448, 602, 8, 2);
INSERT INTO order_items (id, order_id, product_id, quantity) VALUES (2449, 602, 32, 2);
INSERT INTO order_items (id, order_id, product_id, quantity) VALUES (2450, 602, 5, 5);
INSERT INTO order_items (id, order_id, product_id, quantity) VALUES (2451, 602, 88, 2);
INSERT INTO orders (id, user_id, created_at, coupon_id) VALUES (603, 80, '2025-01-30T23:11:50', NULL);
INSERT INTO order_items (id, order_id, product_id, quantity) VALUES (2452, 603, 85, 3);
INSERT INTO order_items (id, order_id, product_id, quantity) VALUES (2453, 603, 19, 4);
INSERT INTO order_items (id, order_id, product_id, quantity) VALUES (2454, 603, 38, 3);
INSERT INTO order_items (id, order_id, product_id, quantity) VALUES (2455, 603, 69, 4);
INSERT INTO order_items (id, order_id, product_id, quantity) VALUES (2456, 603, 97, 1);
INSERT INTO orders (id, user_id, created_at, coupon_id) VALUES (604, 81, '2025-05-12T14:49:41', NULL);
INSERT INTO order_items (id, order_id, product_id, quantity) VALUES (2457, 604, 38, 4);
INSERT INTO orders (id, user_id, created_at, coupon_id) VALUES (605, 81, '2025-05-27T10:10:30', NULL);
INSERT INTO order_items (id, order_id, product_id, quantity) VALUES (2458, 605, 73, 3);
INSERT INTO order_items (id, order_id, product_id, quantity) VALUES (2459, 605, 47, 5);
INSERT INTO orders (id, user_id, created_at, coupon_id) VALUES (606, 81, '2025-05-18T15:54:15', NULL);
INSERT INTO order_items (id, order_id, product_id, quantity) VALUES (2460, 606, 35, 1);
INSERT INTO order_items (id, order_id, product_id, quantity) VALUES (2461, 606, 95, 4);
INSERT INTO orders (id, user_id, created_at, coupon_id) VALUES (607, 81, '2025-03-27T06:22:41', NULL);
INSERT INTO order_items (id, order_id, product_id, quantity) VALUES (2462, 607, 73, 1);
INSERT INTO orders (id, user_id, created_at, coupon_id) VALUES (608, 81, '2025-06-09T04:24:46', NULL);
INSERT INTO order_items (id, order_id, product_id, quantity) VALUES (2463, 608, 20, 2);
INSERT INTO order_items (id, order_id, product_id, quantity) VALUES (2464, 608, 23, 1);
INSERT INTO order_items (id, order_id, product_id, quantity) VALUES (2465, 608, 24, 1);
INSERT INTO order_items (id, order_id, product_id, quantity) VALUES (2466, 608, 47, 2);
INSERT INTO order_items (id, order_id, product_id, quantity) VALUES (2467, 608, 30, 3);
INSERT INTO orders (id, user_id, created_at, coupon_id) VALUES (609, 81, '2025-04-12T19:21:04', NULL);
INSERT INTO order_items (id, order_id, product_id, quantity) VALUES (2468, 609, 16, 5);
INSERT INTO order_items (id, order_id, product_id, quantity) VALUES (2469, 609, 23, 1);
INSERT INTO order_items (id, order_id, product_id, quantity) VALUES (2470, 609, 63, 3);
INSERT INTO order_items (id, order_id, product_id, quantity) VALUES (2471, 609, 69, 1);
INSERT INTO orders (id, user_id, created_at, coupon_id) VALUES (610, 81, '2025-03-21T14:40:11', NULL);
INSERT INTO order_items (id, order_id, product_id, quantity) VALUES (2472, 610, 29, 2);
INSERT INTO order_items (id, order_id, product_id, quantity) VALUES (2473, 610, 48, 5);
INSERT INTO order_items (id, order_id, product_id, quantity) VALUES (2474, 610, 76, 5);
INSERT INTO order_items (id, order_id, product_id, quantity) VALUES (2475, 610, 60, 3);
INSERT INTO order_items (id, order_id, product_id, quantity) VALUES (2476, 610, 21, 2);
INSERT INTO orders (id, user_id, created_at, coupon_id) VALUES (611, 81, '2025-03-30T04:37:00', NULL);
INSERT INTO order_items (id, order_id, product_id, quantity) VALUES (2477, 611, 35, 4);
INSERT INTO order_items (id, order_id, product_id, quantity) VALUES (2478, 611, 60, 1);
INSERT INTO order_items (id, order_id, product_id, quantity) VALUES (2479, 611, 69, 4);
INSERT INTO orders (id, user_id, created_at, coupon_id) VALUES (612, 81, '2025-01-11T13:11:12', NULL);
INSERT INTO order_items (id, order_id, product_id, quantity) VALUES (2480, 612, 14, 5);
INSERT INTO order_items (id, order_id, product_id, quantity) VALUES (2481, 612, 76, 1);
INSERT INTO order_items (id, order_id, product_id, quantity) VALUES (2482, 612, 25, 5);
INSERT INTO order_items (id, order_id, product_id, quantity) VALUES (2483, 612, 68, 5);
INSERT INTO orders (id, user_id, created_at, coupon_id) VALUES (613, 81, '2025-01-11T03:30:13', NULL);
INSERT INTO order_items (id, order_id, product_id, quantity) VALUES (2484, 613, 90, 3);
INSERT INTO order_items (id, order_id, product_id, quantity) VALUES (2485, 613, 90, 5);
INSERT INTO order_items (id, order_id, product_id, quantity) VALUES (2486, 613, 73, 2);
INSERT INTO order_items (id, order_id, product_id, quantity) VALUES (2487, 613, 13, 4);
INSERT INTO order_items (id, order_id, product_id, quantity) VALUES (2488, 613, 90, 5);
INSERT INTO orders (id, user_id, created_at, coupon_id) VALUES (614, 82, '2025-02-14T08:24:17', NULL);
INSERT INTO order_items (id, order_id, product_id, quantity) VALUES (2489, 614, 63, 1);
INSERT INTO order_items (id, order_id, product_id, quantity) VALUES (2490, 614, 32, 5);
INSERT INTO order_items (id, order_id, product_id, quantity) VALUES (2491, 614, 85, 1);
INSERT INTO order_items (id, order_id, product_id, quantity) VALUES (2492, 614, 40, 2);
INSERT INTO order_items (id, order_id, product_id, quantity) VALUES (2493, 614, 66, 2);
INSERT INTO orders (id, user_id, created_at, coupon_id) VALUES (615, 82, '2025-01-13T17:07:50', 1);
INSERT INTO order_items (id, order_id, product_id, quantity) VALUES (2494, 615, 54, 3);
INSERT INTO order_items (id, order_id, product_id, quantity) VALUES (2495, 615, 46, 1);
INSERT INTO order_items (id, order_id, product_id, quantity) VALUES (2496, 615, 12, 1);
INSERT INTO order_items (id, order_id, product_id, quantity) VALUES (2497, 615, 68, 5);
INSERT INTO order_items (id, order_id, product_id, quantity) VALUES (2498, 615, 33, 4);
INSERT INTO order_items (id, order_id, product_id, quantity) VALUES (2499, 615, 89, 3);
INSERT INTO orders (id, user_id, created_at, coupon_id) VALUES (616, 82, '2025-05-03T04:45:46', NULL);
INSERT INTO order_items (id, order_id, product_id, quantity) VALUES (2500, 616, 99, 5);
INSERT INTO order_items (id, order_id, product_id, quantity) VALUES (2501, 616, 10, 3);
INSERT INTO order_items (id, order_id, product_id, quantity) VALUES (2502, 616, 34, 2);
INSERT INTO orders (id, user_id, created_at, coupon_id) VALUES (617, 82, '2025-02-02T06:32:27', NULL);
INSERT INTO order_items (id, order_id, product_id, quantity) VALUES (2503, 617, 100, 4);
INSERT INTO orders (id, user_id, created_at, coupon_id) VALUES (618, 82, '2025-01-04T11:27:47', 19);
INSERT INTO order_items (id, order_id, product_id, quantity) VALUES (2504, 618, 28, 4);
INSERT INTO order_items (id, order_id, product_id, quantity) VALUES (2505, 618, 82, 5);
INSERT INTO orders (id, user_id, created_at, coupon_id) VALUES (619, 82, '2025-03-17T14:19:19', 12);
INSERT INTO order_items (id, order_id, product_id, quantity) VALUES (2506, 619, 90, 1);
INSERT INTO order_items (id, order_id, product_id, quantity) VALUES (2507, 619, 51, 4);
INSERT INTO order_items (id, order_id, product_id, quantity) VALUES (2508, 619, 51, 5);
INSERT INTO order_items (id, order_id, product_id, quantity) VALUES (2509, 619, 40, 3);
INSERT INTO order_items (id, order_id, product_id, quantity) VALUES (2510, 619, 20, 1);
INSERT INTO orders (id, user_id, created_at, coupon_id) VALUES (620, 82, '2025-05-30T08:50:05', NULL);
INSERT INTO order_items (id, order_id, product_id, quantity) VALUES (2511, 620, 36, 1);
INSERT INTO order_items (id, order_id, product_id, quantity) VALUES (2512, 620, 88, 4);
INSERT INTO order_items (id, order_id, product_id, quantity) VALUES (2513, 620, 59, 3);
INSERT INTO order_items (id, order_id, product_id, quantity) VALUES (2514, 620, 42, 3);
INSERT INTO order_items (id, order_id, product_id, quantity) VALUES (2515, 620, 63, 5);
INSERT INTO orders (id, user_id, created_at, coupon_id) VALUES (621, 83, '2025-06-13T04:59:28', 16);
INSERT INTO order_items (id, order_id, product_id, quantity) VALUES (2516, 621, 59, 3);
INSERT INTO order_items (id, order_id, product_id, quantity) VALUES (2517, 621, 65, 5);
INSERT INTO order_items (id, order_id, product_id, quantity) VALUES (2518, 621, 42, 2);
INSERT INTO order_items (id, order_id, product_id, quantity) VALUES (2519, 621, 41, 2);
INSERT INTO order_items (id, order_id, product_id, quantity) VALUES (2520, 621, 39, 1);
INSERT INTO order_items (id, order_id, product_id, quantity) VALUES (2521, 621, 83, 4);
INSERT INTO order_items (id, order_id, product_id, quantity) VALUES (2522, 621, 80, 5);
INSERT INTO orders (id, user_id, created_at, coupon_id) VALUES (622, 83, '2025-02-06T18:29:05', 18);
INSERT INTO order_items (id, order_id, product_id, quantity) VALUES (2523, 622, 99, 5);
INSERT INTO order_items (id, order_id, product_id, quantity) VALUES (2524, 622, 75, 1);
INSERT INTO order_items (id, order_id, product_id, quantity) VALUES (2525, 622, 66, 1);
INSERT INTO order_items (id, order_id, product_id, quantity) VALUES (2526, 622, 61, 3);
INSERT INTO order_items (id, order_id, product_id, quantity) VALUES (2527, 622, 99, 1);
INSERT INTO order_items (id, order_id, product_id, quantity) VALUES (2528, 622, 37, 3);
INSERT INTO orders (id, user_id, created_at, coupon_id) VALUES (623, 83, '2025-02-10T15:16:09', NULL);
INSERT INTO order_items (id, order_id, product_id, quantity) VALUES (2529, 623, 65, 1);
INSERT INTO order_items (id, order_id, product_id, quantity) VALUES (2530, 623, 63, 5);
INSERT INTO order_items (id, order_id, product_id, quantity) VALUES (2531, 623, 28, 5);
INSERT INTO orders (id, user_id, created_at, coupon_id) VALUES (624, 83, '2025-04-11T11:10:41', NULL);
INSERT INTO order_items (id, order_id, product_id, quantity) VALUES (2532, 624, 21, 5);
INSERT INTO order_items (id, order_id, product_id, quantity) VALUES (2533, 624, 26, 5);
INSERT INTO order_items (id, order_id, product_id, quantity) VALUES (2534, 624, 18, 2);
INSERT INTO order_items (id, order_id, product_id, quantity) VALUES (2535, 624, 94, 3);
INSERT INTO order_items (id, order_id, product_id, quantity) VALUES (2536, 624, 93, 2);
INSERT INTO orders (id, user_id, created_at, coupon_id) VALUES (625, 83, '2025-05-28T05:15:54', NULL);
INSERT INTO order_items (id, order_id, product_id, quantity) VALUES (2537, 625, 32, 5);
INSERT INTO order_items (id, order_id, product_id, quantity) VALUES (2538, 625, 12, 2);
INSERT INTO order_items (id, order_id, product_id, quantity) VALUES (2539, 625, 43, 3);
INSERT INTO order_items (id, order_id, product_id, quantity) VALUES (2540, 625, 28, 5);
INSERT INTO order_items (id, order_id, product_id, quantity) VALUES (2541, 625, 99, 3);
INSERT INTO orders (id, user_id, created_at, coupon_id) VALUES (626, 83, '2025-06-07T21:21:55', NULL);
INSERT INTO order_items (id, order_id, product_id, quantity) VALUES (2542, 626, 55, 2);
INSERT INTO orders (id, user_id, created_at, coupon_id) VALUES (627, 83, '2025-01-16T22:46:33', NULL);
INSERT INTO order_items (id, order_id, product_id, quantity) VALUES (2543, 627, 57, 2);
INSERT INTO order_items (id, order_id, product_id, quantity) VALUES (2544, 627, 33, 1);
INSERT INTO order_items (id, order_id, product_id, quantity) VALUES (2545, 627, 27, 5);
INSERT INTO order_items (id, order_id, product_id, quantity) VALUES (2546, 627, 99, 2);
INSERT INTO order_items (id, order_id, product_id, quantity) VALUES (2547, 627, 44, 1);
INSERT INTO order_items (id, order_id, product_id, quantity) VALUES (2548, 627, 90, 4);
INSERT INTO order_items (id, order_id, product_id, quantity) VALUES (2549, 627, 18, 5);
INSERT INTO orders (id, user_id, created_at, coupon_id) VALUES (628, 83, '2025-02-27T11:26:49', NULL);
INSERT INTO order_items (id, order_id, product_id, quantity) VALUES (2550, 628, 85, 2);
INSERT INTO order_items (id, order_id, product_id, quantity) VALUES (2551, 628, 77, 2);
INSERT INTO order_items (id, order_id, product_id, quantity) VALUES (2552, 628, 26, 3);
INSERT INTO order_items (id, order_id, product_id, quantity) VALUES (2553, 628, 27, 4);
INSERT INTO order_items (id, order_id, product_id, quantity) VALUES (2554, 628, 91, 3);
INSERT INTO orders (id, user_id, created_at, coupon_id) VALUES (629, 83, '2025-04-27T16:24:53', 19);
INSERT INTO order_items (id, order_id, product_id, quantity) VALUES (2555, 629, 46, 4);
INSERT INTO order_items (id, order_id, product_id, quantity) VALUES (2556, 629, 60, 4);
INSERT INTO order_items (id, order_id, product_id, quantity) VALUES (2557, 629, 6, 5);
INSERT INTO order_items (id, order_id, product_id, quantity) VALUES (2558, 629, 35, 2);
INSERT INTO order_items (id, order_id, product_id, quantity) VALUES (2559, 629, 54, 1);
INSERT INTO orders (id, user_id, created_at, coupon_id) VALUES (630, 83, '2025-01-11T14:16:29', NULL);
INSERT INTO order_items (id, order_id, product_id, quantity) VALUES (2560, 630, 27, 4);
INSERT INTO order_items (id, order_id, product_id, quantity) VALUES (2561, 630, 38, 4);
INSERT INTO order_items (id, order_id, product_id, quantity) VALUES (2562, 630, 54, 1);
INSERT INTO order_items (id, order_id, product_id, quantity) VALUES (2563, 630, 71, 3);
INSERT INTO order_items (id, order_id, product_id, quantity) VALUES (2564, 630, 7, 1);
INSERT INTO orders (id, user_id, created_at, coupon_id) VALUES (631, 84, '2025-03-19T19:52:15', NULL);
INSERT INTO order_items (id, order_id, product_id, quantity) VALUES (2565, 631, 46, 2);
INSERT INTO order_items (id, order_id, product_id, quantity) VALUES (2566, 631, 1, 5);
INSERT INTO order_items (id, order_id, product_id, quantity) VALUES (2567, 631, 46, 5);
INSERT INTO order_items (id, order_id, product_id, quantity) VALUES (2568, 631, 54, 1);
INSERT INTO order_items (id, order_id, product_id, quantity) VALUES (2569, 631, 18, 3);
INSERT INTO order_items (id, order_id, product_id, quantity) VALUES (2570, 631, 1, 1);
INSERT INTO order_items (id, order_id, product_id, quantity) VALUES (2571, 631, 93, 5);
INSERT INTO orders (id, user_id, created_at, coupon_id) VALUES (632, 84, '2025-04-01T22:51:26', NULL);
INSERT INTO order_items (id, order_id, product_id, quantity) VALUES (2572, 632, 67, 2);
INSERT INTO order_items (id, order_id, product_id, quantity) VALUES (2573, 632, 93, 1);
INSERT INTO order_items (id, order_id, product_id, quantity) VALUES (2574, 632, 81, 2);
INSERT INTO order_items (id, order_id, product_id, quantity) VALUES (2575, 632, 65, 3);
INSERT INTO order_items (id, order_id, product_id, quantity) VALUES (2576, 632, 91, 5);
INSERT INTO order_items (id, order_id, product_id, quantity) VALUES (2577, 632, 93, 5);
INSERT INTO order_items (id, order_id, product_id, quantity) VALUES (2578, 632, 77, 4);
INSERT INTO orders (id, user_id, created_at, coupon_id) VALUES (633, 84, '2025-06-01T09:14:11', 20);
INSERT INTO order_items (id, order_id, product_id, quantity) VALUES (2579, 633, 43, 1);
INSERT INTO order_items (id, order_id, product_id, quantity) VALUES (2580, 633, 33, 2);
INSERT INTO order_items (id, order_id, product_id, quantity) VALUES (2581, 633, 16, 3);
INSERT INTO order_items (id, order_id, product_id, quantity) VALUES (2582, 633, 92, 2);
INSERT INTO order_items (id, order_id, product_id, quantity) VALUES (2583, 633, 84, 4);
INSERT INTO order_items (id, order_id, product_id, quantity) VALUES (2584, 633, 27, 4);
INSERT INTO order_items (id, order_id, product_id, quantity) VALUES (2585, 633, 87, 5);
INSERT INTO orders (id, user_id, created_at, coupon_id) VALUES (634, 84, '2025-04-15T17:10:31', NULL);
INSERT INTO order_items (id, order_id, product_id, quantity) VALUES (2586, 634, 21, 2);
INSERT INTO order_items (id, order_id, product_id, quantity) VALUES (2587, 634, 19, 2);
INSERT INTO order_items (id, order_id, product_id, quantity) VALUES (2588, 634, 96, 1);
INSERT INTO orders (id, user_id, created_at, coupon_id) VALUES (635, 84, '2025-03-31T05:10:47', NULL);
INSERT INTO order_items (id, order_id, product_id, quantity) VALUES (2589, 635, 42, 4);
INSERT INTO order_items (id, order_id, product_id, quantity) VALUES (2590, 635, 48, 4);
INSERT INTO order_items (id, order_id, product_id, quantity) VALUES (2591, 635, 52, 1);
INSERT INTO order_items (id, order_id, product_id, quantity) VALUES (2592, 635, 27, 4);
INSERT INTO order_items (id, order_id, product_id, quantity) VALUES (2593, 635, 95, 1);
INSERT INTO order_items (id, order_id, product_id, quantity) VALUES (2594, 635, 33, 3);
INSERT INTO order_items (id, order_id, product_id, quantity) VALUES (2595, 635, 77, 2);
INSERT INTO orders (id, user_id, created_at, coupon_id) VALUES (636, 84, '2025-04-04T23:56:51', NULL);
INSERT INTO order_items (id, order_id, product_id, quantity) VALUES (2596, 636, 41, 4);
INSERT INTO order_items (id, order_id, product_id, quantity) VALUES (2597, 636, 50, 4);
INSERT INTO order_items (id, order_id, product_id, quantity) VALUES (2598, 636, 35, 5);
INSERT INTO order_items (id, order_id, product_id, quantity) VALUES (2599, 636, 10, 4);
INSERT INTO order_items (id, order_id, product_id, quantity) VALUES (2600, 636, 24, 1);
INSERT INTO orders (id, user_id, created_at, coupon_id) VALUES (637, 84, '2025-03-02T11:56:39', NULL);
INSERT INTO order_items (id, order_id, product_id, quantity) VALUES (2601, 637, 46, 4);
INSERT INTO order_items (id, order_id, product_id, quantity) VALUES (2602, 637, 59, 2);
INSERT INTO order_items (id, order_id, product_id, quantity) VALUES (2603, 637, 9, 3);
INSERT INTO order_items (id, order_id, product_id, quantity) VALUES (2604, 637, 81, 4);
INSERT INTO order_items (id, order_id, product_id, quantity) VALUES (2605, 637, 15, 4);
INSERT INTO order_items (id, order_id, product_id, quantity) VALUES (2606, 637, 41, 3);
INSERT INTO order_items (id, order_id, product_id, quantity) VALUES (2607, 637, 24, 2);
INSERT INTO orders (id, user_id, created_at, coupon_id) VALUES (638, 85, '2025-01-18T21:32:12', NULL);
INSERT INTO order_items (id, order_id, product_id, quantity) VALUES (2608, 638, 70, 1);
INSERT INTO order_items (id, order_id, product_id, quantity) VALUES (2609, 638, 12, 1);
INSERT INTO order_items (id, order_id, product_id, quantity) VALUES (2610, 638, 17, 2);
INSERT INTO orders (id, user_id, created_at, coupon_id) VALUES (639, 85, '2025-01-26T18:18:03', NULL);
INSERT INTO order_items (id, order_id, product_id, quantity) VALUES (2611, 639, 71, 4);
INSERT INTO order_items (id, order_id, product_id, quantity) VALUES (2612, 639, 10, 2);
INSERT INTO order_items (id, order_id, product_id, quantity) VALUES (2613, 639, 89, 3);
INSERT INTO orders (id, user_id, created_at, coupon_id) VALUES (640, 85, '2025-03-23T17:09:57', NULL);
INSERT INTO order_items (id, order_id, product_id, quantity) VALUES (2614, 640, 12, 5);
INSERT INTO order_items (id, order_id, product_id, quantity) VALUES (2615, 640, 100, 1);
INSERT INTO orders (id, user_id, created_at, coupon_id) VALUES (641, 85, '2025-04-05T08:03:48', NULL);
INSERT INTO order_items (id, order_id, product_id, quantity) VALUES (2616, 641, 8, 1);
INSERT INTO order_items (id, order_id, product_id, quantity) VALUES (2617, 641, 82, 1);
INSERT INTO order_items (id, order_id, product_id, quantity) VALUES (2618, 641, 24, 1);
INSERT INTO order_items (id, order_id, product_id, quantity) VALUES (2619, 641, 42, 4);
INSERT INTO order_items (id, order_id, product_id, quantity) VALUES (2620, 641, 93, 5);
INSERT INTO order_items (id, order_id, product_id, quantity) VALUES (2621, 641, 25, 4);
INSERT INTO order_items (id, order_id, product_id, quantity) VALUES (2622, 641, 40, 5);
INSERT INTO orders (id, user_id, created_at, coupon_id) VALUES (642, 85, '2025-05-25T11:31:17', NULL);
INSERT INTO order_items (id, order_id, product_id, quantity) VALUES (2623, 642, 7, 5);
INSERT INTO order_items (id, order_id, product_id, quantity) VALUES (2624, 642, 52, 4);
INSERT INTO order_items (id, order_id, product_id, quantity) VALUES (2625, 642, 43, 1);
INSERT INTO order_items (id, order_id, product_id, quantity) VALUES (2626, 642, 11, 4);
INSERT INTO order_items (id, order_id, product_id, quantity) VALUES (2627, 642, 87, 3);
INSERT INTO order_items (id, order_id, product_id, quantity) VALUES (2628, 642, 27, 3);
INSERT INTO order_items (id, order_id, product_id, quantity) VALUES (2629, 642, 96, 2);
INSERT INTO orders (id, user_id, created_at, coupon_id) VALUES (643, 85, '2025-02-15T12:51:10', NULL);
INSERT INTO order_items (id, order_id, product_id, quantity) VALUES (2630, 643, 61, 1);
INSERT INTO order_items (id, order_id, product_id, quantity) VALUES (2631, 643, 81, 2);
INSERT INTO order_items (id, order_id, product_id, quantity) VALUES (2632, 643, 48, 3);
INSERT INTO order_items (id, order_id, product_id, quantity) VALUES (2633, 643, 25, 3);
INSERT INTO order_items (id, order_id, product_id, quantity) VALUES (2634, 643, 85, 3);
INSERT INTO order_items (id, order_id, product_id, quantity) VALUES (2635, 643, 88, 1);
INSERT INTO order_items (id, order_id, product_id, quantity) VALUES (2636, 643, 5, 1);
INSERT INTO orders (id, user_id, created_at, coupon_id) VALUES (644, 85, '2025-01-22T12:47:37', NULL);
INSERT INTO order_items (id, order_id, product_id, quantity) VALUES (2637, 644, 90, 5);
INSERT INTO orders (id, user_id, created_at, coupon_id) VALUES (645, 85, '2025-04-27T07:05:27', NULL);
INSERT INTO order_items (id, order_id, product_id, quantity) VALUES (2638, 645, 57, 1);
INSERT INTO order_items (id, order_id, product_id, quantity) VALUES (2639, 645, 49, 2);
INSERT INTO order_items (id, order_id, product_id, quantity) VALUES (2640, 645, 100, 1);
INSERT INTO order_items (id, order_id, product_id, quantity) VALUES (2641, 645, 78, 1);
INSERT INTO order_items (id, order_id, product_id, quantity) VALUES (2642, 645, 32, 5);
INSERT INTO order_items (id, order_id, product_id, quantity) VALUES (2643, 645, 53, 5);
INSERT INTO orders (id, user_id, created_at, coupon_id) VALUES (646, 85, '2025-03-24T07:58:24', NULL);
INSERT INTO order_items (id, order_id, product_id, quantity) VALUES (2644, 646, 64, 5);
INSERT INTO order_items (id, order_id, product_id, quantity) VALUES (2645, 646, 15, 1);
INSERT INTO order_items (id, order_id, product_id, quantity) VALUES (2646, 646, 92, 5);
INSERT INTO order_items (id, order_id, product_id, quantity) VALUES (2647, 646, 90, 2);
INSERT INTO order_items (id, order_id, product_id, quantity) VALUES (2648, 646, 68, 1);
INSERT INTO order_items (id, order_id, product_id, quantity) VALUES (2649, 646, 49, 3);
INSERT INTO order_items (id, order_id, product_id, quantity) VALUES (2650, 646, 3, 4);
INSERT INTO orders (id, user_id, created_at, coupon_id) VALUES (647, 86, '2025-03-10T02:14:37', NULL);
INSERT INTO order_items (id, order_id, product_id, quantity) VALUES (2651, 647, 30, 2);
INSERT INTO order_items (id, order_id, product_id, quantity) VALUES (2652, 647, 84, 5);
INSERT INTO order_items (id, order_id, product_id, quantity) VALUES (2653, 647, 68, 4);
INSERT INTO order_items (id, order_id, product_id, quantity) VALUES (2654, 647, 11, 4);
INSERT INTO order_items (id, order_id, product_id, quantity) VALUES (2655, 647, 92, 5);
INSERT INTO orders (id, user_id, created_at, coupon_id) VALUES (648, 86, '2025-04-08T10:29:53', NULL);
INSERT INTO order_items (id, order_id, product_id, quantity) VALUES (2656, 648, 31, 2);
INSERT INTO order_items (id, order_id, product_id, quantity) VALUES (2657, 648, 37, 1);
INSERT INTO order_items (id, order_id, product_id, quantity) VALUES (2658, 648, 9, 3);
INSERT INTO order_items (id, order_id, product_id, quantity) VALUES (2659, 648, 60, 3);
INSERT INTO order_items (id, order_id, product_id, quantity) VALUES (2660, 648, 15, 5);
INSERT INTO order_items (id, order_id, product_id, quantity) VALUES (2661, 648, 6, 4);
INSERT INTO order_items (id, order_id, product_id, quantity) VALUES (2662, 648, 44, 1);
INSERT INTO orders (id, user_id, created_at, coupon_id) VALUES (649, 86, '2025-02-09T09:13:12', NULL);
INSERT INTO order_items (id, order_id, product_id, quantity) VALUES (2663, 649, 86, 5);
INSERT INTO order_items (id, order_id, product_id, quantity) VALUES (2664, 649, 77, 4);
INSERT INTO order_items (id, order_id, product_id, quantity) VALUES (2665, 649, 97, 5);
INSERT INTO order_items (id, order_id, product_id, quantity) VALUES (2666, 649, 24, 5);
INSERT INTO order_items (id, order_id, product_id, quantity) VALUES (2667, 649, 70, 4);
INSERT INTO order_items (id, order_id, product_id, quantity) VALUES (2668, 649, 84, 3);
INSERT INTO orders (id, user_id, created_at, coupon_id) VALUES (650, 86, '2025-03-15T21:04:07', NULL);
INSERT INTO order_items (id, order_id, product_id, quantity) VALUES (2669, 650, 73, 5);
INSERT INTO order_items (id, order_id, product_id, quantity) VALUES (2670, 650, 9, 2);
INSERT INTO orders (id, user_id, created_at, coupon_id) VALUES (651, 86, '2025-03-05T10:59:04', NULL);
INSERT INTO order_items (id, order_id, product_id, quantity) VALUES (2671, 651, 53, 4);
INSERT INTO order_items (id, order_id, product_id, quantity) VALUES (2672, 651, 7, 2);
INSERT INTO order_items (id, order_id, product_id, quantity) VALUES (2673, 651, 46, 5);
INSERT INTO order_items (id, order_id, product_id, quantity) VALUES (2674, 651, 41, 4);
INSERT INTO order_items (id, order_id, product_id, quantity) VALUES (2675, 651, 69, 5);
INSERT INTO order_items (id, order_id, product_id, quantity) VALUES (2676, 651, 70, 4);
INSERT INTO order_items (id, order_id, product_id, quantity) VALUES (2677, 651, 10, 2);
INSERT INTO orders (id, user_id, created_at, coupon_id) VALUES (652, 86, '2025-03-10T09:32:01', NULL);
INSERT INTO order_items (id, order_id, product_id, quantity) VALUES (2678, 652, 3, 5);
INSERT INTO order_items (id, order_id, product_id, quantity) VALUES (2679, 652, 88, 2);
INSERT INTO order_items (id, order_id, product_id, quantity) VALUES (2680, 652, 96, 4);
INSERT INTO order_items (id, order_id, product_id, quantity) VALUES (2681, 652, 83, 1);
INSERT INTO order_items (id, order_id, product_id, quantity) VALUES (2682, 652, 100, 5);
INSERT INTO order_items (id, order_id, product_id, quantity) VALUES (2683, 652, 89, 1);
INSERT INTO orders (id, user_id, created_at, coupon_id) VALUES (653, 86, '2025-01-26T21:25:08', NULL);
INSERT INTO order_items (id, order_id, product_id, quantity) VALUES (2684, 653, 73, 5);
INSERT INTO order_items (id, order_id, product_id, quantity) VALUES (2685, 653, 43, 4);
INSERT INTO order_items (id, order_id, product_id, quantity) VALUES (2686, 653, 33, 4);
INSERT INTO order_items (id, order_id, product_id, quantity) VALUES (2687, 653, 2, 3);
INSERT INTO order_items (id, order_id, product_id, quantity) VALUES (2688, 653, 10, 3);
INSERT INTO order_items (id, order_id, product_id, quantity) VALUES (2689, 653, 47, 4);
INSERT INTO orders (id, user_id, created_at, coupon_id) VALUES (654, 86, '2025-03-10T17:31:07', NULL);
INSERT INTO order_items (id, order_id, product_id, quantity) VALUES (2690, 654, 14, 2);
INSERT INTO orders (id, user_id, created_at, coupon_id) VALUES (655, 87, '2025-01-20T21:27:54', 9);
INSERT INTO order_items (id, order_id, product_id, quantity) VALUES (2691, 655, 18, 4);
INSERT INTO order_items (id, order_id, product_id, quantity) VALUES (2692, 655, 7, 4);
INSERT INTO order_items (id, order_id, product_id, quantity) VALUES (2693, 655, 49, 4);
INSERT INTO orders (id, user_id, created_at, coupon_id) VALUES (656, 87, '2025-05-05T09:14:51', NULL);
INSERT INTO order_items (id, order_id, product_id, quantity) VALUES (2694, 656, 17, 4);
INSERT INTO order_items (id, order_id, product_id, quantity) VALUES (2695, 656, 6, 5);
INSERT INTO order_items (id, order_id, product_id, quantity) VALUES (2696, 656, 18, 1);
INSERT INTO order_items (id, order_id, product_id, quantity) VALUES (2697, 656, 95, 2);
INSERT INTO orders (id, user_id, created_at, coupon_id) VALUES (657, 87, '2025-01-12T22:57:14', NULL);
INSERT INTO order_items (id, order_id, product_id, quantity) VALUES (2698, 657, 83, 2);
INSERT INTO order_items (id, order_id, product_id, quantity) VALUES (2699, 657, 76, 4);
INSERT INTO orders (id, user_id, created_at, coupon_id) VALUES (658, 87, '2025-05-27T08:49:50', 4);
INSERT INTO order_items (id, order_id, product_id, quantity) VALUES (2700, 658, 75, 5);
INSERT INTO order_items (id, order_id, product_id, quantity) VALUES (2701, 658, 96, 1);
INSERT INTO order_items (id, order_id, product_id, quantity) VALUES (2702, 658, 40, 3);
INSERT INTO order_items (id, order_id, product_id, quantity) VALUES (2703, 658, 79, 2);
INSERT INTO order_items (id, order_id, product_id, quantity) VALUES (2704, 658, 6, 3);
INSERT INTO orders (id, user_id, created_at, coupon_id) VALUES (659, 87, '2025-05-31T04:26:25', NULL);
INSERT INTO order_items (id, order_id, product_id, quantity) VALUES (2705, 659, 24, 3);
INSERT INTO order_items (id, order_id, product_id, quantity) VALUES (2706, 659, 43, 1);
INSERT INTO order_items (id, order_id, product_id, quantity) VALUES (2707, 659, 23, 1);
INSERT INTO order_items (id, order_id, product_id, quantity) VALUES (2708, 659, 11, 5);
INSERT INTO order_items (id, order_id, product_id, quantity) VALUES (2709, 659, 91, 4);
INSERT INTO order_items (id, order_id, product_id, quantity) VALUES (2710, 659, 80, 2);
INSERT INTO orders (id, user_id, created_at, coupon_id) VALUES (660, 88, '2025-06-10T08:15:26', NULL);
INSERT INTO order_items (id, order_id, product_id, quantity) VALUES (2711, 660, 63, 4);
INSERT INTO order_items (id, order_id, product_id, quantity) VALUES (2712, 660, 94, 4);
INSERT INTO order_items (id, order_id, product_id, quantity) VALUES (2713, 660, 7, 4);
INSERT INTO order_items (id, order_id, product_id, quantity) VALUES (2714, 660, 45, 4);
INSERT INTO orders (id, user_id, created_at, coupon_id) VALUES (661, 88, '2025-06-08T05:26:12', NULL);
INSERT INTO order_items (id, order_id, product_id, quantity) VALUES (2715, 661, 5, 2);
INSERT INTO orders (id, user_id, created_at, coupon_id) VALUES (662, 88, '2025-03-16T03:07:31', NULL);
INSERT INTO order_items (id, order_id, product_id, quantity) VALUES (2716, 662, 86, 2);
INSERT INTO order_items (id, order_id, product_id, quantity) VALUES (2717, 662, 56, 5);
INSERT INTO orders (id, user_id, created_at, coupon_id) VALUES (663, 88, '2025-05-25T10:38:43', 10);
INSERT INTO order_items (id, order_id, product_id, quantity) VALUES (2718, 663, 39, 4);
INSERT INTO order_items (id, order_id, product_id, quantity) VALUES (2719, 663, 81, 5);
INSERT INTO order_items (id, order_id, product_id, quantity) VALUES (2720, 663, 14, 4);
INSERT INTO order_items (id, order_id, product_id, quantity) VALUES (2721, 663, 79, 3);
INSERT INTO order_items (id, order_id, product_id, quantity) VALUES (2722, 663, 76, 4);
INSERT INTO order_items (id, order_id, product_id, quantity) VALUES (2723, 663, 59, 3);
INSERT INTO orders (id, user_id, created_at, coupon_id) VALUES (664, 88, '2025-01-17T01:36:01', NULL);
INSERT INTO order_items (id, order_id, product_id, quantity) VALUES (2724, 664, 1, 2);
INSERT INTO orders (id, user_id, created_at, coupon_id) VALUES (665, 88, '2025-04-01T13:42:35', NULL);
INSERT INTO order_items (id, order_id, product_id, quantity) VALUES (2725, 665, 19, 1);
INSERT INTO order_items (id, order_id, product_id, quantity) VALUES (2726, 665, 89, 2);
INSERT INTO order_items (id, order_id, product_id, quantity) VALUES (2727, 665, 75, 3);
INSERT INTO order_items (id, order_id, product_id, quantity) VALUES (2728, 665, 61, 3);
INSERT INTO order_items (id, order_id, product_id, quantity) VALUES (2729, 665, 49, 2);
INSERT INTO orders (id, user_id, created_at, coupon_id) VALUES (666, 88, '2025-04-11T18:51:18', NULL);
INSERT INTO order_items (id, order_id, product_id, quantity) VALUES (2730, 666, 29, 4);
INSERT INTO order_items (id, order_id, product_id, quantity) VALUES (2731, 666, 3, 4);
INSERT INTO orders (id, user_id, created_at, coupon_id) VALUES (667, 89, '2025-02-22T18:24:14', NULL);
INSERT INTO order_items (id, order_id, product_id, quantity) VALUES (2732, 667, 58, 3);
INSERT INTO order_items (id, order_id, product_id, quantity) VALUES (2733, 667, 46, 4);
INSERT INTO order_items (id, order_id, product_id, quantity) VALUES (2734, 667, 93, 2);
INSERT INTO order_items (id, order_id, product_id, quantity) VALUES (2735, 667, 60, 5);
INSERT INTO order_items (id, order_id, product_id, quantity) VALUES (2736, 667, 94, 4);
INSERT INTO orders (id, user_id, created_at, coupon_id) VALUES (668, 89, '2025-04-15T10:14:52', NULL);
INSERT INTO order_items (id, order_id, product_id, quantity) VALUES (2737, 668, 19, 5);
INSERT INTO order_items (id, order_id, product_id, quantity) VALUES (2738, 668, 52, 2);
INSERT INTO order_items (id, order_id, product_id, quantity) VALUES (2739, 668, 92, 3);
INSERT INTO orders (id, user_id, created_at, coupon_id) VALUES (669, 89, '2025-03-14T06:40:00', NULL);
INSERT INTO order_items (id, order_id, product_id, quantity) VALUES (2740, 669, 41, 4);
INSERT INTO order_items (id, order_id, product_id, quantity) VALUES (2741, 669, 94, 5);
INSERT INTO order_items (id, order_id, product_id, quantity) VALUES (2742, 669, 100, 1);
INSERT INTO order_items (id, order_id, product_id, quantity) VALUES (2743, 669, 37, 1);
INSERT INTO orders (id, user_id, created_at, coupon_id) VALUES (670, 89, '2025-03-03T13:27:37', NULL);
INSERT INTO order_items (id, order_id, product_id, quantity) VALUES (2744, 670, 78, 4);
INSERT INTO order_items (id, order_id, product_id, quantity) VALUES (2745, 670, 50, 5);
INSERT INTO orders (id, user_id, created_at, coupon_id) VALUES (671, 89, '2025-05-20T22:17:07', NULL);
INSERT INTO order_items (id, order_id, product_id, quantity) VALUES (2746, 671, 86, 2);
INSERT INTO order_items (id, order_id, product_id, quantity) VALUES (2747, 671, 73, 1);
INSERT INTO order_items (id, order_id, product_id, quantity) VALUES (2748, 671, 74, 1);
INSERT INTO order_items (id, order_id, product_id, quantity) VALUES (2749, 671, 92, 1);
INSERT INTO order_items (id, order_id, product_id, quantity) VALUES (2750, 671, 55, 1);
INSERT INTO order_items (id, order_id, product_id, quantity) VALUES (2751, 671, 52, 1);
INSERT INTO order_items (id, order_id, product_id, quantity) VALUES (2752, 671, 19, 5);
INSERT INTO orders (id, user_id, created_at, coupon_id) VALUES (672, 89, '2025-04-06T04:48:11', NULL);
INSERT INTO order_items (id, order_id, product_id, quantity) VALUES (2753, 672, 99, 1);
INSERT INTO order_items (id, order_id, product_id, quantity) VALUES (2754, 672, 91, 2);
INSERT INTO order_items (id, order_id, product_id, quantity) VALUES (2755, 672, 1, 5);
INSERT INTO order_items (id, order_id, product_id, quantity) VALUES (2756, 672, 67, 1);
INSERT INTO orders (id, user_id, created_at, coupon_id) VALUES (673, 89, '2025-06-08T08:52:44', NULL);
INSERT INTO order_items (id, order_id, product_id, quantity) VALUES (2757, 673, 20, 5);
INSERT INTO orders (id, user_id, created_at, coupon_id) VALUES (674, 89, '2025-04-20T19:50:51', NULL);
INSERT INTO order_items (id, order_id, product_id, quantity) VALUES (2758, 674, 85, 3);
INSERT INTO orders (id, user_id, created_at, coupon_id) VALUES (675, 89, '2025-01-15T18:53:13', NULL);
INSERT INTO order_items (id, order_id, product_id, quantity) VALUES (2759, 675, 46, 5);
INSERT INTO order_items (id, order_id, product_id, quantity) VALUES (2760, 675, 94, 1);
INSERT INTO order_items (id, order_id, product_id, quantity) VALUES (2761, 675, 21, 5);
INSERT INTO order_items (id, order_id, product_id, quantity) VALUES (2762, 675, 65, 1);
INSERT INTO order_items (id, order_id, product_id, quantity) VALUES (2763, 675, 50, 2);
INSERT INTO order_items (id, order_id, product_id, quantity) VALUES (2764, 675, 43, 3);
INSERT INTO order_items (id, order_id, product_id, quantity) VALUES (2765, 675, 49, 1);
INSERT INTO orders (id, user_id, created_at, coupon_id) VALUES (676, 89, '2025-04-18T15:46:04', NULL);
INSERT INTO order_items (id, order_id, product_id, quantity) VALUES (2766, 676, 90, 1);
INSERT INTO order_items (id, order_id, product_id, quantity) VALUES (2767, 676, 85, 3);
INSERT INTO order_items (id, order_id, product_id, quantity) VALUES (2768, 676, 71, 4);
INSERT INTO orders (id, user_id, created_at, coupon_id) VALUES (677, 90, '2025-03-08T17:46:19', 15);
INSERT INTO order_items (id, order_id, product_id, quantity) VALUES (2769, 677, 87, 3);
INSERT INTO order_items (id, order_id, product_id, quantity) VALUES (2770, 677, 88, 5);
INSERT INTO order_items (id, order_id, product_id, quantity) VALUES (2771, 677, 51, 5);
INSERT INTO order_items (id, order_id, product_id, quantity) VALUES (2772, 677, 35, 4);
INSERT INTO order_items (id, order_id, product_id, quantity) VALUES (2773, 677, 41, 3);
INSERT INTO order_items (id, order_id, product_id, quantity) VALUES (2774, 677, 2, 3);
INSERT INTO order_items (id, order_id, product_id, quantity) VALUES (2775, 677, 42, 2);
INSERT INTO orders (id, user_id, created_at, coupon_id) VALUES (678, 90, '2025-01-06T22:24:36', 3);
INSERT INTO order_items (id, order_id, product_id, quantity) VALUES (2776, 678, 89, 3);
INSERT INTO order_items (id, order_id, product_id, quantity) VALUES (2777, 678, 46, 4);
INSERT INTO order_items (id, order_id, product_id, quantity) VALUES (2778, 678, 10, 5);
INSERT INTO order_items (id, order_id, product_id, quantity) VALUES (2779, 678, 67, 2);
INSERT INTO order_items (id, order_id, product_id, quantity) VALUES (2780, 678, 11, 2);
INSERT INTO order_items (id, order_id, product_id, quantity) VALUES (2781, 678, 88, 4);
INSERT INTO orders (id, user_id, created_at, coupon_id) VALUES (679, 90, '2025-02-05T18:38:27', 19);
INSERT INTO order_items (id, order_id, product_id, quantity) VALUES (2782, 679, 97, 5);
INSERT INTO order_items (id, order_id, product_id, quantity) VALUES (2783, 679, 70, 2);
INSERT INTO order_items (id, order_id, product_id, quantity) VALUES (2784, 679, 31, 2);
INSERT INTO orders (id, user_id, created_at, coupon_id) VALUES (680, 90, '2025-03-22T16:07:01', NULL);
INSERT INTO order_items (id, order_id, product_id, quantity) VALUES (2785, 680, 45, 3);
INSERT INTO order_items (id, order_id, product_id, quantity) VALUES (2786, 680, 8, 5);
INSERT INTO order_items (id, order_id, product_id, quantity) VALUES (2787, 680, 79, 3);
INSERT INTO orders (id, user_id, created_at, coupon_id) VALUES (681, 90, '2025-03-20T21:18:23', NULL);
INSERT INTO order_items (id, order_id, product_id, quantity) VALUES (2788, 681, 9, 1);
INSERT INTO order_items (id, order_id, product_id, quantity) VALUES (2789, 681, 39, 2);
INSERT INTO order_items (id, order_id, product_id, quantity) VALUES (2790, 681, 66, 2);
INSERT INTO order_items (id, order_id, product_id, quantity) VALUES (2791, 681, 8, 3);
INSERT INTO orders (id, user_id, created_at, coupon_id) VALUES (682, 90, '2025-05-24T09:30:02', NULL);
INSERT INTO order_items (id, order_id, product_id, quantity) VALUES (2792, 682, 86, 1);
INSERT INTO order_items (id, order_id, product_id, quantity) VALUES (2793, 682, 16, 1);
INSERT INTO order_items (id, order_id, product_id, quantity) VALUES (2794, 682, 37, 4);
INSERT INTO order_items (id, order_id, product_id, quantity) VALUES (2795, 682, 94, 4);
INSERT INTO orders (id, user_id, created_at, coupon_id) VALUES (683, 91, '2025-05-21T02:03:23', NULL);
INSERT INTO order_items (id, order_id, product_id, quantity) VALUES (2796, 683, 89, 4);
INSERT INTO order_items (id, order_id, product_id, quantity) VALUES (2797, 683, 96, 1);
INSERT INTO order_items (id, order_id, product_id, quantity) VALUES (2798, 683, 82, 3);
INSERT INTO order_items (id, order_id, product_id, quantity) VALUES (2799, 683, 2, 5);
INSERT INTO order_items (id, order_id, product_id, quantity) VALUES (2800, 683, 33, 4);
INSERT INTO orders (id, user_id, created_at, coupon_id) VALUES (684, 91, '2025-03-14T23:05:16', NULL);
INSERT INTO order_items (id, order_id, product_id, quantity) VALUES (2801, 684, 7, 5);
INSERT INTO order_items (id, order_id, product_id, quantity) VALUES (2802, 684, 14, 3);
INSERT INTO orders (id, user_id, created_at, coupon_id) VALUES (685, 91, '2025-05-23T03:23:54', 10);
INSERT INTO order_items (id, order_id, product_id, quantity) VALUES (2803, 685, 82, 5);
INSERT INTO order_items (id, order_id, product_id, quantity) VALUES (2804, 685, 13, 1);
INSERT INTO order_items (id, order_id, product_id, quantity) VALUES (2805, 685, 84, 4);
INSERT INTO order_items (id, order_id, product_id, quantity) VALUES (2806, 685, 13, 3);
INSERT INTO orders (id, user_id, created_at, coupon_id) VALUES (686, 91, '2025-03-29T12:06:14', NULL);
INSERT INTO order_items (id, order_id, product_id, quantity) VALUES (2807, 686, 78, 2);
INSERT INTO order_items (id, order_id, product_id, quantity) VALUES (2808, 686, 74, 4);
INSERT INTO orders (id, user_id, created_at, coupon_id) VALUES (687, 91, '2025-04-12T14:05:31', NULL);
INSERT INTO order_items (id, order_id, product_id, quantity) VALUES (2809, 687, 2, 1);
INSERT INTO order_items (id, order_id, product_id, quantity) VALUES (2810, 687, 95, 4);
INSERT INTO order_items (id, order_id, product_id, quantity) VALUES (2811, 687, 68, 3);
INSERT INTO orders (id, user_id, created_at, coupon_id) VALUES (688, 92, '2025-02-24T20:15:16', NULL);
INSERT INTO order_items (id, order_id, product_id, quantity) VALUES (2812, 688, 21, 3);
INSERT INTO orders (id, user_id, created_at, coupon_id) VALUES (689, 92, '2025-03-01T21:43:20', NULL);
INSERT INTO order_items (id, order_id, product_id, quantity) VALUES (2813, 689, 98, 4);
INSERT INTO order_items (id, order_id, product_id, quantity) VALUES (2814, 689, 25, 4);
INSERT INTO order_items (id, order_id, product_id, quantity) VALUES (2815, 689, 41, 1);
INSERT INTO orders (id, user_id, created_at, coupon_id) VALUES (690, 92, '2025-05-29T14:45:55', NULL);
INSERT INTO order_items (id, order_id, product_id, quantity) VALUES (2816, 690, 35, 2);
INSERT INTO order_items (id, order_id, product_id, quantity) VALUES (2817, 690, 74, 1);
INSERT INTO order_items (id, order_id, product_id, quantity) VALUES (2818, 690, 12, 1);
INSERT INTO order_items (id, order_id, product_id, quantity) VALUES (2819, 690, 47, 5);
INSERT INTO order_items (id, order_id, product_id, quantity) VALUES (2820, 690, 62, 5);
INSERT INTO orders (id, user_id, created_at, coupon_id) VALUES (691, 92, '2025-05-30T16:51:06', NULL);
INSERT INTO order_items (id, order_id, product_id, quantity) VALUES (2821, 691, 85, 5);
INSERT INTO order_items (id, order_id, product_id, quantity) VALUES (2822, 691, 33, 3);
INSERT INTO order_items (id, order_id, product_id, quantity) VALUES (2823, 691, 41, 4);
INSERT INTO order_items (id, order_id, product_id, quantity) VALUES (2824, 691, 57, 2);
INSERT INTO order_items (id, order_id, product_id, quantity) VALUES (2825, 691, 33, 1);
INSERT INTO order_items (id, order_id, product_id, quantity) VALUES (2826, 691, 4, 2);
INSERT INTO order_items (id, order_id, product_id, quantity) VALUES (2827, 691, 71, 5);
INSERT INTO orders (id, user_id, created_at, coupon_id) VALUES (692, 92, '2025-03-14T03:43:14', NULL);
INSERT INTO order_items (id, order_id, product_id, quantity) VALUES (2828, 692, 83, 4);
INSERT INTO order_items (id, order_id, product_id, quantity) VALUES (2829, 692, 42, 5);
INSERT INTO order_items (id, order_id, product_id, quantity) VALUES (2830, 692, 17, 1);
INSERT INTO order_items (id, order_id, product_id, quantity) VALUES (2831, 692, 16, 3);
INSERT INTO order_items (id, order_id, product_id, quantity) VALUES (2832, 692, 100, 2);
INSERT INTO order_items (id, order_id, product_id, quantity) VALUES (2833, 692, 79, 5);
INSERT INTO order_items (id, order_id, product_id, quantity) VALUES (2834, 692, 40, 5);
INSERT INTO orders (id, user_id, created_at, coupon_id) VALUES (693, 93, '2025-06-08T12:22:25', NULL);
INSERT INTO order_items (id, order_id, product_id, quantity) VALUES (2835, 693, 62, 4);
INSERT INTO order_items (id, order_id, product_id, quantity) VALUES (2836, 693, 68, 4);
INSERT INTO order_items (id, order_id, product_id, quantity) VALUES (2837, 693, 36, 3);
INSERT INTO order_items (id, order_id, product_id, quantity) VALUES (2838, 693, 56, 2);
INSERT INTO orders (id, user_id, created_at, coupon_id) VALUES (694, 93, '2025-04-09T21:32:43', NULL);
INSERT INTO order_items (id, order_id, product_id, quantity) VALUES (2839, 694, 38, 5);
INSERT INTO order_items (id, order_id, product_id, quantity) VALUES (2840, 694, 39, 5);
INSERT INTO order_items (id, order_id, product_id, quantity) VALUES (2841, 694, 22, 2);
INSERT INTO order_items (id, order_id, product_id, quantity) VALUES (2842, 694, 54, 5);
INSERT INTO orders (id, user_id, created_at, coupon_id) VALUES (695, 93, '2025-04-04T23:00:26', NULL);
INSERT INTO order_items (id, order_id, product_id, quantity) VALUES (2843, 695, 1, 4);
INSERT INTO orders (id, user_id, created_at, coupon_id) VALUES (696, 93, '2025-02-13T19:38:09', NULL);
INSERT INTO order_items (id, order_id, product_id, quantity) VALUES (2844, 696, 76, 1);
INSERT INTO order_items (id, order_id, product_id, quantity) VALUES (2845, 696, 48, 5);
INSERT INTO order_items (id, order_id, product_id, quantity) VALUES (2846, 696, 15, 5);
INSERT INTO order_items (id, order_id, product_id, quantity) VALUES (2847, 696, 86, 3);
INSERT INTO order_items (id, order_id, product_id, quantity) VALUES (2848, 696, 86, 4);
INSERT INTO orders (id, user_id, created_at, coupon_id) VALUES (697, 93, '2025-04-23T06:11:12', NULL);
INSERT INTO order_items (id, order_id, product_id, quantity) VALUES (2849, 697, 3, 2);
INSERT INTO order_items (id, order_id, product_id, quantity) VALUES (2850, 697, 82, 1);
INSERT INTO order_items (id, order_id, product_id, quantity) VALUES (2851, 697, 1, 3);
INSERT INTO order_items (id, order_id, product_id, quantity) VALUES (2852, 697, 91, 3);
INSERT INTO order_items (id, order_id, product_id, quantity) VALUES (2853, 697, 33, 4);
INSERT INTO orders (id, user_id, created_at, coupon_id) VALUES (698, 93, '2025-04-02T03:07:11', 15);
INSERT INTO order_items (id, order_id, product_id, quantity) VALUES (2854, 698, 82, 2);
INSERT INTO order_items (id, order_id, product_id, quantity) VALUES (2855, 698, 3, 1);
INSERT INTO orders (id, user_id, created_at, coupon_id) VALUES (699, 93, '2025-03-07T06:10:38', NULL);
INSERT INTO order_items (id, order_id, product_id, quantity) VALUES (2856, 699, 28, 2);
INSERT INTO orders (id, user_id, created_at, coupon_id) VALUES (700, 93, '2025-05-09T02:06:22', NULL);
INSERT INTO order_items (id, order_id, product_id, quantity) VALUES (2857, 700, 74, 3);
INSERT INTO order_items (id, order_id, product_id, quantity) VALUES (2858, 700, 27, 1);
INSERT INTO orders (id, user_id, created_at, coupon_id) VALUES (701, 93, '2025-03-15T05:56:49', 4);
INSERT INTO order_items (id, order_id, product_id, quantity) VALUES (2859, 701, 80, 3);
INSERT INTO order_items (id, order_id, product_id, quantity) VALUES (2860, 701, 9, 2);
INSERT INTO order_items (id, order_id, product_id, quantity) VALUES (2861, 701, 90, 5);
INSERT INTO order_items (id, order_id, product_id, quantity) VALUES (2862, 701, 81, 5);
INSERT INTO orders (id, user_id, created_at, coupon_id) VALUES (702, 94, '2025-01-16T15:52:13', NULL);
INSERT INTO order_items (id, order_id, product_id, quantity) VALUES (2863, 702, 37, 3);
INSERT INTO order_items (id, order_id, product_id, quantity) VALUES (2864, 702, 88, 4);
INSERT INTO order_items (id, order_id, product_id, quantity) VALUES (2865, 702, 76, 4);
INSERT INTO order_items (id, order_id, product_id, quantity) VALUES (2866, 702, 82, 5);
INSERT INTO order_items (id, order_id, product_id, quantity) VALUES (2867, 702, 98, 1);
INSERT INTO orders (id, user_id, created_at, coupon_id) VALUES (703, 94, '2025-02-23T14:36:41', NULL);
INSERT INTO order_items (id, order_id, product_id, quantity) VALUES (2868, 703, 96, 5);
INSERT INTO order_items (id, order_id, product_id, quantity) VALUES (2869, 703, 36, 5);
INSERT INTO order_items (id, order_id, product_id, quantity) VALUES (2870, 703, 92, 5);
INSERT INTO order_items (id, order_id, product_id, quantity) VALUES (2871, 703, 8, 4);
INSERT INTO order_items (id, order_id, product_id, quantity) VALUES (2872, 703, 81, 3);
INSERT INTO order_items (id, order_id, product_id, quantity) VALUES (2873, 703, 97, 1);
INSERT INTO order_items (id, order_id, product_id, quantity) VALUES (2874, 703, 40, 1);
INSERT INTO orders (id, user_id, created_at, coupon_id) VALUES (704, 94, '2025-03-03T03:39:19', 8);
INSERT INTO order_items (id, order_id, product_id, quantity) VALUES (2875, 704, 36, 4);
INSERT INTO orders (id, user_id, created_at, coupon_id) VALUES (705, 94, '2025-02-16T03:41:41', NULL);
INSERT INTO order_items (id, order_id, product_id, quantity) VALUES (2876, 705, 57, 1);
INSERT INTO orders (id, user_id, created_at, coupon_id) VALUES (706, 94, '2025-02-09T07:46:53', NULL);
INSERT INTO order_items (id, order_id, product_id, quantity) VALUES (2877, 706, 83, 5);
INSERT INTO order_items (id, order_id, product_id, quantity) VALUES (2878, 706, 18, 1);
INSERT INTO order_items (id, order_id, product_id, quantity) VALUES (2879, 706, 41, 4);
INSERT INTO orders (id, user_id, created_at, coupon_id) VALUES (707, 94, '2025-05-30T09:45:17', NULL);
INSERT INTO order_items (id, order_id, product_id, quantity) VALUES (2880, 707, 57, 1);
INSERT INTO order_items (id, order_id, product_id, quantity) VALUES (2881, 707, 19, 4);
INSERT INTO orders (id, user_id, created_at, coupon_id) VALUES (708, 94, '2025-01-15T18:08:32', NULL);
INSERT INTO order_items (id, order_id, product_id, quantity) VALUES (2882, 708, 58, 3);
INSERT INTO order_items (id, order_id, product_id, quantity) VALUES (2883, 708, 42, 3);
INSERT INTO order_items (id, order_id, product_id, quantity) VALUES (2884, 708, 77, 5);
INSERT INTO order_items (id, order_id, product_id, quantity) VALUES (2885, 708, 89, 4);
INSERT INTO order_items (id, order_id, product_id, quantity) VALUES (2886, 708, 61, 4);
INSERT INTO order_items (id, order_id, product_id, quantity) VALUES (2887, 708, 37, 2);
INSERT INTO order_items (id, order_id, product_id, quantity) VALUES (2888, 708, 52, 4);
INSERT INTO orders (id, user_id, created_at, coupon_id) VALUES (709, 94, '2025-02-11T03:11:56', NULL);
INSERT INTO order_items (id, order_id, product_id, quantity) VALUES (2889, 709, 46, 1);
INSERT INTO order_items (id, order_id, product_id, quantity) VALUES (2890, 709, 36, 2);
INSERT INTO order_items (id, order_id, product_id, quantity) VALUES (2891, 709, 20, 1);
INSERT INTO order_items (id, order_id, product_id, quantity) VALUES (2892, 709, 80, 5);
INSERT INTO order_items (id, order_id, product_id, quantity) VALUES (2893, 709, 73, 5);
INSERT INTO orders (id, user_id, created_at, coupon_id) VALUES (710, 94, '2025-05-18T09:11:56', NULL);
INSERT INTO order_items (id, order_id, product_id, quantity) VALUES (2894, 710, 33, 1);
INSERT INTO orders (id, user_id, created_at, coupon_id) VALUES (711, 94, '2025-04-18T04:43:19', NULL);
INSERT INTO order_items (id, order_id, product_id, quantity) VALUES (2895, 711, 63, 4);
INSERT INTO order_items (id, order_id, product_id, quantity) VALUES (2896, 711, 75, 1);
INSERT INTO order_items (id, order_id, product_id, quantity) VALUES (2897, 711, 28, 1);
INSERT INTO orders (id, user_id, created_at, coupon_id) VALUES (712, 95, '2025-03-08T06:44:59', NULL);
INSERT INTO order_items (id, order_id, product_id, quantity) VALUES (2898, 712, 90, 5);
INSERT INTO order_items (id, order_id, product_id, quantity) VALUES (2899, 712, 18, 5);
INSERT INTO order_items (id, order_id, product_id, quantity) VALUES (2900, 712, 86, 3);
INSERT INTO order_items (id, order_id, product_id, quantity) VALUES (2901, 712, 78, 2);
INSERT INTO order_items (id, order_id, product_id, quantity) VALUES (2902, 712, 21, 2);
INSERT INTO orders (id, user_id, created_at, coupon_id) VALUES (713, 95, '2025-04-22T15:23:37', NULL);
INSERT INTO order_items (id, order_id, product_id, quantity) VALUES (2903, 713, 85, 4);
INSERT INTO order_items (id, order_id, product_id, quantity) VALUES (2904, 713, 60, 1);
INSERT INTO order_items (id, order_id, product_id, quantity) VALUES (2905, 713, 43, 1);
INSERT INTO order_items (id, order_id, product_id, quantity) VALUES (2906, 713, 87, 5);
INSERT INTO order_items (id, order_id, product_id, quantity) VALUES (2907, 713, 87, 3);
INSERT INTO order_items (id, order_id, product_id, quantity) VALUES (2908, 713, 52, 2);
INSERT INTO orders (id, user_id, created_at, coupon_id) VALUES (714, 95, '2025-05-17T06:15:06', NULL);
INSERT INTO order_items (id, order_id, product_id, quantity) VALUES (2909, 714, 84, 1);
INSERT INTO order_items (id, order_id, product_id, quantity) VALUES (2910, 714, 59, 4);
INSERT INTO order_items (id, order_id, product_id, quantity) VALUES (2911, 714, 39, 1);
INSERT INTO orders (id, user_id, created_at, coupon_id) VALUES (715, 95, '2025-03-24T22:20:38', NULL);
INSERT INTO order_items (id, order_id, product_id, quantity) VALUES (2912, 715, 65, 3);
INSERT INTO order_items (id, order_id, product_id, quantity) VALUES (2913, 715, 64, 1);
INSERT INTO order_items (id, order_id, product_id, quantity) VALUES (2914, 715, 13, 5);
INSERT INTO orders (id, user_id, created_at, coupon_id) VALUES (716, 95, '2025-05-21T14:36:19', 4);
INSERT INTO order_items (id, order_id, product_id, quantity) VALUES (2915, 716, 54, 2);
INSERT INTO order_items (id, order_id, product_id, quantity) VALUES (2916, 716, 32, 1);
INSERT INTO order_items (id, order_id, product_id, quantity) VALUES (2917, 716, 45, 5);
INSERT INTO orders (id, user_id, created_at, coupon_id) VALUES (717, 95, '2025-01-08T07:28:16', NULL);
INSERT INTO order_items (id, order_id, product_id, quantity) VALUES (2918, 717, 93, 2);
INSERT INTO order_items (id, order_id, product_id, quantity) VALUES (2919, 717, 2, 1);
INSERT INTO order_items (id, order_id, product_id, quantity) VALUES (2920, 717, 2, 5);
INSERT INTO order_items (id, order_id, product_id, quantity) VALUES (2921, 717, 82, 5);
INSERT INTO order_items (id, order_id, product_id, quantity) VALUES (2922, 717, 55, 1);
INSERT INTO orders (id, user_id, created_at, coupon_id) VALUES (718, 95, '2025-04-03T17:32:20', 13);
INSERT INTO order_items (id, order_id, product_id, quantity) VALUES (2923, 718, 31, 4);
INSERT INTO order_items (id, order_id, product_id, quantity) VALUES (2924, 718, 95, 1);
INSERT INTO order_items (id, order_id, product_id, quantity) VALUES (2925, 718, 13, 4);
INSERT INTO order_items (id, order_id, product_id, quantity) VALUES (2926, 718, 91, 5);
INSERT INTO order_items (id, order_id, product_id, quantity) VALUES (2927, 718, 64, 4);
INSERT INTO orders (id, user_id, created_at, coupon_id) VALUES (719, 96, '2025-05-27T23:36:19', NULL);
INSERT INTO order_items (id, order_id, product_id, quantity) VALUES (2928, 719, 23, 5);
INSERT INTO order_items (id, order_id, product_id, quantity) VALUES (2929, 719, 8, 1);
INSERT INTO order_items (id, order_id, product_id, quantity) VALUES (2930, 719, 37, 3);
INSERT INTO order_items (id, order_id, product_id, quantity) VALUES (2931, 719, 83, 5);
INSERT INTO order_items (id, order_id, product_id, quantity) VALUES (2932, 719, 83, 4);
INSERT INTO orders (id, user_id, created_at, coupon_id) VALUES (720, 96, '2025-02-05T19:45:58', NULL);
INSERT INTO order_items (id, order_id, product_id, quantity) VALUES (2933, 720, 19, 4);
INSERT INTO order_items (id, order_id, product_id, quantity) VALUES (2934, 720, 45, 1);
INSERT INTO order_items (id, order_id, product_id, quantity) VALUES (2935, 720, 45, 3);
INSERT INTO orders (id, user_id, created_at, coupon_id) VALUES (721, 96, '2025-03-29T00:51:40', 8);
INSERT INTO order_items (id, order_id, product_id, quantity) VALUES (2936, 721, 29, 5);
INSERT INTO order_items (id, order_id, product_id, quantity) VALUES (2937, 721, 75, 2);
INSERT INTO order_items (id, order_id, product_id, quantity) VALUES (2938, 721, 37, 3);
INSERT INTO order_items (id, order_id, product_id, quantity) VALUES (2939, 721, 76, 4);
INSERT INTO order_items (id, order_id, product_id, quantity) VALUES (2940, 721, 6, 2);
INSERT INTO orders (id, user_id, created_at, coupon_id) VALUES (722, 96, '2025-03-06T13:26:17', NULL);
INSERT INTO order_items (id, order_id, product_id, quantity) VALUES (2941, 722, 26, 3);
INSERT INTO order_items (id, order_id, product_id, quantity) VALUES (2942, 722, 46, 2);
INSERT INTO order_items (id, order_id, product_id, quantity) VALUES (2943, 722, 69, 5);
INSERT INTO order_items (id, order_id, product_id, quantity) VALUES (2944, 722, 96, 1);
INSERT INTO order_items (id, order_id, product_id, quantity) VALUES (2945, 722, 54, 1);
INSERT INTO orders (id, user_id, created_at, coupon_id) VALUES (723, 96, '2025-01-13T00:59:42', 17);
INSERT INTO order_items (id, order_id, product_id, quantity) VALUES (2946, 723, 27, 5);
INSERT INTO order_items (id, order_id, product_id, quantity) VALUES (2947, 723, 87, 4);
INSERT INTO order_items (id, order_id, product_id, quantity) VALUES (2948, 723, 79, 2);
INSERT INTO order_items (id, order_id, product_id, quantity) VALUES (2949, 723, 73, 4);
INSERT INTO order_items (id, order_id, product_id, quantity) VALUES (2950, 723, 10, 2);
INSERT INTO order_items (id, order_id, product_id, quantity) VALUES (2951, 723, 9, 3);
INSERT INTO order_items (id, order_id, product_id, quantity) VALUES (2952, 723, 68, 4);
INSERT INTO orders (id, user_id, created_at, coupon_id) VALUES (724, 96, '2025-01-01T13:40:32', NULL);
INSERT INTO order_items (id, order_id, product_id, quantity) VALUES (2953, 724, 87, 5);
INSERT INTO order_items (id, order_id, product_id, quantity) VALUES (2954, 724, 64, 3);
INSERT INTO order_items (id, order_id, product_id, quantity) VALUES (2955, 724, 94, 4);
INSERT INTO order_items (id, order_id, product_id, quantity) VALUES (2956, 724, 88, 4);
INSERT INTO order_items (id, order_id, product_id, quantity) VALUES (2957, 724, 97, 1);
INSERT INTO order_items (id, order_id, product_id, quantity) VALUES (2958, 724, 76, 2);
INSERT INTO orders (id, user_id, created_at, coupon_id) VALUES (725, 96, '2025-03-29T23:04:36', NULL);
INSERT INTO order_items (id, order_id, product_id, quantity) VALUES (2959, 725, 12, 2);
INSERT INTO order_items (id, order_id, product_id, quantity) VALUES (2960, 725, 17, 3);
INSERT INTO order_items (id, order_id, product_id, quantity) VALUES (2961, 725, 42, 5);
INSERT INTO order_items (id, order_id, product_id, quantity) VALUES (2962, 725, 1, 5);
INSERT INTO order_items (id, order_id, product_id, quantity) VALUES (2963, 725, 18, 3);
INSERT INTO orders (id, user_id, created_at, coupon_id) VALUES (726, 96, '2025-01-10T01:01:55', NULL);
INSERT INTO order_items (id, order_id, product_id, quantity) VALUES (2964, 726, 17, 3);
INSERT INTO order_items (id, order_id, product_id, quantity) VALUES (2965, 726, 98, 1);
INSERT INTO order_items (id, order_id, product_id, quantity) VALUES (2966, 726, 13, 5);
INSERT INTO order_items (id, order_id, product_id, quantity) VALUES (2967, 726, 21, 5);
INSERT INTO order_items (id, order_id, product_id, quantity) VALUES (2968, 726, 68, 5);
INSERT INTO order_items (id, order_id, product_id, quantity) VALUES (2969, 726, 71, 3);
INSERT INTO orders (id, user_id, created_at, coupon_id) VALUES (727, 96, '2025-03-01T18:10:17', 13);
INSERT INTO order_items (id, order_id, product_id, quantity) VALUES (2970, 727, 40, 3);
INSERT INTO order_items (id, order_id, product_id, quantity) VALUES (2971, 727, 2, 2);
INSERT INTO order_items (id, order_id, product_id, quantity) VALUES (2972, 727, 12, 2);
INSERT INTO order_items (id, order_id, product_id, quantity) VALUES (2973, 727, 39, 3);
INSERT INTO orders (id, user_id, created_at, coupon_id) VALUES (728, 96, '2025-01-19T03:00:07', 5);
INSERT INTO order_items (id, order_id, product_id, quantity) VALUES (2974, 728, 31, 3);
INSERT INTO orders (id, user_id, created_at, coupon_id) VALUES (729, 97, '2025-03-19T06:22:40', 14);
INSERT INTO order_items (id, order_id, product_id, quantity) VALUES (2975, 729, 30, 2);
INSERT INTO order_items (id, order_id, product_id, quantity) VALUES (2976, 729, 90, 3);
INSERT INTO order_items (id, order_id, product_id, quantity) VALUES (2977, 729, 71, 3);
INSERT INTO order_items (id, order_id, product_id, quantity) VALUES (2978, 729, 75, 1);
INSERT INTO orders (id, user_id, created_at, coupon_id) VALUES (730, 97, '2025-04-11T07:22:51', NULL);
INSERT INTO order_items (id, order_id, product_id, quantity) VALUES (2979, 730, 11, 5);
INSERT INTO order_items (id, order_id, product_id, quantity) VALUES (2980, 730, 46, 3);
INSERT INTO order_items (id, order_id, product_id, quantity) VALUES (2981, 730, 3, 1);
INSERT INTO orders (id, user_id, created_at, coupon_id) VALUES (731, 97, '2025-01-27T09:57:51', NULL);
INSERT INTO order_items (id, order_id, product_id, quantity) VALUES (2982, 731, 82, 5);
INSERT INTO order_items (id, order_id, product_id, quantity) VALUES (2983, 731, 73, 5);
INSERT INTO order_items (id, order_id, product_id, quantity) VALUES (2984, 731, 35, 4);
INSERT INTO order_items (id, order_id, product_id, quantity) VALUES (2985, 731, 85, 3);
INSERT INTO order_items (id, order_id, product_id, quantity) VALUES (2986, 731, 80, 3);
INSERT INTO orders (id, user_id, created_at, coupon_id) VALUES (732, 97, '2025-03-05T08:20:25', NULL);
INSERT INTO order_items (id, order_id, product_id, quantity) VALUES (2987, 732, 5, 3);
INSERT INTO order_items (id, order_id, product_id, quantity) VALUES (2988, 732, 81, 1);
INSERT INTO orders (id, user_id, created_at, coupon_id) VALUES (733, 97, '2025-02-05T18:16:02', NULL);
INSERT INTO order_items (id, order_id, product_id, quantity) VALUES (2989, 733, 82, 1);
INSERT INTO order_items (id, order_id, product_id, quantity) VALUES (2990, 733, 88, 2);
INSERT INTO order_items (id, order_id, product_id, quantity) VALUES (2991, 733, 2, 2);
INSERT INTO order_items (id, order_id, product_id, quantity) VALUES (2992, 733, 62, 2);
INSERT INTO order_items (id, order_id, product_id, quantity) VALUES (2993, 733, 33, 2);
INSERT INTO orders (id, user_id, created_at, coupon_id) VALUES (734, 97, '2025-02-24T08:24:19', 9);
INSERT INTO order_items (id, order_id, product_id, quantity) VALUES (2994, 734, 29, 2);
INSERT INTO order_items (id, order_id, product_id, quantity) VALUES (2995, 734, 63, 1);
INSERT INTO order_items (id, order_id, product_id, quantity) VALUES (2996, 734, 11, 3);
INSERT INTO order_items (id, order_id, product_id, quantity) VALUES (2997, 734, 29, 4);
INSERT INTO order_items (id, order_id, product_id, quantity) VALUES (2998, 734, 15, 5);
INSERT INTO order_items (id, order_id, product_id, quantity) VALUES (2999, 734, 93, 5);
INSERT INTO order_items (id, order_id, product_id, quantity) VALUES (3000, 734, 31, 4);
INSERT INTO orders (id, user_id, created_at, coupon_id) VALUES (735, 98, '2025-05-04T07:31:47', NULL);
INSERT INTO order_items (id, order_id, product_id, quantity) VALUES (3001, 735, 18, 2);
INSERT INTO order_items (id, order_id, product_id, quantity) VALUES (3002, 735, 55, 4);
INSERT INTO order_items (id, order_id, product_id, quantity) VALUES (3003, 735, 85, 3);
INSERT INTO orders (id, user_id, created_at, coupon_id) VALUES (736, 98, '2025-01-27T03:55:35', NULL);
INSERT INTO order_items (id, order_id, product_id, quantity) VALUES (3004, 736, 91, 5);
INSERT INTO order_items (id, order_id, product_id, quantity) VALUES (3005, 736, 98, 4);
INSERT INTO order_items (id, order_id, product_id, quantity) VALUES (3006, 736, 48, 2);
INSERT INTO order_items (id, order_id, product_id, quantity) VALUES (3007, 736, 34, 1);
INSERT INTO order_items (id, order_id, product_id, quantity) VALUES (3008, 736, 74, 5);
INSERT INTO orders (id, user_id, created_at, coupon_id) VALUES (737, 98, '2025-05-08T21:46:12', NULL);
INSERT INTO order_items (id, order_id, product_id, quantity) VALUES (3009, 737, 13, 1);
INSERT INTO order_items (id, order_id, product_id, quantity) VALUES (3010, 737, 73, 3);
INSERT INTO order_items (id, order_id, product_id, quantity) VALUES (3011, 737, 83, 5);
INSERT INTO order_items (id, order_id, product_id, quantity) VALUES (3012, 737, 3, 2);
INSERT INTO orders (id, user_id, created_at, coupon_id) VALUES (738, 98, '2025-01-21T05:11:14', NULL);
INSERT INTO order_items (id, order_id, product_id, quantity) VALUES (3013, 738, 24, 2);
INSERT INTO order_items (id, order_id, product_id, quantity) VALUES (3014, 738, 43, 3);
INSERT INTO order_items (id, order_id, product_id, quantity) VALUES (3015, 738, 10, 4);
INSERT INTO order_items (id, order_id, product_id, quantity) VALUES (3016, 738, 24, 3);
INSERT INTO order_items (id, order_id, product_id, quantity) VALUES (3017, 738, 81, 3);
INSERT INTO order_items (id, order_id, product_id, quantity) VALUES (3018, 738, 4, 2);
INSERT INTO orders (id, user_id, created_at, coupon_id) VALUES (739, 98, '2025-05-26T03:05:25', NULL);
INSERT INTO order_items (id, order_id, product_id, quantity) VALUES (3019, 739, 59, 5);
INSERT INTO order_items (id, order_id, product_id, quantity) VALUES (3020, 739, 5, 4);
INSERT INTO order_items (id, order_id, product_id, quantity) VALUES (3021, 739, 51, 1);
INSERT INTO order_items (id, order_id, product_id, quantity) VALUES (3022, 739, 92, 3);
INSERT INTO order_items (id, order_id, product_id, quantity) VALUES (3023, 739, 69, 5);
INSERT INTO orders (id, user_id, created_at, coupon_id) VALUES (740, 98, '2025-01-30T13:18:38', NULL);
INSERT INTO order_items (id, order_id, product_id, quantity) VALUES (3024, 740, 45, 5);
INSERT INTO order_items (id, order_id, product_id, quantity) VALUES (3025, 740, 10, 5);
INSERT INTO order_items (id, order_id, product_id, quantity) VALUES (3026, 740, 76, 1);
INSERT INTO orders (id, user_id, created_at, coupon_id) VALUES (741, 98, '2025-04-21T04:25:33', NULL);
INSERT INTO order_items (id, order_id, product_id, quantity) VALUES (3027, 741, 88, 2);
INSERT INTO order_items (id, order_id, product_id, quantity) VALUES (3028, 741, 72, 1);
INSERT INTO order_items (id, order_id, product_id, quantity) VALUES (3029, 741, 29, 1);
INSERT INTO orders (id, user_id, created_at, coupon_id) VALUES (742, 98, '2025-01-14T18:32:31', 13);
INSERT INTO order_items (id, order_id, product_id, quantity) VALUES (3030, 742, 40, 3);
INSERT INTO orders (id, user_id, created_at, coupon_id) VALUES (743, 98, '2025-03-11T20:53:20', NULL);
INSERT INTO order_items (id, order_id, product_id, quantity) VALUES (3031, 743, 93, 4);
INSERT INTO orders (id, user_id, created_at, coupon_id) VALUES (744, 98, '2025-03-06T05:31:51', NULL);
INSERT INTO order_items (id, order_id, product_id, quantity) VALUES (3032, 744, 93, 4);
INSERT INTO order_items (id, order_id, product_id, quantity) VALUES (3033, 744, 89, 2);
INSERT INTO order_items (id, order_id, product_id, quantity) VALUES (3034, 744, 30, 5);
INSERT INTO order_items (id, order_id, product_id, quantity) VALUES (3035, 744, 72, 3);
INSERT INTO order_items (id, order_id, product_id, quantity) VALUES (3036, 744, 50, 4);
INSERT INTO orders (id, user_id, created_at, coupon_id) VALUES (745, 99, '2025-04-11T03:06:40', NULL);
INSERT INTO order_items (id, order_id, product_id, quantity) VALUES (3037, 745, 83, 4);
INSERT INTO order_items (id, order_id, product_id, quantity) VALUES (3038, 745, 96, 4);
INSERT INTO order_items (id, order_id, product_id, quantity) VALUES (3039, 745, 40, 2);
INSERT INTO order_items (id, order_id, product_id, quantity) VALUES (3040, 745, 31, 4);
INSERT INTO order_items (id, order_id, product_id, quantity) VALUES (3041, 745, 93, 5);
INSERT INTO order_items (id, order_id, product_id, quantity) VALUES (3042, 745, 71, 2);
INSERT INTO order_items (id, order_id, product_id, quantity) VALUES (3043, 745, 37, 2);
INSERT INTO orders (id, user_id, created_at, coupon_id) VALUES (746, 99, '2025-02-07T06:26:01', NULL);
INSERT INTO order_items (id, order_id, product_id, quantity) VALUES (3044, 746, 43, 1);
INSERT INTO order_items (id, order_id, product_id, quantity) VALUES (3045, 746, 73, 4);
INSERT INTO order_items (id, order_id, product_id, quantity) VALUES (3046, 746, 63, 3);
INSERT INTO order_items (id, order_id, product_id, quantity) VALUES (3047, 746, 5, 3);
INSERT INTO order_items (id, order_id, product_id, quantity) VALUES (3048, 746, 55, 3);
INSERT INTO order_items (id, order_id, product_id, quantity) VALUES (3049, 746, 51, 5);
INSERT INTO order_items (id, order_id, product_id, quantity) VALUES (3050, 746, 86, 1);
INSERT INTO orders (id, user_id, created_at, coupon_id) VALUES (747, 99, '2025-04-29T08:50:10', NULL);
INSERT INTO order_items (id, order_id, product_id, quantity) VALUES (3051, 747, 6, 5);
INSERT INTO orders (id, user_id, created_at, coupon_id) VALUES (748, 99, '2025-04-30T06:58:09', NULL);
INSERT INTO order_items (id, order_id, product_id, quantity) VALUES (3052, 748, 42, 1);
INSERT INTO order_items (id, order_id, product_id, quantity) VALUES (3053, 748, 46, 2);
INSERT INTO order_items (id, order_id, product_id, quantity) VALUES (3054, 748, 36, 1);
INSERT INTO order_items (id, order_id, product_id, quantity) VALUES (3055, 748, 94, 4);
INSERT INTO order_items (id, order_id, product_id, quantity) VALUES (3056, 748, 22, 3);
INSERT INTO order_items (id, order_id, product_id, quantity) VALUES (3057, 748, 64, 4);
INSERT INTO orders (id, user_id, created_at, coupon_id) VALUES (749, 99, '2025-03-15T13:53:53', NULL);
INSERT INTO order_items (id, order_id, product_id, quantity) VALUES (3058, 749, 79, 5);
INSERT INTO order_items (id, order_id, product_id, quantity) VALUES (3059, 749, 14, 5);
INSERT INTO order_items (id, order_id, product_id, quantity) VALUES (3060, 749, 85, 4);
INSERT INTO order_items (id, order_id, product_id, quantity) VALUES (3061, 749, 61, 5);
INSERT INTO order_items (id, order_id, product_id, quantity) VALUES (3062, 749, 13, 5);
INSERT INTO order_items (id, order_id, product_id, quantity) VALUES (3063, 749, 20, 4);
INSERT INTO order_items (id, order_id, product_id, quantity) VALUES (3064, 749, 98, 4);
INSERT INTO orders (id, user_id, created_at, coupon_id) VALUES (750, 99, '2025-06-14T11:33:15', NULL);
INSERT INTO order_items (id, order_id, product_id, quantity) VALUES (3065, 750, 63, 1);
INSERT INTO order_items (id, order_id, product_id, quantity) VALUES (3066, 750, 64, 3);
INSERT INTO order_items (id, order_id, product_id, quantity) VALUES (3067, 750, 43, 2);
INSERT INTO order_items (id, order_id, product_id, quantity) VALUES (3068, 750, 70, 3);
INSERT INTO order_items (id, order_id, product_id, quantity) VALUES (3069, 750, 30, 5);
INSERT INTO order_items (id, order_id, product_id, quantity) VALUES (3070, 750, 58, 3);
INSERT INTO orders (id, user_id, created_at, coupon_id) VALUES (751, 99, '2025-04-06T18:48:35', NULL);
INSERT INTO order_items (id, order_id, product_id, quantity) VALUES (3071, 751, 18, 5);
INSERT INTO order_items (id, order_id, product_id, quantity) VALUES (3072, 751, 62, 5);
INSERT INTO order_items (id, order_id, product_id, quantity) VALUES (3073, 751, 32, 2);
INSERT INTO order_items (id, order_id, product_id, quantity) VALUES (3074, 751, 39, 2);
INSERT INTO order_items (id, order_id, product_id, quantity) VALUES (3075, 751, 78, 3);
INSERT INTO order_items (id, order_id, product_id, quantity) VALUES (3076, 751, 26, 2);
INSERT INTO orders (id, user_id, created_at, coupon_id) VALUES (752, 99, '2025-03-02T00:16:32', NULL);
INSERT INTO order_items (id, order_id, product_id, quantity) VALUES (3077, 752, 22, 3);
INSERT INTO order_items (id, order_id, product_id, quantity) VALUES (3078, 752, 1, 4);
INSERT INTO order_items (id, order_id, product_id, quantity) VALUES (3079, 752, 68, 1);
INSERT INTO order_items (id, order_id, product_id, quantity) VALUES (3080, 752, 26, 4);
INSERT INTO order_items (id, order_id, product_id, quantity) VALUES (3081, 752, 59, 2);
INSERT INTO order_items (id, order_id, product_id, quantity) VALUES (3082, 752, 59, 2);
INSERT INTO order_items (id, order_id, product_id, quantity) VALUES (3083, 752, 34, 3);
INSERT INTO orders (id, user_id, created_at, coupon_id) VALUES (753, 99, '2025-02-11T06:40:15', NULL);
INSERT INTO order_items (id, order_id, product_id, quantity) VALUES (3084, 753, 50, 4);
INSERT INTO orders (id, user_id, created_at, coupon_id) VALUES (754, 99, '2025-04-15T05:18:06', NULL);
INSERT INTO order_items (id, order_id, product_id, quantity) VALUES (3085, 754, 83, 1);
INSERT INTO order_items (id, order_id, product_id, quantity) VALUES (3086, 754, 80, 2);
INSERT INTO order_items (id, order_id, product_id, quantity) VALUES (3087, 754, 25, 1);
INSERT INTO orders (id, user_id, created_at, coupon_id) VALUES (755, 100, '2025-01-17T15:35:48', 9);
INSERT INTO order_items (id, order_id, product_id, quantity) VALUES (3088, 755, 100, 2);
INSERT INTO orders (id, user_id, created_at, coupon_id) VALUES (756, 100, '2025-02-26T17:32:51', NULL);
INSERT INTO order_items (id, order_id, product_id, quantity) VALUES (3089, 756, 44, 3);
INSERT INTO order_items (id, order_id, product_id, quantity) VALUES (3090, 756, 67, 3);
INSERT INTO order_items (id, order_id, product_id, quantity) VALUES (3091, 756, 62, 4);
INSERT INTO order_items (id, order_id, product_id, quantity) VALUES (3092, 756, 83, 5);
INSERT INTO orders (id, user_id, created_at, coupon_id) VALUES (757, 100, '2025-06-14T08:13:20', NULL);
INSERT INTO order_items (id, order_id, product_id, quantity) VALUES (3093, 757, 3, 5);
INSERT INTO order_items (id, order_id, product_id, quantity) VALUES (3094, 757, 90, 4);
INSERT INTO order_items (id, order_id, product_id, quantity) VALUES (3095, 757, 100, 2);
INSERT INTO order_items (id, order_id, product_id, quantity) VALUES (3096, 757, 75, 2);
INSERT INTO orders (id, user_id, created_at, coupon_id) VALUES (758, 100, '2025-02-20T10:12:30', 5);
INSERT INTO order_items (id, order_id, product_id, quantity) VALUES (3097, 758, 82, 4);
INSERT INTO orders (id, user_id, created_at, coupon_id) VALUES (759, 100, '2025-01-28T05:59:56', 18);
INSERT INTO order_items (id, order_id, product_id, quantity) VALUES (3098, 759, 31, 4);
INSERT INTO order_items (id, order_id, product_id, quantity) VALUES (3099, 759, 9, 2);
INSERT INTO order_items (id, order_id, product_id, quantity) VALUES (3100, 759, 12, 3);
INSERT INTO order_items (id, order_id, product_id, quantity) VALUES (3101, 759, 94, 2);
INSERT INTO order_items (id, order_id, product_id, quantity) VALUES (3102, 759, 27, 5);
INSERT INTO order_items (id, order_id, product_id, quantity) VALUES (3103, 759, 51, 1);
INSERT INTO order_items (id, order_id, product_id, quantity) VALUES (3104, 759, 70, 3);
INSERT INTO wishlists (id, user_id, name) VALUES (1, 1, 'Sort');
INSERT INTO wishlist_items (id, wishlist_id, product_id) VALUES (1, 1, 58);
INSERT INTO wishlist_items (id, wishlist_id, product_id) VALUES (2, 1, 25);
INSERT INTO wishlist_items (id, wishlist_id, product_id) VALUES (3, 1, 56);
INSERT INTO wishlist_items (id, wishlist_id, product_id) VALUES (4, 1, 8);
INSERT INTO wishlist_items (id, wishlist_id, product_id) VALUES (5, 1, 68);
INSERT INTO wishlists (id, user_id, name) VALUES (2, 1, 'Start');
INSERT INTO wishlist_items (id, wishlist_id, product_id) VALUES (6, 2, 40);
INSERT INTO wishlist_items (id, wishlist_id, product_id) VALUES (7, 2, 88);
INSERT INTO wishlist_items (id, wishlist_id, product_id) VALUES (8, 2, 99);
INSERT INTO wishlist_items (id, wishlist_id, product_id) VALUES (9, 2, 38);
INSERT INTO wishlist_items (id, wishlist_id, product_id) VALUES (10, 2, 2);
INSERT INTO wishlists (id, user_id, name) VALUES (3, 2, 'How');
INSERT INTO wishlist_items (id, wishlist_id, product_id) VALUES (11, 3, 74);
INSERT INTO wishlist_items (id, wishlist_id, product_id) VALUES (12, 3, 6);
INSERT INTO wishlist_items (id, wishlist_id, product_id) VALUES (13, 3, 65);
INSERT INTO wishlist_items (id, wishlist_id, product_id) VALUES (14, 3, 62);
INSERT INTO wishlist_items (id, wishlist_id, product_id) VALUES (15, 3, 13);
INSERT INTO wishlists (id, user_id, name) VALUES (4, 2, 'Expert');
INSERT INTO wishlist_items (id, wishlist_id, product_id) VALUES (16, 4, 68);
INSERT INTO wishlist_items (id, wishlist_id, product_id) VALUES (17, 4, 100);
INSERT INTO wishlist_items (id, wishlist_id, product_id) VALUES (18, 4, 71);
INSERT INTO wishlist_items (id, wishlist_id, product_id) VALUES (19, 4, 15);
INSERT INTO wishlist_items (id, wishlist_id, product_id) VALUES (20, 4, 73);
INSERT INTO wishlists (id, user_id, name) VALUES (5, 3, 'Particular');
INSERT INTO wishlist_items (id, wishlist_id, product_id) VALUES (21, 5, 25);
INSERT INTO wishlist_items (id, wishlist_id, product_id) VALUES (22, 5, 19);
INSERT INTO wishlist_items (id, wishlist_id, product_id) VALUES (23, 5, 34);
INSERT INTO wishlist_items (id, wishlist_id, product_id) VALUES (24, 5, 20);
INSERT INTO wishlist_items (id, wishlist_id, product_id) VALUES (25, 5, 72);
INSERT INTO wishlists (id, user_id, name) VALUES (6, 3, 'The');
INSERT INTO wishlist_items (id, wishlist_id, product_id) VALUES (26, 6, 97);
INSERT INTO wishlist_items (id, wishlist_id, product_id) VALUES (27, 6, 16);
INSERT INTO wishlist_items (id, wishlist_id, product_id) VALUES (28, 6, 60);
INSERT INTO wishlist_items (id, wishlist_id, product_id) VALUES (29, 6, 37);
INSERT INTO wishlist_items (id, wishlist_id, product_id) VALUES (30, 6, 57);
INSERT INTO wishlists (id, user_id, name) VALUES (7, 3, 'Wear');
INSERT INTO wishlist_items (id, wishlist_id, product_id) VALUES (31, 7, 39);
INSERT INTO wishlist_items (id, wishlist_id, product_id) VALUES (32, 7, 9);
INSERT INTO wishlist_items (id, wishlist_id, product_id) VALUES (33, 7, 85);
INSERT INTO wishlist_items (id, wishlist_id, product_id) VALUES (34, 7, 52);
INSERT INTO wishlist_items (id, wishlist_id, product_id) VALUES (35, 7, 38);
INSERT INTO wishlists (id, user_id, name) VALUES (8, 4, 'Remember');
INSERT INTO wishlist_items (id, wishlist_id, product_id) VALUES (36, 8, 56);
INSERT INTO wishlist_items (id, wishlist_id, product_id) VALUES (37, 8, 90);
INSERT INTO wishlist_items (id, wishlist_id, product_id) VALUES (38, 8, 67);
INSERT INTO wishlist_items (id, wishlist_id, product_id) VALUES (39, 8, 41);
INSERT INTO wishlist_items (id, wishlist_id, product_id) VALUES (40, 8, 77);
INSERT INTO wishlists (id, user_id, name) VALUES (9, 5, 'Anything');
INSERT INTO wishlist_items (id, wishlist_id, product_id) VALUES (41, 9, 87);
INSERT INTO wishlist_items (id, wishlist_id, product_id) VALUES (42, 9, 83);
INSERT INTO wishlist_items (id, wishlist_id, product_id) VALUES (43, 9, 75);
INSERT INTO wishlist_items (id, wishlist_id, product_id) VALUES (44, 9, 98);
INSERT INTO wishlist_items (id, wishlist_id, product_id) VALUES (45, 9, 49);
INSERT INTO wishlists (id, user_id, name) VALUES (10, 5, 'Big');
INSERT INTO wishlist_items (id, wishlist_id, product_id) VALUES (46, 10, 11);
INSERT INTO wishlist_items (id, wishlist_id, product_id) VALUES (47, 10, 79);
INSERT INTO wishlist_items (id, wishlist_id, product_id) VALUES (48, 10, 30);
INSERT INTO wishlist_items (id, wishlist_id, product_id) VALUES (49, 10, 69);
INSERT INTO wishlist_items (id, wishlist_id, product_id) VALUES (50, 10, 42);
INSERT INTO wishlists (id, user_id, name) VALUES (11, 5, 'Can');
INSERT INTO wishlist_items (id, wishlist_id, product_id) VALUES (51, 11, 39);
INSERT INTO wishlist_items (id, wishlist_id, product_id) VALUES (52, 11, 87);
INSERT INTO wishlist_items (id, wishlist_id, product_id) VALUES (53, 11, 76);
INSERT INTO wishlist_items (id, wishlist_id, product_id) VALUES (54, 11, 72);
INSERT INTO wishlist_items (id, wishlist_id, product_id) VALUES (55, 11, 16);
INSERT INTO wishlists (id, user_id, name) VALUES (12, 6, 'Dog');
INSERT INTO wishlist_items (id, wishlist_id, product_id) VALUES (56, 12, 57);
INSERT INTO wishlist_items (id, wishlist_id, product_id) VALUES (57, 12, 6);
INSERT INTO wishlist_items (id, wishlist_id, product_id) VALUES (58, 12, 2);
INSERT INTO wishlist_items (id, wishlist_id, product_id) VALUES (59, 12, 25);
INSERT INTO wishlist_items (id, wishlist_id, product_id) VALUES (60, 12, 95);
INSERT INTO wishlists (id, user_id, name) VALUES (13, 6, 'Pressure');
INSERT INTO wishlist_items (id, wishlist_id, product_id) VALUES (61, 13, 81);
INSERT INTO wishlist_items (id, wishlist_id, product_id) VALUES (62, 13, 71);
INSERT INTO wishlist_items (id, wishlist_id, product_id) VALUES (63, 13, 97);
INSERT INTO wishlist_items (id, wishlist_id, product_id) VALUES (64, 13, 44);
INSERT INTO wishlist_items (id, wishlist_id, product_id) VALUES (65, 13, 65);
INSERT INTO wishlists (id, user_id, name) VALUES (14, 6, 'Majority');
INSERT INTO wishlist_items (id, wishlist_id, product_id) VALUES (66, 14, 16);
INSERT INTO wishlist_items (id, wishlist_id, product_id) VALUES (67, 14, 86);
INSERT INTO wishlist_items (id, wishlist_id, product_id) VALUES (68, 14, 82);
INSERT INTO wishlist_items (id, wishlist_id, product_id) VALUES (69, 14, 90);
INSERT INTO wishlist_items (id, wishlist_id, product_id) VALUES (70, 14, 2);
INSERT INTO wishlists (id, user_id, name) VALUES (15, 7, 'System');
INSERT INTO wishlist_items (id, wishlist_id, product_id) VALUES (71, 15, 7);
INSERT INTO wishlist_items (id, wishlist_id, product_id) VALUES (72, 15, 82);
INSERT INTO wishlist_items (id, wishlist_id, product_id) VALUES (73, 15, 89);
INSERT INTO wishlist_items (id, wishlist_id, product_id) VALUES (74, 15, 97);
INSERT INTO wishlist_items (id, wishlist_id, product_id) VALUES (75, 15, 19);
INSERT INTO wishlists (id, user_id, name) VALUES (16, 8, 'Success');
INSERT INTO wishlist_items (id, wishlist_id, product_id) VALUES (76, 16, 67);
INSERT INTO wishlist_items (id, wishlist_id, product_id) VALUES (77, 16, 15);
INSERT INTO wishlist_items (id, wishlist_id, product_id) VALUES (78, 16, 78);
INSERT INTO wishlist_items (id, wishlist_id, product_id) VALUES (79, 16, 70);
INSERT INTO wishlist_items (id, wishlist_id, product_id) VALUES (80, 16, 96);
INSERT INTO wishlists (id, user_id, name) VALUES (17, 8, 'Argue');
INSERT INTO wishlist_items (id, wishlist_id, product_id) VALUES (81, 17, 47);
INSERT INTO wishlist_items (id, wishlist_id, product_id) VALUES (82, 17, 73);
INSERT INTO wishlist_items (id, wishlist_id, product_id) VALUES (83, 17, 13);
INSERT INTO wishlist_items (id, wishlist_id, product_id) VALUES (84, 17, 82);
INSERT INTO wishlist_items (id, wishlist_id, product_id) VALUES (85, 17, 43);
INSERT INTO wishlists (id, user_id, name) VALUES (18, 8, 'Technology');
INSERT INTO wishlist_items (id, wishlist_id, product_id) VALUES (86, 18, 32);
INSERT INTO wishlist_items (id, wishlist_id, product_id) VALUES (87, 18, 36);
INSERT INTO wishlist_items (id, wishlist_id, product_id) VALUES (88, 18, 61);
INSERT INTO wishlist_items (id, wishlist_id, product_id) VALUES (89, 18, 33);
INSERT INTO wishlist_items (id, wishlist_id, product_id) VALUES (90, 18, 15);
INSERT INTO wishlists (id, user_id, name) VALUES (19, 9, 'Spend');
INSERT INTO wishlist_items (id, wishlist_id, product_id) VALUES (91, 19, 27);
INSERT INTO wishlist_items (id, wishlist_id, product_id) VALUES (92, 19, 10);
INSERT INTO wishlist_items (id, wishlist_id, product_id) VALUES (93, 19, 90);
INSERT INTO wishlist_items (id, wishlist_id, product_id) VALUES (94, 19, 78);
INSERT INTO wishlist_items (id, wishlist_id, product_id) VALUES (95, 19, 63);
INSERT INTO wishlists (id, user_id, name) VALUES (20, 9, 'During');
INSERT INTO wishlist_items (id, wishlist_id, product_id) VALUES (96, 20, 1);
INSERT INTO wishlist_items (id, wishlist_id, product_id) VALUES (97, 20, 85);
INSERT INTO wishlist_items (id, wishlist_id, product_id) VALUES (98, 20, 44);
INSERT INTO wishlist_items (id, wishlist_id, product_id) VALUES (99, 20, 84);
INSERT INTO wishlist_items (id, wishlist_id, product_id) VALUES (100, 20, 84);
INSERT INTO wishlists (id, user_id, name) VALUES (21, 9, 'Career');
INSERT INTO wishlist_items (id, wishlist_id, product_id) VALUES (101, 21, 78);
INSERT INTO wishlist_items (id, wishlist_id, product_id) VALUES (102, 21, 63);
INSERT INTO wishlist_items (id, wishlist_id, product_id) VALUES (103, 21, 75);
INSERT INTO wishlist_items (id, wishlist_id, product_id) VALUES (104, 21, 14);
INSERT INTO wishlist_items (id, wishlist_id, product_id) VALUES (105, 21, 42);
INSERT INTO wishlists (id, user_id, name) VALUES (22, 10, 'Hundred');
INSERT INTO wishlist_items (id, wishlist_id, product_id) VALUES (106, 22, 45);
INSERT INTO wishlist_items (id, wishlist_id, product_id) VALUES (107, 22, 70);
INSERT INTO wishlist_items (id, wishlist_id, product_id) VALUES (108, 22, 6);
INSERT INTO wishlist_items (id, wishlist_id, product_id) VALUES (109, 22, 74);
INSERT INTO wishlist_items (id, wishlist_id, product_id) VALUES (110, 22, 96);
INSERT INTO wishlists (id, user_id, name) VALUES (23, 10, 'Rather');
INSERT INTO wishlist_items (id, wishlist_id, product_id) VALUES (111, 23, 5);
INSERT INTO wishlist_items (id, wishlist_id, product_id) VALUES (112, 23, 84);
INSERT INTO wishlist_items (id, wishlist_id, product_id) VALUES (113, 23, 98);
INSERT INTO wishlist_items (id, wishlist_id, product_id) VALUES (114, 23, 16);
INSERT INTO wishlist_items (id, wishlist_id, product_id) VALUES (115, 23, 46);
INSERT INTO wishlists (id, user_id, name) VALUES (24, 10, 'Wonder');
INSERT INTO wishlist_items (id, wishlist_id, product_id) VALUES (116, 24, 25);
INSERT INTO wishlist_items (id, wishlist_id, product_id) VALUES (117, 24, 35);
INSERT INTO wishlist_items (id, wishlist_id, product_id) VALUES (118, 24, 97);
INSERT INTO wishlist_items (id, wishlist_id, product_id) VALUES (119, 24, 88);
INSERT INTO wishlist_items (id, wishlist_id, product_id) VALUES (120, 24, 9);
INSERT INTO wishlists (id, user_id, name) VALUES (25, 11, 'Range');
INSERT INTO wishlist_items (id, wishlist_id, product_id) VALUES (121, 25, 38);
INSERT INTO wishlist_items (id, wishlist_id, product_id) VALUES (122, 25, 54);
INSERT INTO wishlist_items (id, wishlist_id, product_id) VALUES (123, 25, 14);
INSERT INTO wishlist_items (id, wishlist_id, product_id) VALUES (124, 25, 19);
INSERT INTO wishlist_items (id, wishlist_id, product_id) VALUES (125, 25, 4);
INSERT INTO wishlists (id, user_id, name) VALUES (26, 11, 'Present');
INSERT INTO wishlist_items (id, wishlist_id, product_id) VALUES (126, 26, 88);
INSERT INTO wishlist_items (id, wishlist_id, product_id) VALUES (127, 26, 88);
INSERT INTO wishlist_items (id, wishlist_id, product_id) VALUES (128, 26, 80);
INSERT INTO wishlist_items (id, wishlist_id, product_id) VALUES (129, 26, 85);
INSERT INTO wishlist_items (id, wishlist_id, product_id) VALUES (130, 26, 6);
INSERT INTO wishlists (id, user_id, name) VALUES (27, 11, 'Attention');
INSERT INTO wishlist_items (id, wishlist_id, product_id) VALUES (131, 27, 2);
INSERT INTO wishlist_items (id, wishlist_id, product_id) VALUES (132, 27, 91);
INSERT INTO wishlist_items (id, wishlist_id, product_id) VALUES (133, 27, 43);
INSERT INTO wishlist_items (id, wishlist_id, product_id) VALUES (134, 27, 29);
INSERT INTO wishlist_items (id, wishlist_id, product_id) VALUES (135, 27, 22);
INSERT INTO wishlists (id, user_id, name) VALUES (28, 12, 'Whatever');
INSERT INTO wishlist_items (id, wishlist_id, product_id) VALUES (136, 28, 60);
INSERT INTO wishlist_items (id, wishlist_id, product_id) VALUES (137, 28, 9);
INSERT INTO wishlist_items (id, wishlist_id, product_id) VALUES (138, 28, 81);
INSERT INTO wishlist_items (id, wishlist_id, product_id) VALUES (139, 28, 1);
INSERT INTO wishlist_items (id, wishlist_id, product_id) VALUES (140, 28, 80);
INSERT INTO wishlists (id, user_id, name) VALUES (29, 12, 'Table');
INSERT INTO wishlist_items (id, wishlist_id, product_id) VALUES (141, 29, 14);
INSERT INTO wishlist_items (id, wishlist_id, product_id) VALUES (142, 29, 29);
INSERT INTO wishlist_items (id, wishlist_id, product_id) VALUES (143, 29, 6);
INSERT INTO wishlist_items (id, wishlist_id, product_id) VALUES (144, 29, 6);
INSERT INTO wishlist_items (id, wishlist_id, product_id) VALUES (145, 29, 81);
INSERT INTO wishlists (id, user_id, name) VALUES (30, 12, 'Front');
INSERT INTO wishlist_items (id, wishlist_id, product_id) VALUES (146, 30, 60);
INSERT INTO wishlist_items (id, wishlist_id, product_id) VALUES (147, 30, 84);
INSERT INTO wishlist_items (id, wishlist_id, product_id) VALUES (148, 30, 70);
INSERT INTO wishlist_items (id, wishlist_id, product_id) VALUES (149, 30, 86);
INSERT INTO wishlist_items (id, wishlist_id, product_id) VALUES (150, 30, 23);
INSERT INTO wishlists (id, user_id, name) VALUES (31, 13, 'Later');
INSERT INTO wishlist_items (id, wishlist_id, product_id) VALUES (151, 31, 34);
INSERT INTO wishlist_items (id, wishlist_id, product_id) VALUES (152, 31, 89);
INSERT INTO wishlist_items (id, wishlist_id, product_id) VALUES (153, 31, 100);
INSERT INTO wishlist_items (id, wishlist_id, product_id) VALUES (154, 31, 83);
INSERT INTO wishlist_items (id, wishlist_id, product_id) VALUES (155, 31, 90);
INSERT INTO wishlists (id, user_id, name) VALUES (32, 13, 'Buy');
INSERT INTO wishlist_items (id, wishlist_id, product_id) VALUES (156, 32, 44);
INSERT INTO wishlist_items (id, wishlist_id, product_id) VALUES (157, 32, 55);
INSERT INTO wishlist_items (id, wishlist_id, product_id) VALUES (158, 32, 9);
INSERT INTO wishlist_items (id, wishlist_id, product_id) VALUES (159, 32, 43);
INSERT INTO wishlist_items (id, wishlist_id, product_id) VALUES (160, 32, 51);
INSERT INTO wishlists (id, user_id, name) VALUES (33, 14, 'Figure');
INSERT INTO wishlist_items (id, wishlist_id, product_id) VALUES (161, 33, 98);
INSERT INTO wishlist_items (id, wishlist_id, product_id) VALUES (162, 33, 51);
INSERT INTO wishlist_items (id, wishlist_id, product_id) VALUES (163, 33, 85);
INSERT INTO wishlist_items (id, wishlist_id, product_id) VALUES (164, 33, 12);
INSERT INTO wishlist_items (id, wishlist_id, product_id) VALUES (165, 33, 14);
INSERT INTO wishlists (id, user_id, name) VALUES (34, 14, 'Arm');
INSERT INTO wishlist_items (id, wishlist_id, product_id) VALUES (166, 34, 47);
INSERT INTO wishlist_items (id, wishlist_id, product_id) VALUES (167, 34, 24);
INSERT INTO wishlist_items (id, wishlist_id, product_id) VALUES (168, 34, 87);
INSERT INTO wishlist_items (id, wishlist_id, product_id) VALUES (169, 34, 74);
INSERT INTO wishlist_items (id, wishlist_id, product_id) VALUES (170, 34, 46);
INSERT INTO wishlists (id, user_id, name) VALUES (35, 15, 'Activity');
INSERT INTO wishlist_items (id, wishlist_id, product_id) VALUES (171, 35, 94);
INSERT INTO wishlist_items (id, wishlist_id, product_id) VALUES (172, 35, 86);
INSERT INTO wishlist_items (id, wishlist_id, product_id) VALUES (173, 35, 61);
INSERT INTO wishlist_items (id, wishlist_id, product_id) VALUES (174, 35, 100);
INSERT INTO wishlist_items (id, wishlist_id, product_id) VALUES (175, 35, 86);
INSERT INTO wishlists (id, user_id, name) VALUES (36, 15, 'Window');
INSERT INTO wishlist_items (id, wishlist_id, product_id) VALUES (176, 36, 28);
INSERT INTO wishlist_items (id, wishlist_id, product_id) VALUES (177, 36, 62);
INSERT INTO wishlist_items (id, wishlist_id, product_id) VALUES (178, 36, 50);
INSERT INTO wishlist_items (id, wishlist_id, product_id) VALUES (179, 36, 78);
INSERT INTO wishlist_items (id, wishlist_id, product_id) VALUES (180, 36, 49);
INSERT INTO wishlists (id, user_id, name) VALUES (37, 16, 'Return');
INSERT INTO wishlist_items (id, wishlist_id, product_id) VALUES (181, 37, 83);
INSERT INTO wishlist_items (id, wishlist_id, product_id) VALUES (182, 37, 12);
INSERT INTO wishlist_items (id, wishlist_id, product_id) VALUES (183, 37, 10);
INSERT INTO wishlist_items (id, wishlist_id, product_id) VALUES (184, 37, 27);
INSERT INTO wishlist_items (id, wishlist_id, product_id) VALUES (185, 37, 70);
INSERT INTO wishlists (id, user_id, name) VALUES (38, 16, 'Officer');
INSERT INTO wishlist_items (id, wishlist_id, product_id) VALUES (186, 38, 76);
INSERT INTO wishlist_items (id, wishlist_id, product_id) VALUES (187, 38, 91);
INSERT INTO wishlist_items (id, wishlist_id, product_id) VALUES (188, 38, 32);
INSERT INTO wishlist_items (id, wishlist_id, product_id) VALUES (189, 38, 95);
INSERT INTO wishlist_items (id, wishlist_id, product_id) VALUES (190, 38, 61);
INSERT INTO wishlists (id, user_id, name) VALUES (39, 17, 'Daughter');
INSERT INTO wishlist_items (id, wishlist_id, product_id) VALUES (191, 39, 79);
INSERT INTO wishlist_items (id, wishlist_id, product_id) VALUES (192, 39, 86);
INSERT INTO wishlist_items (id, wishlist_id, product_id) VALUES (193, 39, 94);
INSERT INTO wishlist_items (id, wishlist_id, product_id) VALUES (194, 39, 73);
INSERT INTO wishlist_items (id, wishlist_id, product_id) VALUES (195, 39, 44);
INSERT INTO wishlists (id, user_id, name) VALUES (40, 17, 'Consumer');
INSERT INTO wishlist_items (id, wishlist_id, product_id) VALUES (196, 40, 46);
INSERT INTO wishlist_items (id, wishlist_id, product_id) VALUES (197, 40, 19);
INSERT INTO wishlist_items (id, wishlist_id, product_id) VALUES (198, 40, 99);
INSERT INTO wishlist_items (id, wishlist_id, product_id) VALUES (199, 40, 29);
INSERT INTO wishlist_items (id, wishlist_id, product_id) VALUES (200, 40, 94);
INSERT INTO wishlists (id, user_id, name) VALUES (41, 17, 'Guess');
INSERT INTO wishlist_items (id, wishlist_id, product_id) VALUES (201, 41, 48);
INSERT INTO wishlist_items (id, wishlist_id, product_id) VALUES (202, 41, 82);
INSERT INTO wishlist_items (id, wishlist_id, product_id) VALUES (203, 41, 3);
INSERT INTO wishlist_items (id, wishlist_id, product_id) VALUES (204, 41, 5);
INSERT INTO wishlist_items (id, wishlist_id, product_id) VALUES (205, 41, 7);
INSERT INTO wishlists (id, user_id, name) VALUES (42, 18, 'Red');
INSERT INTO wishlist_items (id, wishlist_id, product_id) VALUES (206, 42, 97);
INSERT INTO wishlist_items (id, wishlist_id, product_id) VALUES (207, 42, 67);
INSERT INTO wishlist_items (id, wishlist_id, product_id) VALUES (208, 42, 100);
INSERT INTO wishlist_items (id, wishlist_id, product_id) VALUES (209, 42, 13);
INSERT INTO wishlist_items (id, wishlist_id, product_id) VALUES (210, 42, 1);
INSERT INTO wishlists (id, user_id, name) VALUES (43, 18, 'Wife');
INSERT INTO wishlist_items (id, wishlist_id, product_id) VALUES (211, 43, 10);
INSERT INTO wishlist_items (id, wishlist_id, product_id) VALUES (212, 43, 79);
INSERT INTO wishlist_items (id, wishlist_id, product_id) VALUES (213, 43, 33);
INSERT INTO wishlist_items (id, wishlist_id, product_id) VALUES (214, 43, 86);
INSERT INTO wishlist_items (id, wishlist_id, product_id) VALUES (215, 43, 67);
INSERT INTO wishlists (id, user_id, name) VALUES (44, 19, 'Opportunity');
INSERT INTO wishlist_items (id, wishlist_id, product_id) VALUES (216, 44, 13);
INSERT INTO wishlist_items (id, wishlist_id, product_id) VALUES (217, 44, 16);
INSERT INTO wishlist_items (id, wishlist_id, product_id) VALUES (218, 44, 100);
INSERT INTO wishlist_items (id, wishlist_id, product_id) VALUES (219, 44, 53);
INSERT INTO wishlist_items (id, wishlist_id, product_id) VALUES (220, 44, 11);
INSERT INTO wishlists (id, user_id, name) VALUES (45, 20, 'Expert');
INSERT INTO wishlist_items (id, wishlist_id, product_id) VALUES (221, 45, 22);
INSERT INTO wishlist_items (id, wishlist_id, product_id) VALUES (222, 45, 19);
INSERT INTO wishlist_items (id, wishlist_id, product_id) VALUES (223, 45, 50);
INSERT INTO wishlist_items (id, wishlist_id, product_id) VALUES (224, 45, 23);
INSERT INTO wishlist_items (id, wishlist_id, product_id) VALUES (225, 45, 74);
INSERT INTO wishlists (id, user_id, name) VALUES (46, 20, 'Several');
INSERT INTO wishlist_items (id, wishlist_id, product_id) VALUES (226, 46, 17);
INSERT INTO wishlist_items (id, wishlist_id, product_id) VALUES (227, 46, 50);
INSERT INTO wishlist_items (id, wishlist_id, product_id) VALUES (228, 46, 96);
INSERT INTO wishlist_items (id, wishlist_id, product_id) VALUES (229, 46, 55);
INSERT INTO wishlist_items (id, wishlist_id, product_id) VALUES (230, 46, 38);
INSERT INTO wishlists (id, user_id, name) VALUES (47, 21, 'Hour');
INSERT INTO wishlist_items (id, wishlist_id, product_id) VALUES (231, 47, 49);
INSERT INTO wishlist_items (id, wishlist_id, product_id) VALUES (232, 47, 96);
INSERT INTO wishlist_items (id, wishlist_id, product_id) VALUES (233, 47, 23);
INSERT INTO wishlist_items (id, wishlist_id, product_id) VALUES (234, 47, 43);
INSERT INTO wishlist_items (id, wishlist_id, product_id) VALUES (235, 47, 50);
INSERT INTO wishlists (id, user_id, name) VALUES (48, 21, 'Heart');
INSERT INTO wishlist_items (id, wishlist_id, product_id) VALUES (236, 48, 48);
INSERT INTO wishlist_items (id, wishlist_id, product_id) VALUES (237, 48, 70);
INSERT INTO wishlist_items (id, wishlist_id, product_id) VALUES (238, 48, 35);
INSERT INTO wishlist_items (id, wishlist_id, product_id) VALUES (239, 48, 23);
INSERT INTO wishlist_items (id, wishlist_id, product_id) VALUES (240, 48, 70);
INSERT INTO wishlists (id, user_id, name) VALUES (49, 21, 'Particular');
INSERT INTO wishlist_items (id, wishlist_id, product_id) VALUES (241, 49, 42);
INSERT INTO wishlist_items (id, wishlist_id, product_id) VALUES (242, 49, 75);
INSERT INTO wishlist_items (id, wishlist_id, product_id) VALUES (243, 49, 25);
INSERT INTO wishlist_items (id, wishlist_id, product_id) VALUES (244, 49, 66);
INSERT INTO wishlist_items (id, wishlist_id, product_id) VALUES (245, 49, 85);
INSERT INTO wishlists (id, user_id, name) VALUES (50, 22, 'Group');
INSERT INTO wishlist_items (id, wishlist_id, product_id) VALUES (246, 50, 86);
INSERT INTO wishlist_items (id, wishlist_id, product_id) VALUES (247, 50, 61);
INSERT INTO wishlist_items (id, wishlist_id, product_id) VALUES (248, 50, 45);
INSERT INTO wishlist_items (id, wishlist_id, product_id) VALUES (249, 50, 69);
INSERT INTO wishlist_items (id, wishlist_id, product_id) VALUES (250, 50, 98);
INSERT INTO wishlists (id, user_id, name) VALUES (51, 22, 'Know');
INSERT INTO wishlist_items (id, wishlist_id, product_id) VALUES (251, 51, 81);
INSERT INTO wishlist_items (id, wishlist_id, product_id) VALUES (252, 51, 71);
INSERT INTO wishlist_items (id, wishlist_id, product_id) VALUES (253, 51, 29);
INSERT INTO wishlist_items (id, wishlist_id, product_id) VALUES (254, 51, 19);
INSERT INTO wishlist_items (id, wishlist_id, product_id) VALUES (255, 51, 84);
INSERT INTO wishlists (id, user_id, name) VALUES (52, 22, 'Probably');
INSERT INTO wishlist_items (id, wishlist_id, product_id) VALUES (256, 52, 81);
INSERT INTO wishlist_items (id, wishlist_id, product_id) VALUES (257, 52, 76);
INSERT INTO wishlist_items (id, wishlist_id, product_id) VALUES (258, 52, 3);
INSERT INTO wishlist_items (id, wishlist_id, product_id) VALUES (259, 52, 55);
INSERT INTO wishlist_items (id, wishlist_id, product_id) VALUES (260, 52, 77);
INSERT INTO wishlists (id, user_id, name) VALUES (53, 23, 'Man');
INSERT INTO wishlist_items (id, wishlist_id, product_id) VALUES (261, 53, 30);
INSERT INTO wishlist_items (id, wishlist_id, product_id) VALUES (262, 53, 88);
INSERT INTO wishlist_items (id, wishlist_id, product_id) VALUES (263, 53, 5);
INSERT INTO wishlist_items (id, wishlist_id, product_id) VALUES (264, 53, 9);
INSERT INTO wishlist_items (id, wishlist_id, product_id) VALUES (265, 53, 26);
INSERT INTO wishlists (id, user_id, name) VALUES (54, 23, 'Example');
INSERT INTO wishlist_items (id, wishlist_id, product_id) VALUES (266, 54, 45);
INSERT INTO wishlist_items (id, wishlist_id, product_id) VALUES (267, 54, 54);
INSERT INTO wishlist_items (id, wishlist_id, product_id) VALUES (268, 54, 60);
INSERT INTO wishlist_items (id, wishlist_id, product_id) VALUES (269, 54, 62);
INSERT INTO wishlist_items (id, wishlist_id, product_id) VALUES (270, 54, 42);
INSERT INTO wishlists (id, user_id, name) VALUES (55, 23, 'National');
INSERT INTO wishlist_items (id, wishlist_id, product_id) VALUES (271, 55, 18);
INSERT INTO wishlist_items (id, wishlist_id, product_id) VALUES (272, 55, 77);
INSERT INTO wishlist_items (id, wishlist_id, product_id) VALUES (273, 55, 76);
INSERT INTO wishlist_items (id, wishlist_id, product_id) VALUES (274, 55, 25);
INSERT INTO wishlist_items (id, wishlist_id, product_id) VALUES (275, 55, 91);
INSERT INTO wishlists (id, user_id, name) VALUES (56, 24, 'Authority');
INSERT INTO wishlist_items (id, wishlist_id, product_id) VALUES (276, 56, 90);
INSERT INTO wishlist_items (id, wishlist_id, product_id) VALUES (277, 56, 28);
INSERT INTO wishlist_items (id, wishlist_id, product_id) VALUES (278, 56, 9);
INSERT INTO wishlist_items (id, wishlist_id, product_id) VALUES (279, 56, 27);
INSERT INTO wishlist_items (id, wishlist_id, product_id) VALUES (280, 56, 74);
INSERT INTO wishlists (id, user_id, name) VALUES (57, 24, 'Affect');
INSERT INTO wishlist_items (id, wishlist_id, product_id) VALUES (281, 57, 20);
INSERT INTO wishlist_items (id, wishlist_id, product_id) VALUES (282, 57, 62);
INSERT INTO wishlist_items (id, wishlist_id, product_id) VALUES (283, 57, 5);
INSERT INTO wishlist_items (id, wishlist_id, product_id) VALUES (284, 57, 84);
INSERT INTO wishlist_items (id, wishlist_id, product_id) VALUES (285, 57, 37);
INSERT INTO wishlists (id, user_id, name) VALUES (58, 24, 'Station');
INSERT INTO wishlist_items (id, wishlist_id, product_id) VALUES (286, 58, 69);
INSERT INTO wishlist_items (id, wishlist_id, product_id) VALUES (287, 58, 85);
INSERT INTO wishlist_items (id, wishlist_id, product_id) VALUES (288, 58, 92);
INSERT INTO wishlist_items (id, wishlist_id, product_id) VALUES (289, 58, 47);
INSERT INTO wishlist_items (id, wishlist_id, product_id) VALUES (290, 58, 59);
INSERT INTO wishlists (id, user_id, name) VALUES (59, 25, 'Land');
INSERT INTO wishlist_items (id, wishlist_id, product_id) VALUES (291, 59, 99);
INSERT INTO wishlist_items (id, wishlist_id, product_id) VALUES (292, 59, 39);
INSERT INTO wishlist_items (id, wishlist_id, product_id) VALUES (293, 59, 29);
INSERT INTO wishlist_items (id, wishlist_id, product_id) VALUES (294, 59, 44);
INSERT INTO wishlist_items (id, wishlist_id, product_id) VALUES (295, 59, 13);
INSERT INTO wishlists (id, user_id, name) VALUES (60, 25, 'Fine');
INSERT INTO wishlist_items (id, wishlist_id, product_id) VALUES (296, 60, 11);
INSERT INTO wishlist_items (id, wishlist_id, product_id) VALUES (297, 60, 63);
INSERT INTO wishlist_items (id, wishlist_id, product_id) VALUES (298, 60, 75);
INSERT INTO wishlist_items (id, wishlist_id, product_id) VALUES (299, 60, 28);
INSERT INTO wishlist_items (id, wishlist_id, product_id) VALUES (300, 60, 12);
INSERT INTO wishlists (id, user_id, name) VALUES (61, 26, 'Appear');
INSERT INTO wishlist_items (id, wishlist_id, product_id) VALUES (301, 61, 30);
INSERT INTO wishlist_items (id, wishlist_id, product_id) VALUES (302, 61, 76);
INSERT INTO wishlist_items (id, wishlist_id, product_id) VALUES (303, 61, 16);
INSERT INTO wishlist_items (id, wishlist_id, product_id) VALUES (304, 61, 47);
INSERT INTO wishlist_items (id, wishlist_id, product_id) VALUES (305, 61, 58);
INSERT INTO wishlists (id, user_id, name) VALUES (62, 26, 'Deep');
INSERT INTO wishlist_items (id, wishlist_id, product_id) VALUES (306, 62, 8);
INSERT INTO wishlist_items (id, wishlist_id, product_id) VALUES (307, 62, 80);
INSERT INTO wishlist_items (id, wishlist_id, product_id) VALUES (308, 62, 32);
INSERT INTO wishlist_items (id, wishlist_id, product_id) VALUES (309, 62, 2);
INSERT INTO wishlist_items (id, wishlist_id, product_id) VALUES (310, 62, 97);
INSERT INTO wishlists (id, user_id, name) VALUES (63, 27, 'Relate');
INSERT INTO wishlist_items (id, wishlist_id, product_id) VALUES (311, 63, 30);
INSERT INTO wishlist_items (id, wishlist_id, product_id) VALUES (312, 63, 80);
INSERT INTO wishlist_items (id, wishlist_id, product_id) VALUES (313, 63, 66);
INSERT INTO wishlist_items (id, wishlist_id, product_id) VALUES (314, 63, 95);
INSERT INTO wishlist_items (id, wishlist_id, product_id) VALUES (315, 63, 6);
INSERT INTO wishlists (id, user_id, name) VALUES (64, 27, 'Suddenly');
INSERT INTO wishlist_items (id, wishlist_id, product_id) VALUES (316, 64, 2);
INSERT INTO wishlist_items (id, wishlist_id, product_id) VALUES (317, 64, 88);
INSERT INTO wishlist_items (id, wishlist_id, product_id) VALUES (318, 64, 38);
INSERT INTO wishlist_items (id, wishlist_id, product_id) VALUES (319, 64, 77);
INSERT INTO wishlist_items (id, wishlist_id, product_id) VALUES (320, 64, 41);
INSERT INTO wishlists (id, user_id, name) VALUES (65, 28, 'Environment');
INSERT INTO wishlist_items (id, wishlist_id, product_id) VALUES (321, 65, 34);
INSERT INTO wishlist_items (id, wishlist_id, product_id) VALUES (322, 65, 55);
INSERT INTO wishlist_items (id, wishlist_id, product_id) VALUES (323, 65, 5);
INSERT INTO wishlist_items (id, wishlist_id, product_id) VALUES (324, 65, 30);
INSERT INTO wishlist_items (id, wishlist_id, product_id) VALUES (325, 65, 87);
INSERT INTO wishlists (id, user_id, name) VALUES (66, 28, 'Know');
INSERT INTO wishlist_items (id, wishlist_id, product_id) VALUES (326, 66, 56);
INSERT INTO wishlist_items (id, wishlist_id, product_id) VALUES (327, 66, 99);
INSERT INTO wishlist_items (id, wishlist_id, product_id) VALUES (328, 66, 68);
INSERT INTO wishlist_items (id, wishlist_id, product_id) VALUES (329, 66, 51);
INSERT INTO wishlist_items (id, wishlist_id, product_id) VALUES (330, 66, 17);
INSERT INTO wishlists (id, user_id, name) VALUES (67, 28, 'Collection');
INSERT INTO wishlist_items (id, wishlist_id, product_id) VALUES (331, 67, 5);
INSERT INTO wishlist_items (id, wishlist_id, product_id) VALUES (332, 67, 41);
INSERT INTO wishlist_items (id, wishlist_id, product_id) VALUES (333, 67, 90);
INSERT INTO wishlist_items (id, wishlist_id, product_id) VALUES (334, 67, 1);
INSERT INTO wishlist_items (id, wishlist_id, product_id) VALUES (335, 67, 32);
INSERT INTO wishlists (id, user_id, name) VALUES (68, 29, 'Group');
INSERT INTO wishlist_items (id, wishlist_id, product_id) VALUES (336, 68, 83);
INSERT INTO wishlist_items (id, wishlist_id, product_id) VALUES (337, 68, 52);
INSERT INTO wishlist_items (id, wishlist_id, product_id) VALUES (338, 68, 62);
INSERT INTO wishlist_items (id, wishlist_id, product_id) VALUES (339, 68, 25);
INSERT INTO wishlist_items (id, wishlist_id, product_id) VALUES (340, 68, 81);
INSERT INTO wishlists (id, user_id, name) VALUES (69, 30, 'Guess');
INSERT INTO wishlist_items (id, wishlist_id, product_id) VALUES (341, 69, 42);
INSERT INTO wishlist_items (id, wishlist_id, product_id) VALUES (342, 69, 64);
INSERT INTO wishlist_items (id, wishlist_id, product_id) VALUES (343, 69, 30);
INSERT INTO wishlist_items (id, wishlist_id, product_id) VALUES (344, 69, 86);
INSERT INTO wishlist_items (id, wishlist_id, product_id) VALUES (345, 69, 100);
INSERT INTO wishlists (id, user_id, name) VALUES (70, 31, 'Huge');
INSERT INTO wishlist_items (id, wishlist_id, product_id) VALUES (346, 70, 10);
INSERT INTO wishlist_items (id, wishlist_id, product_id) VALUES (347, 70, 25);
INSERT INTO wishlist_items (id, wishlist_id, product_id) VALUES (348, 70, 20);
INSERT INTO wishlist_items (id, wishlist_id, product_id) VALUES (349, 70, 41);
INSERT INTO wishlist_items (id, wishlist_id, product_id) VALUES (350, 70, 85);
INSERT INTO wishlists (id, user_id, name) VALUES (71, 32, 'Cause');
INSERT INTO wishlist_items (id, wishlist_id, product_id) VALUES (351, 71, 25);
INSERT INTO wishlist_items (id, wishlist_id, product_id) VALUES (352, 71, 98);
INSERT INTO wishlist_items (id, wishlist_id, product_id) VALUES (353, 71, 42);
INSERT INTO wishlist_items (id, wishlist_id, product_id) VALUES (354, 71, 38);
INSERT INTO wishlist_items (id, wishlist_id, product_id) VALUES (355, 71, 64);
INSERT INTO wishlists (id, user_id, name) VALUES (72, 33, 'Stand');
INSERT INTO wishlist_items (id, wishlist_id, product_id) VALUES (356, 72, 60);
INSERT INTO wishlist_items (id, wishlist_id, product_id) VALUES (357, 72, 85);
INSERT INTO wishlist_items (id, wishlist_id, product_id) VALUES (358, 72, 4);
INSERT INTO wishlist_items (id, wishlist_id, product_id) VALUES (359, 72, 57);
INSERT INTO wishlist_items (id, wishlist_id, product_id) VALUES (360, 72, 1);
INSERT INTO wishlists (id, user_id, name) VALUES (73, 33, 'Chair');
INSERT INTO wishlist_items (id, wishlist_id, product_id) VALUES (361, 73, 33);
INSERT INTO wishlist_items (id, wishlist_id, product_id) VALUES (362, 73, 74);
INSERT INTO wishlist_items (id, wishlist_id, product_id) VALUES (363, 73, 89);
INSERT INTO wishlist_items (id, wishlist_id, product_id) VALUES (364, 73, 83);
INSERT INTO wishlist_items (id, wishlist_id, product_id) VALUES (365, 73, 89);
INSERT INTO wishlists (id, user_id, name) VALUES (74, 34, 'Conference');
INSERT INTO wishlist_items (id, wishlist_id, product_id) VALUES (366, 74, 39);
INSERT INTO wishlist_items (id, wishlist_id, product_id) VALUES (367, 74, 13);
INSERT INTO wishlist_items (id, wishlist_id, product_id) VALUES (368, 74, 63);
INSERT INTO wishlist_items (id, wishlist_id, product_id) VALUES (369, 74, 20);
INSERT INTO wishlist_items (id, wishlist_id, product_id) VALUES (370, 74, 34);
INSERT INTO wishlists (id, user_id, name) VALUES (75, 35, 'Practice');
INSERT INTO wishlist_items (id, wishlist_id, product_id) VALUES (371, 75, 53);
INSERT INTO wishlist_items (id, wishlist_id, product_id) VALUES (372, 75, 68);
INSERT INTO wishlist_items (id, wishlist_id, product_id) VALUES (373, 75, 98);
INSERT INTO wishlist_items (id, wishlist_id, product_id) VALUES (374, 75, 84);
INSERT INTO wishlist_items (id, wishlist_id, product_id) VALUES (375, 75, 17);
INSERT INTO wishlists (id, user_id, name) VALUES (76, 35, 'Grow');
INSERT INTO wishlist_items (id, wishlist_id, product_id) VALUES (376, 76, 96);
INSERT INTO wishlist_items (id, wishlist_id, product_id) VALUES (377, 76, 68);
INSERT INTO wishlist_items (id, wishlist_id, product_id) VALUES (378, 76, 92);
INSERT INTO wishlist_items (id, wishlist_id, product_id) VALUES (379, 76, 55);
INSERT INTO wishlist_items (id, wishlist_id, product_id) VALUES (380, 76, 57);
INSERT INTO wishlists (id, user_id, name) VALUES (77, 36, 'For');
INSERT INTO wishlist_items (id, wishlist_id, product_id) VALUES (381, 77, 69);
INSERT INTO wishlist_items (id, wishlist_id, product_id) VALUES (382, 77, 13);
INSERT INTO wishlist_items (id, wishlist_id, product_id) VALUES (383, 77, 6);
INSERT INTO wishlist_items (id, wishlist_id, product_id) VALUES (384, 77, 40);
INSERT INTO wishlist_items (id, wishlist_id, product_id) VALUES (385, 77, 63);
INSERT INTO wishlists (id, user_id, name) VALUES (78, 37, 'Customer');
INSERT INTO wishlist_items (id, wishlist_id, product_id) VALUES (386, 78, 56);
INSERT INTO wishlist_items (id, wishlist_id, product_id) VALUES (387, 78, 88);
INSERT INTO wishlist_items (id, wishlist_id, product_id) VALUES (388, 78, 97);
INSERT INTO wishlist_items (id, wishlist_id, product_id) VALUES (389, 78, 7);
INSERT INTO wishlist_items (id, wishlist_id, product_id) VALUES (390, 78, 21);
INSERT INTO wishlists (id, user_id, name) VALUES (79, 37, 'Thing');
INSERT INTO wishlist_items (id, wishlist_id, product_id) VALUES (391, 79, 87);
INSERT INTO wishlist_items (id, wishlist_id, product_id) VALUES (392, 79, 36);
INSERT INTO wishlist_items (id, wishlist_id, product_id) VALUES (393, 79, 40);
INSERT INTO wishlist_items (id, wishlist_id, product_id) VALUES (394, 79, 40);
INSERT INTO wishlist_items (id, wishlist_id, product_id) VALUES (395, 79, 53);
INSERT INTO wishlists (id, user_id, name) VALUES (80, 37, 'Job');
INSERT INTO wishlist_items (id, wishlist_id, product_id) VALUES (396, 80, 26);
INSERT INTO wishlist_items (id, wishlist_id, product_id) VALUES (397, 80, 42);
INSERT INTO wishlist_items (id, wishlist_id, product_id) VALUES (398, 80, 67);
INSERT INTO wishlist_items (id, wishlist_id, product_id) VALUES (399, 80, 40);
INSERT INTO wishlist_items (id, wishlist_id, product_id) VALUES (400, 80, 9);
INSERT INTO wishlists (id, user_id, name) VALUES (81, 38, 'Listen');
INSERT INTO wishlist_items (id, wishlist_id, product_id) VALUES (401, 81, 14);
INSERT INTO wishlist_items (id, wishlist_id, product_id) VALUES (402, 81, 62);
INSERT INTO wishlist_items (id, wishlist_id, product_id) VALUES (403, 81, 5);
INSERT INTO wishlist_items (id, wishlist_id, product_id) VALUES (404, 81, 74);
INSERT INTO wishlist_items (id, wishlist_id, product_id) VALUES (405, 81, 38);
INSERT INTO wishlists (id, user_id, name) VALUES (82, 39, 'News');
INSERT INTO wishlist_items (id, wishlist_id, product_id) VALUES (406, 82, 54);
INSERT INTO wishlist_items (id, wishlist_id, product_id) VALUES (407, 82, 29);
INSERT INTO wishlist_items (id, wishlist_id, product_id) VALUES (408, 82, 65);
INSERT INTO wishlist_items (id, wishlist_id, product_id) VALUES (409, 82, 40);
INSERT INTO wishlist_items (id, wishlist_id, product_id) VALUES (410, 82, 61);
INSERT INTO wishlists (id, user_id, name) VALUES (83, 39, 'Environmental');
INSERT INTO wishlist_items (id, wishlist_id, product_id) VALUES (411, 83, 97);
INSERT INTO wishlist_items (id, wishlist_id, product_id) VALUES (412, 83, 58);
INSERT INTO wishlist_items (id, wishlist_id, product_id) VALUES (413, 83, 42);
INSERT INTO wishlist_items (id, wishlist_id, product_id) VALUES (414, 83, 63);
INSERT INTO wishlist_items (id, wishlist_id, product_id) VALUES (415, 83, 39);
INSERT INTO wishlists (id, user_id, name) VALUES (84, 40, 'Technology');
INSERT INTO wishlist_items (id, wishlist_id, product_id) VALUES (416, 84, 45);
INSERT INTO wishlist_items (id, wishlist_id, product_id) VALUES (417, 84, 4);
INSERT INTO wishlist_items (id, wishlist_id, product_id) VALUES (418, 84, 99);
INSERT INTO wishlist_items (id, wishlist_id, product_id) VALUES (419, 84, 27);
INSERT INTO wishlist_items (id, wishlist_id, product_id) VALUES (420, 84, 80);
INSERT INTO wishlists (id, user_id, name) VALUES (85, 40, 'Travel');
INSERT INTO wishlist_items (id, wishlist_id, product_id) VALUES (421, 85, 90);
INSERT INTO wishlist_items (id, wishlist_id, product_id) VALUES (422, 85, 11);
INSERT INTO wishlist_items (id, wishlist_id, product_id) VALUES (423, 85, 99);
INSERT INTO wishlist_items (id, wishlist_id, product_id) VALUES (424, 85, 28);
INSERT INTO wishlist_items (id, wishlist_id, product_id) VALUES (425, 85, 88);
INSERT INTO wishlists (id, user_id, name) VALUES (86, 40, 'Only');
INSERT INTO wishlist_items (id, wishlist_id, product_id) VALUES (426, 86, 81);
INSERT INTO wishlist_items (id, wishlist_id, product_id) VALUES (427, 86, 75);
INSERT INTO wishlist_items (id, wishlist_id, product_id) VALUES (428, 86, 37);
INSERT INTO wishlist_items (id, wishlist_id, product_id) VALUES (429, 86, 31);
INSERT INTO wishlist_items (id, wishlist_id, product_id) VALUES (430, 86, 72);
INSERT INTO wishlists (id, user_id, name) VALUES (87, 41, 'Of');
INSERT INTO wishlist_items (id, wishlist_id, product_id) VALUES (431, 87, 41);
INSERT INTO wishlist_items (id, wishlist_id, product_id) VALUES (432, 87, 89);
INSERT INTO wishlist_items (id, wishlist_id, product_id) VALUES (433, 87, 24);
INSERT INTO wishlist_items (id, wishlist_id, product_id) VALUES (434, 87, 31);
INSERT INTO wishlist_items (id, wishlist_id, product_id) VALUES (435, 87, 84);
INSERT INTO wishlists (id, user_id, name) VALUES (88, 41, 'Thousand');
INSERT INTO wishlist_items (id, wishlist_id, product_id) VALUES (436, 88, 5);
INSERT INTO wishlist_items (id, wishlist_id, product_id) VALUES (437, 88, 56);
INSERT INTO wishlist_items (id, wishlist_id, product_id) VALUES (438, 88, 38);
INSERT INTO wishlist_items (id, wishlist_id, product_id) VALUES (439, 88, 58);
INSERT INTO wishlist_items (id, wishlist_id, product_id) VALUES (440, 88, 64);
INSERT INTO wishlists (id, user_id, name) VALUES (89, 41, 'Professional');
INSERT INTO wishlist_items (id, wishlist_id, product_id) VALUES (441, 89, 33);
INSERT INTO wishlist_items (id, wishlist_id, product_id) VALUES (442, 89, 62);
INSERT INTO wishlist_items (id, wishlist_id, product_id) VALUES (443, 89, 60);
INSERT INTO wishlist_items (id, wishlist_id, product_id) VALUES (444, 89, 49);
INSERT INTO wishlist_items (id, wishlist_id, product_id) VALUES (445, 89, 90);
INSERT INTO wishlists (id, user_id, name) VALUES (90, 42, 'Name');
INSERT INTO wishlist_items (id, wishlist_id, product_id) VALUES (446, 90, 60);
INSERT INTO wishlist_items (id, wishlist_id, product_id) VALUES (447, 90, 34);
INSERT INTO wishlist_items (id, wishlist_id, product_id) VALUES (448, 90, 26);
INSERT INTO wishlist_items (id, wishlist_id, product_id) VALUES (449, 90, 84);
INSERT INTO wishlist_items (id, wishlist_id, product_id) VALUES (450, 90, 98);
INSERT INTO wishlists (id, user_id, name) VALUES (91, 42, 'Whole');
INSERT INTO wishlist_items (id, wishlist_id, product_id) VALUES (451, 91, 34);
INSERT INTO wishlist_items (id, wishlist_id, product_id) VALUES (452, 91, 75);
INSERT INTO wishlist_items (id, wishlist_id, product_id) VALUES (453, 91, 30);
INSERT INTO wishlist_items (id, wishlist_id, product_id) VALUES (454, 91, 100);
INSERT INTO wishlist_items (id, wishlist_id, product_id) VALUES (455, 91, 42);
INSERT INTO wishlists (id, user_id, name) VALUES (92, 42, 'Heavy');
INSERT INTO wishlist_items (id, wishlist_id, product_id) VALUES (456, 92, 1);
INSERT INTO wishlist_items (id, wishlist_id, product_id) VALUES (457, 92, 72);
INSERT INTO wishlist_items (id, wishlist_id, product_id) VALUES (458, 92, 38);
INSERT INTO wishlist_items (id, wishlist_id, product_id) VALUES (459, 92, 89);
INSERT INTO wishlist_items (id, wishlist_id, product_id) VALUES (460, 92, 37);
INSERT INTO wishlists (id, user_id, name) VALUES (93, 43, 'Environmental');
INSERT INTO wishlist_items (id, wishlist_id, product_id) VALUES (461, 93, 23);
INSERT INTO wishlist_items (id, wishlist_id, product_id) VALUES (462, 93, 7);
INSERT INTO wishlist_items (id, wishlist_id, product_id) VALUES (463, 93, 79);
INSERT INTO wishlist_items (id, wishlist_id, product_id) VALUES (464, 93, 80);
INSERT INTO wishlist_items (id, wishlist_id, product_id) VALUES (465, 93, 29);
INSERT INTO wishlists (id, user_id, name) VALUES (94, 43, 'Treat');
INSERT INTO wishlist_items (id, wishlist_id, product_id) VALUES (466, 94, 86);
INSERT INTO wishlist_items (id, wishlist_id, product_id) VALUES (467, 94, 80);
INSERT INTO wishlist_items (id, wishlist_id, product_id) VALUES (468, 94, 92);
INSERT INTO wishlist_items (id, wishlist_id, product_id) VALUES (469, 94, 81);
INSERT INTO wishlist_items (id, wishlist_id, product_id) VALUES (470, 94, 82);
INSERT INTO wishlists (id, user_id, name) VALUES (95, 43, 'Hit');
INSERT INTO wishlist_items (id, wishlist_id, product_id) VALUES (471, 95, 62);
INSERT INTO wishlist_items (id, wishlist_id, product_id) VALUES (472, 95, 27);
INSERT INTO wishlist_items (id, wishlist_id, product_id) VALUES (473, 95, 46);
INSERT INTO wishlist_items (id, wishlist_id, product_id) VALUES (474, 95, 23);
INSERT INTO wishlist_items (id, wishlist_id, product_id) VALUES (475, 95, 92);
INSERT INTO wishlists (id, user_id, name) VALUES (96, 44, 'Society');
INSERT INTO wishlist_items (id, wishlist_id, product_id) VALUES (476, 96, 62);
INSERT INTO wishlist_items (id, wishlist_id, product_id) VALUES (477, 96, 37);
INSERT INTO wishlist_items (id, wishlist_id, product_id) VALUES (478, 96, 27);
INSERT INTO wishlist_items (id, wishlist_id, product_id) VALUES (479, 96, 24);
INSERT INTO wishlist_items (id, wishlist_id, product_id) VALUES (480, 96, 33);
INSERT INTO wishlists (id, user_id, name) VALUES (97, 45, 'Use');
INSERT INTO wishlist_items (id, wishlist_id, product_id) VALUES (481, 97, 42);
INSERT INTO wishlist_items (id, wishlist_id, product_id) VALUES (482, 97, 55);
INSERT INTO wishlist_items (id, wishlist_id, product_id) VALUES (483, 97, 63);
INSERT INTO wishlist_items (id, wishlist_id, product_id) VALUES (484, 97, 21);
INSERT INTO wishlist_items (id, wishlist_id, product_id) VALUES (485, 97, 72);
INSERT INTO wishlists (id, user_id, name) VALUES (98, 45, 'Serve');
INSERT INTO wishlist_items (id, wishlist_id, product_id) VALUES (486, 98, 15);
INSERT INTO wishlist_items (id, wishlist_id, product_id) VALUES (487, 98, 84);
INSERT INTO wishlist_items (id, wishlist_id, product_id) VALUES (488, 98, 16);
INSERT INTO wishlist_items (id, wishlist_id, product_id) VALUES (489, 98, 73);
INSERT INTO wishlist_items (id, wishlist_id, product_id) VALUES (490, 98, 98);
INSERT INTO wishlists (id, user_id, name) VALUES (99, 46, 'Nice');
INSERT INTO wishlist_items (id, wishlist_id, product_id) VALUES (491, 99, 49);
INSERT INTO wishlist_items (id, wishlist_id, product_id) VALUES (492, 99, 29);
INSERT INTO wishlist_items (id, wishlist_id, product_id) VALUES (493, 99, 15);
INSERT INTO wishlist_items (id, wishlist_id, product_id) VALUES (494, 99, 66);
INSERT INTO wishlist_items (id, wishlist_id, product_id) VALUES (495, 99, 94);
INSERT INTO wishlists (id, user_id, name) VALUES (100, 46, 'Effort');
INSERT INTO wishlist_items (id, wishlist_id, product_id) VALUES (496, 100, 25);
INSERT INTO wishlist_items (id, wishlist_id, product_id) VALUES (497, 100, 26);
INSERT INTO wishlist_items (id, wishlist_id, product_id) VALUES (498, 100, 88);
INSERT INTO wishlist_items (id, wishlist_id, product_id) VALUES (499, 100, 2);
INSERT INTO wishlist_items (id, wishlist_id, product_id) VALUES (500, 100, 94);
INSERT INTO wishlists (id, user_id, name) VALUES (101, 46, 'Area');
INSERT INTO wishlist_items (id, wishlist_id, product_id) VALUES (501, 101, 30);
INSERT INTO wishlist_items (id, wishlist_id, product_id) VALUES (502, 101, 69);
INSERT INTO wishlist_items (id, wishlist_id, product_id) VALUES (503, 101, 50);
INSERT INTO wishlist_items (id, wishlist_id, product_id) VALUES (504, 101, 36);
INSERT INTO wishlist_items (id, wishlist_id, product_id) VALUES (505, 101, 22);
INSERT INTO wishlists (id, user_id, name) VALUES (102, 47, 'Site');
INSERT INTO wishlist_items (id, wishlist_id, product_id) VALUES (506, 102, 100);
INSERT INTO wishlist_items (id, wishlist_id, product_id) VALUES (507, 102, 43);
INSERT INTO wishlist_items (id, wishlist_id, product_id) VALUES (508, 102, 71);
INSERT INTO wishlist_items (id, wishlist_id, product_id) VALUES (509, 102, 77);
INSERT INTO wishlist_items (id, wishlist_id, product_id) VALUES (510, 102, 51);
INSERT INTO wishlists (id, user_id, name) VALUES (103, 48, 'Star');
INSERT INTO wishlist_items (id, wishlist_id, product_id) VALUES (511, 103, 47);
INSERT INTO wishlist_items (id, wishlist_id, product_id) VALUES (512, 103, 33);
INSERT INTO wishlist_items (id, wishlist_id, product_id) VALUES (513, 103, 61);
INSERT INTO wishlist_items (id, wishlist_id, product_id) VALUES (514, 103, 58);
INSERT INTO wishlist_items (id, wishlist_id, product_id) VALUES (515, 103, 78);
INSERT INTO wishlists (id, user_id, name) VALUES (104, 48, 'House');
INSERT INTO wishlist_items (id, wishlist_id, product_id) VALUES (516, 104, 78);
INSERT INTO wishlist_items (id, wishlist_id, product_id) VALUES (517, 104, 68);
INSERT INTO wishlist_items (id, wishlist_id, product_id) VALUES (518, 104, 69);
INSERT INTO wishlist_items (id, wishlist_id, product_id) VALUES (519, 104, 22);
INSERT INTO wishlist_items (id, wishlist_id, product_id) VALUES (520, 104, 91);
INSERT INTO wishlists (id, user_id, name) VALUES (105, 49, 'Require');
INSERT INTO wishlist_items (id, wishlist_id, product_id) VALUES (521, 105, 52);
INSERT INTO wishlist_items (id, wishlist_id, product_id) VALUES (522, 105, 74);
INSERT INTO wishlist_items (id, wishlist_id, product_id) VALUES (523, 105, 81);
INSERT INTO wishlist_items (id, wishlist_id, product_id) VALUES (524, 105, 6);
INSERT INTO wishlist_items (id, wishlist_id, product_id) VALUES (525, 105, 57);
INSERT INTO wishlists (id, user_id, name) VALUES (106, 49, 'Affect');
INSERT INTO wishlist_items (id, wishlist_id, product_id) VALUES (526, 106, 54);
INSERT INTO wishlist_items (id, wishlist_id, product_id) VALUES (527, 106, 6);
INSERT INTO wishlist_items (id, wishlist_id, product_id) VALUES (528, 106, 88);
INSERT INTO wishlist_items (id, wishlist_id, product_id) VALUES (529, 106, 74);
INSERT INTO wishlist_items (id, wishlist_id, product_id) VALUES (530, 106, 47);
INSERT INTO wishlists (id, user_id, name) VALUES (107, 49, 'Contain');
INSERT INTO wishlist_items (id, wishlist_id, product_id) VALUES (531, 107, 46);
INSERT INTO wishlist_items (id, wishlist_id, product_id) VALUES (532, 107, 45);
INSERT INTO wishlist_items (id, wishlist_id, product_id) VALUES (533, 107, 25);
INSERT INTO wishlist_items (id, wishlist_id, product_id) VALUES (534, 107, 50);
INSERT INTO wishlist_items (id, wishlist_id, product_id) VALUES (535, 107, 73);
INSERT INTO wishlists (id, user_id, name) VALUES (108, 50, 'Such');
INSERT INTO wishlist_items (id, wishlist_id, product_id) VALUES (536, 108, 92);
INSERT INTO wishlist_items (id, wishlist_id, product_id) VALUES (537, 108, 6);
INSERT INTO wishlist_items (id, wishlist_id, product_id) VALUES (538, 108, 4);
INSERT INTO wishlist_items (id, wishlist_id, product_id) VALUES (539, 108, 27);
INSERT INTO wishlist_items (id, wishlist_id, product_id) VALUES (540, 108, 3);
INSERT INTO wishlists (id, user_id, name) VALUES (109, 51, 'Task');
INSERT INTO wishlist_items (id, wishlist_id, product_id) VALUES (541, 109, 99);
INSERT INTO wishlist_items (id, wishlist_id, product_id) VALUES (542, 109, 13);
INSERT INTO wishlist_items (id, wishlist_id, product_id) VALUES (543, 109, 50);
INSERT INTO wishlist_items (id, wishlist_id, product_id) VALUES (544, 109, 71);
INSERT INTO wishlist_items (id, wishlist_id, product_id) VALUES (545, 109, 88);
INSERT INTO wishlists (id, user_id, name) VALUES (110, 51, 'Loss');
INSERT INTO wishlist_items (id, wishlist_id, product_id) VALUES (546, 110, 27);
INSERT INTO wishlist_items (id, wishlist_id, product_id) VALUES (547, 110, 91);
INSERT INTO wishlist_items (id, wishlist_id, product_id) VALUES (548, 110, 23);
INSERT INTO wishlist_items (id, wishlist_id, product_id) VALUES (549, 110, 57);
INSERT INTO wishlist_items (id, wishlist_id, product_id) VALUES (550, 110, 60);
INSERT INTO wishlists (id, user_id, name) VALUES (111, 51, 'Animal');
INSERT INTO wishlist_items (id, wishlist_id, product_id) VALUES (551, 111, 94);
INSERT INTO wishlist_items (id, wishlist_id, product_id) VALUES (552, 111, 8);
INSERT INTO wishlist_items (id, wishlist_id, product_id) VALUES (553, 111, 11);
INSERT INTO wishlist_items (id, wishlist_id, product_id) VALUES (554, 111, 2);
INSERT INTO wishlist_items (id, wishlist_id, product_id) VALUES (555, 111, 15);
INSERT INTO wishlists (id, user_id, name) VALUES (112, 52, 'Church');
INSERT INTO wishlist_items (id, wishlist_id, product_id) VALUES (556, 112, 82);
INSERT INTO wishlist_items (id, wishlist_id, product_id) VALUES (557, 112, 8);
INSERT INTO wishlist_items (id, wishlist_id, product_id) VALUES (558, 112, 6);
INSERT INTO wishlist_items (id, wishlist_id, product_id) VALUES (559, 112, 69);
INSERT INTO wishlist_items (id, wishlist_id, product_id) VALUES (560, 112, 36);
INSERT INTO wishlists (id, user_id, name) VALUES (113, 52, 'Question');
INSERT INTO wishlist_items (id, wishlist_id, product_id) VALUES (561, 113, 37);
INSERT INTO wishlist_items (id, wishlist_id, product_id) VALUES (562, 113, 59);
INSERT INTO wishlist_items (id, wishlist_id, product_id) VALUES (563, 113, 81);
INSERT INTO wishlist_items (id, wishlist_id, product_id) VALUES (564, 113, 12);
INSERT INTO wishlist_items (id, wishlist_id, product_id) VALUES (565, 113, 75);
INSERT INTO wishlists (id, user_id, name) VALUES (114, 53, 'Allow');
INSERT INTO wishlist_items (id, wishlist_id, product_id) VALUES (566, 114, 98);
INSERT INTO wishlist_items (id, wishlist_id, product_id) VALUES (567, 114, 35);
INSERT INTO wishlist_items (id, wishlist_id, product_id) VALUES (568, 114, 94);
INSERT INTO wishlist_items (id, wishlist_id, product_id) VALUES (569, 114, 98);
INSERT INTO wishlist_items (id, wishlist_id, product_id) VALUES (570, 114, 50);
INSERT INTO wishlists (id, user_id, name) VALUES (115, 54, 'Author');
INSERT INTO wishlist_items (id, wishlist_id, product_id) VALUES (571, 115, 60);
INSERT INTO wishlist_items (id, wishlist_id, product_id) VALUES (572, 115, 6);
INSERT INTO wishlist_items (id, wishlist_id, product_id) VALUES (573, 115, 41);
INSERT INTO wishlist_items (id, wishlist_id, product_id) VALUES (574, 115, 59);
INSERT INTO wishlist_items (id, wishlist_id, product_id) VALUES (575, 115, 82);
INSERT INTO wishlists (id, user_id, name) VALUES (116, 55, 'That');
INSERT INTO wishlist_items (id, wishlist_id, product_id) VALUES (576, 116, 71);
INSERT INTO wishlist_items (id, wishlist_id, product_id) VALUES (577, 116, 94);
INSERT INTO wishlist_items (id, wishlist_id, product_id) VALUES (578, 116, 6);
INSERT INTO wishlist_items (id, wishlist_id, product_id) VALUES (579, 116, 97);
INSERT INTO wishlist_items (id, wishlist_id, product_id) VALUES (580, 116, 59);
INSERT INTO wishlists (id, user_id, name) VALUES (117, 55, 'Car');
INSERT INTO wishlist_items (id, wishlist_id, product_id) VALUES (581, 117, 97);
INSERT INTO wishlist_items (id, wishlist_id, product_id) VALUES (582, 117, 68);
INSERT INTO wishlist_items (id, wishlist_id, product_id) VALUES (583, 117, 78);
INSERT INTO wishlist_items (id, wishlist_id, product_id) VALUES (584, 117, 38);
INSERT INTO wishlist_items (id, wishlist_id, product_id) VALUES (585, 117, 29);
INSERT INTO wishlists (id, user_id, name) VALUES (118, 55, 'Describe');
INSERT INTO wishlist_items (id, wishlist_id, product_id) VALUES (586, 118, 27);
INSERT INTO wishlist_items (id, wishlist_id, product_id) VALUES (587, 118, 73);
INSERT INTO wishlist_items (id, wishlist_id, product_id) VALUES (588, 118, 39);
INSERT INTO wishlist_items (id, wishlist_id, product_id) VALUES (589, 118, 25);
INSERT INTO wishlist_items (id, wishlist_id, product_id) VALUES (590, 118, 89);
INSERT INTO wishlists (id, user_id, name) VALUES (119, 56, 'Dog');
INSERT INTO wishlist_items (id, wishlist_id, product_id) VALUES (591, 119, 76);
INSERT INTO wishlist_items (id, wishlist_id, product_id) VALUES (592, 119, 79);
INSERT INTO wishlist_items (id, wishlist_id, product_id) VALUES (593, 119, 8);
INSERT INTO wishlist_items (id, wishlist_id, product_id) VALUES (594, 119, 10);
INSERT INTO wishlist_items (id, wishlist_id, product_id) VALUES (595, 119, 34);
INSERT INTO wishlists (id, user_id, name) VALUES (120, 56, 'Senior');
INSERT INTO wishlist_items (id, wishlist_id, product_id) VALUES (596, 120, 66);
INSERT INTO wishlist_items (id, wishlist_id, product_id) VALUES (597, 120, 31);
INSERT INTO wishlist_items (id, wishlist_id, product_id) VALUES (598, 120, 2);
INSERT INTO wishlist_items (id, wishlist_id, product_id) VALUES (599, 120, 59);
INSERT INTO wishlist_items (id, wishlist_id, product_id) VALUES (600, 120, 58);
INSERT INTO wishlists (id, user_id, name) VALUES (121, 57, 'Look');
INSERT INTO wishlist_items (id, wishlist_id, product_id) VALUES (601, 121, 15);
INSERT INTO wishlist_items (id, wishlist_id, product_id) VALUES (602, 121, 96);
INSERT INTO wishlist_items (id, wishlist_id, product_id) VALUES (603, 121, 92);
INSERT INTO wishlist_items (id, wishlist_id, product_id) VALUES (604, 121, 96);
INSERT INTO wishlist_items (id, wishlist_id, product_id) VALUES (605, 121, 83);
INSERT INTO wishlists (id, user_id, name) VALUES (122, 57, 'College');
INSERT INTO wishlist_items (id, wishlist_id, product_id) VALUES (606, 122, 62);
INSERT INTO wishlist_items (id, wishlist_id, product_id) VALUES (607, 122, 5);
INSERT INTO wishlist_items (id, wishlist_id, product_id) VALUES (608, 122, 35);
INSERT INTO wishlist_items (id, wishlist_id, product_id) VALUES (609, 122, 80);
INSERT INTO wishlist_items (id, wishlist_id, product_id) VALUES (610, 122, 64);
INSERT INTO wishlists (id, user_id, name) VALUES (123, 58, 'Beyond');
INSERT INTO wishlist_items (id, wishlist_id, product_id) VALUES (611, 123, 43);
INSERT INTO wishlist_items (id, wishlist_id, product_id) VALUES (612, 123, 73);
INSERT INTO wishlist_items (id, wishlist_id, product_id) VALUES (613, 123, 82);
INSERT INTO wishlist_items (id, wishlist_id, product_id) VALUES (614, 123, 100);
INSERT INTO wishlist_items (id, wishlist_id, product_id) VALUES (615, 123, 97);
INSERT INTO wishlists (id, user_id, name) VALUES (124, 59, 'Table');
INSERT INTO wishlist_items (id, wishlist_id, product_id) VALUES (616, 124, 82);
INSERT INTO wishlist_items (id, wishlist_id, product_id) VALUES (617, 124, 67);
INSERT INTO wishlist_items (id, wishlist_id, product_id) VALUES (618, 124, 68);
INSERT INTO wishlist_items (id, wishlist_id, product_id) VALUES (619, 124, 96);
INSERT INTO wishlist_items (id, wishlist_id, product_id) VALUES (620, 124, 27);
INSERT INTO wishlists (id, user_id, name) VALUES (125, 59, 'Will');
INSERT INTO wishlist_items (id, wishlist_id, product_id) VALUES (621, 125, 46);
INSERT INTO wishlist_items (id, wishlist_id, product_id) VALUES (622, 125, 21);
INSERT INTO wishlist_items (id, wishlist_id, product_id) VALUES (623, 125, 53);
INSERT INTO wishlist_items (id, wishlist_id, product_id) VALUES (624, 125, 19);
INSERT INTO wishlist_items (id, wishlist_id, product_id) VALUES (625, 125, 53);
INSERT INTO wishlists (id, user_id, name) VALUES (126, 59, 'Smile');
INSERT INTO wishlist_items (id, wishlist_id, product_id) VALUES (626, 126, 100);
INSERT INTO wishlist_items (id, wishlist_id, product_id) VALUES (627, 126, 94);
INSERT INTO wishlist_items (id, wishlist_id, product_id) VALUES (628, 126, 47);
INSERT INTO wishlist_items (id, wishlist_id, product_id) VALUES (629, 126, 98);
INSERT INTO wishlist_items (id, wishlist_id, product_id) VALUES (630, 126, 13);
INSERT INTO wishlists (id, user_id, name) VALUES (127, 60, 'Each');
INSERT INTO wishlist_items (id, wishlist_id, product_id) VALUES (631, 127, 56);
INSERT INTO wishlist_items (id, wishlist_id, product_id) VALUES (632, 127, 53);
INSERT INTO wishlist_items (id, wishlist_id, product_id) VALUES (633, 127, 82);
INSERT INTO wishlist_items (id, wishlist_id, product_id) VALUES (634, 127, 33);
INSERT INTO wishlist_items (id, wishlist_id, product_id) VALUES (635, 127, 14);
INSERT INTO wishlists (id, user_id, name) VALUES (128, 61, 'North');
INSERT INTO wishlist_items (id, wishlist_id, product_id) VALUES (636, 128, 100);
INSERT INTO wishlist_items (id, wishlist_id, product_id) VALUES (637, 128, 37);
INSERT INTO wishlist_items (id, wishlist_id, product_id) VALUES (638, 128, 19);
INSERT INTO wishlist_items (id, wishlist_id, product_id) VALUES (639, 128, 50);
INSERT INTO wishlist_items (id, wishlist_id, product_id) VALUES (640, 128, 5);
INSERT INTO wishlists (id, user_id, name) VALUES (129, 61, 'Very');
INSERT INTO wishlist_items (id, wishlist_id, product_id) VALUES (641, 129, 78);
INSERT INTO wishlist_items (id, wishlist_id, product_id) VALUES (642, 129, 83);
INSERT INTO wishlist_items (id, wishlist_id, product_id) VALUES (643, 129, 40);
INSERT INTO wishlist_items (id, wishlist_id, product_id) VALUES (644, 129, 4);
INSERT INTO wishlist_items (id, wishlist_id, product_id) VALUES (645, 129, 92);
INSERT INTO wishlists (id, user_id, name) VALUES (130, 61, 'Mother');
INSERT INTO wishlist_items (id, wishlist_id, product_id) VALUES (646, 130, 91);
INSERT INTO wishlist_items (id, wishlist_id, product_id) VALUES (647, 130, 23);
INSERT INTO wishlist_items (id, wishlist_id, product_id) VALUES (648, 130, 50);
INSERT INTO wishlist_items (id, wishlist_id, product_id) VALUES (649, 130, 57);
INSERT INTO wishlist_items (id, wishlist_id, product_id) VALUES (650, 130, 96);
INSERT INTO wishlists (id, user_id, name) VALUES (131, 62, 'Amount');
INSERT INTO wishlist_items (id, wishlist_id, product_id) VALUES (651, 131, 98);
INSERT INTO wishlist_items (id, wishlist_id, product_id) VALUES (652, 131, 45);
INSERT INTO wishlist_items (id, wishlist_id, product_id) VALUES (653, 131, 31);
INSERT INTO wishlist_items (id, wishlist_id, product_id) VALUES (654, 131, 59);
INSERT INTO wishlist_items (id, wishlist_id, product_id) VALUES (655, 131, 2);
INSERT INTO wishlists (id, user_id, name) VALUES (132, 62, 'Administration');
INSERT INTO wishlist_items (id, wishlist_id, product_id) VALUES (656, 132, 5);
INSERT INTO wishlist_items (id, wishlist_id, product_id) VALUES (657, 132, 72);
INSERT INTO wishlist_items (id, wishlist_id, product_id) VALUES (658, 132, 37);
INSERT INTO wishlist_items (id, wishlist_id, product_id) VALUES (659, 132, 38);
INSERT INTO wishlist_items (id, wishlist_id, product_id) VALUES (660, 132, 53);
INSERT INTO wishlists (id, user_id, name) VALUES (133, 63, 'Play');
INSERT INTO wishlist_items (id, wishlist_id, product_id) VALUES (661, 133, 94);
INSERT INTO wishlist_items (id, wishlist_id, product_id) VALUES (662, 133, 35);
INSERT INTO wishlist_items (id, wishlist_id, product_id) VALUES (663, 133, 26);
INSERT INTO wishlist_items (id, wishlist_id, product_id) VALUES (664, 133, 92);
INSERT INTO wishlist_items (id, wishlist_id, product_id) VALUES (665, 133, 19);
INSERT INTO wishlists (id, user_id, name) VALUES (134, 64, 'Nation');
INSERT INTO wishlist_items (id, wishlist_id, product_id) VALUES (666, 134, 83);
INSERT INTO wishlist_items (id, wishlist_id, product_id) VALUES (667, 134, 33);
INSERT INTO wishlist_items (id, wishlist_id, product_id) VALUES (668, 134, 48);
INSERT INTO wishlist_items (id, wishlist_id, product_id) VALUES (669, 134, 64);
INSERT INTO wishlist_items (id, wishlist_id, product_id) VALUES (670, 134, 47);
INSERT INTO wishlists (id, user_id, name) VALUES (135, 65, 'Suggest');
INSERT INTO wishlist_items (id, wishlist_id, product_id) VALUES (671, 135, 31);
INSERT INTO wishlist_items (id, wishlist_id, product_id) VALUES (672, 135, 46);
INSERT INTO wishlist_items (id, wishlist_id, product_id) VALUES (673, 135, 34);
INSERT INTO wishlist_items (id, wishlist_id, product_id) VALUES (674, 135, 24);
INSERT INTO wishlist_items (id, wishlist_id, product_id) VALUES (675, 135, 83);
INSERT INTO wishlists (id, user_id, name) VALUES (136, 66, 'Case');
INSERT INTO wishlist_items (id, wishlist_id, product_id) VALUES (676, 136, 10);
INSERT INTO wishlist_items (id, wishlist_id, product_id) VALUES (677, 136, 42);
INSERT INTO wishlist_items (id, wishlist_id, product_id) VALUES (678, 136, 70);
INSERT INTO wishlist_items (id, wishlist_id, product_id) VALUES (679, 136, 67);
INSERT INTO wishlist_items (id, wishlist_id, product_id) VALUES (680, 136, 90);
INSERT INTO wishlists (id, user_id, name) VALUES (137, 66, 'Congress');
INSERT INTO wishlist_items (id, wishlist_id, product_id) VALUES (681, 137, 29);
INSERT INTO wishlist_items (id, wishlist_id, product_id) VALUES (682, 137, 13);
INSERT INTO wishlist_items (id, wishlist_id, product_id) VALUES (683, 137, 70);
INSERT INTO wishlist_items (id, wishlist_id, product_id) VALUES (684, 137, 67);
INSERT INTO wishlist_items (id, wishlist_id, product_id) VALUES (685, 137, 38);
INSERT INTO wishlists (id, user_id, name) VALUES (138, 67, 'Remain');
INSERT INTO wishlist_items (id, wishlist_id, product_id) VALUES (686, 138, 44);
INSERT INTO wishlist_items (id, wishlist_id, product_id) VALUES (687, 138, 59);
INSERT INTO wishlist_items (id, wishlist_id, product_id) VALUES (688, 138, 44);
INSERT INTO wishlist_items (id, wishlist_id, product_id) VALUES (689, 138, 72);
INSERT INTO wishlist_items (id, wishlist_id, product_id) VALUES (690, 138, 55);
INSERT INTO wishlists (id, user_id, name) VALUES (139, 67, 'Brother');
INSERT INTO wishlist_items (id, wishlist_id, product_id) VALUES (691, 139, 86);
INSERT INTO wishlist_items (id, wishlist_id, product_id) VALUES (692, 139, 13);
INSERT INTO wishlist_items (id, wishlist_id, product_id) VALUES (693, 139, 52);
INSERT INTO wishlist_items (id, wishlist_id, product_id) VALUES (694, 139, 68);
INSERT INTO wishlist_items (id, wishlist_id, product_id) VALUES (695, 139, 64);
INSERT INTO wishlists (id, user_id, name) VALUES (140, 68, 'Indeed');
INSERT INTO wishlist_items (id, wishlist_id, product_id) VALUES (696, 140, 4);
INSERT INTO wishlist_items (id, wishlist_id, product_id) VALUES (697, 140, 79);
INSERT INTO wishlist_items (id, wishlist_id, product_id) VALUES (698, 140, 82);
INSERT INTO wishlist_items (id, wishlist_id, product_id) VALUES (699, 140, 59);
INSERT INTO wishlist_items (id, wishlist_id, product_id) VALUES (700, 140, 87);
INSERT INTO wishlists (id, user_id, name) VALUES (141, 69, 'Result');
INSERT INTO wishlist_items (id, wishlist_id, product_id) VALUES (701, 141, 39);
INSERT INTO wishlist_items (id, wishlist_id, product_id) VALUES (702, 141, 81);
INSERT INTO wishlist_items (id, wishlist_id, product_id) VALUES (703, 141, 94);
INSERT INTO wishlist_items (id, wishlist_id, product_id) VALUES (704, 141, 66);
INSERT INTO wishlist_items (id, wishlist_id, product_id) VALUES (705, 141, 62);
INSERT INTO wishlists (id, user_id, name) VALUES (142, 69, 'Person');
INSERT INTO wishlist_items (id, wishlist_id, product_id) VALUES (706, 142, 67);
INSERT INTO wishlist_items (id, wishlist_id, product_id) VALUES (707, 142, 77);
INSERT INTO wishlist_items (id, wishlist_id, product_id) VALUES (708, 142, 52);
INSERT INTO wishlist_items (id, wishlist_id, product_id) VALUES (709, 142, 21);
INSERT INTO wishlist_items (id, wishlist_id, product_id) VALUES (710, 142, 53);
INSERT INTO wishlists (id, user_id, name) VALUES (143, 69, 'Doctor');
INSERT INTO wishlist_items (id, wishlist_id, product_id) VALUES (711, 143, 10);
INSERT INTO wishlist_items (id, wishlist_id, product_id) VALUES (712, 143, 80);
INSERT INTO wishlist_items (id, wishlist_id, product_id) VALUES (713, 143, 83);
INSERT INTO wishlist_items (id, wishlist_id, product_id) VALUES (714, 143, 76);
INSERT INTO wishlist_items (id, wishlist_id, product_id) VALUES (715, 143, 27);
INSERT INTO wishlists (id, user_id, name) VALUES (144, 70, 'Position');
INSERT INTO wishlist_items (id, wishlist_id, product_id) VALUES (716, 144, 73);
INSERT INTO wishlist_items (id, wishlist_id, product_id) VALUES (717, 144, 39);
INSERT INTO wishlist_items (id, wishlist_id, product_id) VALUES (718, 144, 13);
INSERT INTO wishlist_items (id, wishlist_id, product_id) VALUES (719, 144, 40);
INSERT INTO wishlist_items (id, wishlist_id, product_id) VALUES (720, 144, 82);
INSERT INTO wishlists (id, user_id, name) VALUES (145, 71, 'Decade');
INSERT INTO wishlist_items (id, wishlist_id, product_id) VALUES (721, 145, 1);
INSERT INTO wishlist_items (id, wishlist_id, product_id) VALUES (722, 145, 33);
INSERT INTO wishlist_items (id, wishlist_id, product_id) VALUES (723, 145, 55);
INSERT INTO wishlist_items (id, wishlist_id, product_id) VALUES (724, 145, 37);
INSERT INTO wishlist_items (id, wishlist_id, product_id) VALUES (725, 145, 82);
INSERT INTO wishlists (id, user_id, name) VALUES (146, 71, 'Model');
INSERT INTO wishlist_items (id, wishlist_id, product_id) VALUES (726, 146, 86);
INSERT INTO wishlist_items (id, wishlist_id, product_id) VALUES (727, 146, 64);
INSERT INTO wishlist_items (id, wishlist_id, product_id) VALUES (728, 146, 74);
INSERT INTO wishlist_items (id, wishlist_id, product_id) VALUES (729, 146, 44);
INSERT INTO wishlist_items (id, wishlist_id, product_id) VALUES (730, 146, 84);
INSERT INTO wishlists (id, user_id, name) VALUES (147, 72, 'Crime');
INSERT INTO wishlist_items (id, wishlist_id, product_id) VALUES (731, 147, 95);
INSERT INTO wishlist_items (id, wishlist_id, product_id) VALUES (732, 147, 78);
INSERT INTO wishlist_items (id, wishlist_id, product_id) VALUES (733, 147, 25);
INSERT INTO wishlist_items (id, wishlist_id, product_id) VALUES (734, 147, 40);
INSERT INTO wishlist_items (id, wishlist_id, product_id) VALUES (735, 147, 94);
INSERT INTO wishlists (id, user_id, name) VALUES (148, 72, 'Threat');
INSERT INTO wishlist_items (id, wishlist_id, product_id) VALUES (736, 148, 58);
INSERT INTO wishlist_items (id, wishlist_id, product_id) VALUES (737, 148, 32);
INSERT INTO wishlist_items (id, wishlist_id, product_id) VALUES (738, 148, 19);
INSERT INTO wishlist_items (id, wishlist_id, product_id) VALUES (739, 148, 38);
INSERT INTO wishlist_items (id, wishlist_id, product_id) VALUES (740, 148, 76);
INSERT INTO wishlists (id, user_id, name) VALUES (149, 72, 'Also');
INSERT INTO wishlist_items (id, wishlist_id, product_id) VALUES (741, 149, 28);
INSERT INTO wishlist_items (id, wishlist_id, product_id) VALUES (742, 149, 40);
INSERT INTO wishlist_items (id, wishlist_id, product_id) VALUES (743, 149, 8);
INSERT INTO wishlist_items (id, wishlist_id, product_id) VALUES (744, 149, 27);
INSERT INTO wishlist_items (id, wishlist_id, product_id) VALUES (745, 149, 30);
INSERT INTO wishlists (id, user_id, name) VALUES (150, 73, 'Wall');
INSERT INTO wishlist_items (id, wishlist_id, product_id) VALUES (746, 150, 36);
INSERT INTO wishlist_items (id, wishlist_id, product_id) VALUES (747, 150, 11);
INSERT INTO wishlist_items (id, wishlist_id, product_id) VALUES (748, 150, 85);
INSERT INTO wishlist_items (id, wishlist_id, product_id) VALUES (749, 150, 6);
INSERT INTO wishlist_items (id, wishlist_id, product_id) VALUES (750, 150, 79);
INSERT INTO wishlists (id, user_id, name) VALUES (151, 73, 'Back');
INSERT INTO wishlist_items (id, wishlist_id, product_id) VALUES (751, 151, 64);
INSERT INTO wishlist_items (id, wishlist_id, product_id) VALUES (752, 151, 61);
INSERT INTO wishlist_items (id, wishlist_id, product_id) VALUES (753, 151, 81);
INSERT INTO wishlist_items (id, wishlist_id, product_id) VALUES (754, 151, 33);
INSERT INTO wishlist_items (id, wishlist_id, product_id) VALUES (755, 151, 93);
INSERT INTO wishlists (id, user_id, name) VALUES (152, 73, 'May');
INSERT INTO wishlist_items (id, wishlist_id, product_id) VALUES (756, 152, 93);
INSERT INTO wishlist_items (id, wishlist_id, product_id) VALUES (757, 152, 26);
INSERT INTO wishlist_items (id, wishlist_id, product_id) VALUES (758, 152, 44);
INSERT INTO wishlist_items (id, wishlist_id, product_id) VALUES (759, 152, 5);
INSERT INTO wishlist_items (id, wishlist_id, product_id) VALUES (760, 152, 17);
INSERT INTO wishlists (id, user_id, name) VALUES (153, 74, 'Public');
INSERT INTO wishlist_items (id, wishlist_id, product_id) VALUES (761, 153, 77);
INSERT INTO wishlist_items (id, wishlist_id, product_id) VALUES (762, 153, 40);
INSERT INTO wishlist_items (id, wishlist_id, product_id) VALUES (763, 153, 52);
INSERT INTO wishlist_items (id, wishlist_id, product_id) VALUES (764, 153, 39);
INSERT INTO wishlist_items (id, wishlist_id, product_id) VALUES (765, 153, 35);
INSERT INTO wishlists (id, user_id, name) VALUES (154, 74, 'Hope');
INSERT INTO wishlist_items (id, wishlist_id, product_id) VALUES (766, 154, 78);
INSERT INTO wishlist_items (id, wishlist_id, product_id) VALUES (767, 154, 14);
INSERT INTO wishlist_items (id, wishlist_id, product_id) VALUES (768, 154, 35);
INSERT INTO wishlist_items (id, wishlist_id, product_id) VALUES (769, 154, 31);
INSERT INTO wishlist_items (id, wishlist_id, product_id) VALUES (770, 154, 80);
INSERT INTO wishlists (id, user_id, name) VALUES (155, 75, 'Threat');
INSERT INTO wishlist_items (id, wishlist_id, product_id) VALUES (771, 155, 24);
INSERT INTO wishlist_items (id, wishlist_id, product_id) VALUES (772, 155, 57);
INSERT INTO wishlist_items (id, wishlist_id, product_id) VALUES (773, 155, 47);
INSERT INTO wishlist_items (id, wishlist_id, product_id) VALUES (774, 155, 16);
INSERT INTO wishlist_items (id, wishlist_id, product_id) VALUES (775, 155, 49);
INSERT INTO wishlists (id, user_id, name) VALUES (156, 75, 'Study');
INSERT INTO wishlist_items (id, wishlist_id, product_id) VALUES (776, 156, 4);
INSERT INTO wishlist_items (id, wishlist_id, product_id) VALUES (777, 156, 41);
INSERT INTO wishlist_items (id, wishlist_id, product_id) VALUES (778, 156, 57);
INSERT INTO wishlist_items (id, wishlist_id, product_id) VALUES (779, 156, 96);
INSERT INTO wishlist_items (id, wishlist_id, product_id) VALUES (780, 156, 76);
INSERT INTO wishlists (id, user_id, name) VALUES (157, 76, 'Effect');
INSERT INTO wishlist_items (id, wishlist_id, product_id) VALUES (781, 157, 4);
INSERT INTO wishlist_items (id, wishlist_id, product_id) VALUES (782, 157, 39);
INSERT INTO wishlist_items (id, wishlist_id, product_id) VALUES (783, 157, 39);
INSERT INTO wishlist_items (id, wishlist_id, product_id) VALUES (784, 157, 45);
INSERT INTO wishlist_items (id, wishlist_id, product_id) VALUES (785, 157, 45);
INSERT INTO wishlists (id, user_id, name) VALUES (158, 76, 'Sea');
INSERT INTO wishlist_items (id, wishlist_id, product_id) VALUES (786, 158, 34);
INSERT INTO wishlist_items (id, wishlist_id, product_id) VALUES (787, 158, 90);
INSERT INTO wishlist_items (id, wishlist_id, product_id) VALUES (788, 158, 37);
INSERT INTO wishlist_items (id, wishlist_id, product_id) VALUES (789, 158, 13);
INSERT INTO wishlist_items (id, wishlist_id, product_id) VALUES (790, 158, 76);
INSERT INTO wishlists (id, user_id, name) VALUES (159, 76, 'Safe');
INSERT INTO wishlist_items (id, wishlist_id, product_id) VALUES (791, 159, 16);
INSERT INTO wishlist_items (id, wishlist_id, product_id) VALUES (792, 159, 25);
INSERT INTO wishlist_items (id, wishlist_id, product_id) VALUES (793, 159, 79);
INSERT INTO wishlist_items (id, wishlist_id, product_id) VALUES (794, 159, 54);
INSERT INTO wishlist_items (id, wishlist_id, product_id) VALUES (795, 159, 1);
INSERT INTO wishlists (id, user_id, name) VALUES (160, 77, 'Better');
INSERT INTO wishlist_items (id, wishlist_id, product_id) VALUES (796, 160, 49);
INSERT INTO wishlist_items (id, wishlist_id, product_id) VALUES (797, 160, 5);
INSERT INTO wishlist_items (id, wishlist_id, product_id) VALUES (798, 160, 4);
INSERT INTO wishlist_items (id, wishlist_id, product_id) VALUES (799, 160, 50);
INSERT INTO wishlist_items (id, wishlist_id, product_id) VALUES (800, 160, 22);
INSERT INTO wishlists (id, user_id, name) VALUES (161, 77, 'Recently');
INSERT INTO wishlist_items (id, wishlist_id, product_id) VALUES (801, 161, 25);
INSERT INTO wishlist_items (id, wishlist_id, product_id) VALUES (802, 161, 96);
INSERT INTO wishlist_items (id, wishlist_id, product_id) VALUES (803, 161, 52);
INSERT INTO wishlist_items (id, wishlist_id, product_id) VALUES (804, 161, 39);
INSERT INTO wishlist_items (id, wishlist_id, product_id) VALUES (805, 161, 96);
INSERT INTO wishlists (id, user_id, name) VALUES (162, 77, 'Organization');
INSERT INTO wishlist_items (id, wishlist_id, product_id) VALUES (806, 162, 91);
INSERT INTO wishlist_items (id, wishlist_id, product_id) VALUES (807, 162, 21);
INSERT INTO wishlist_items (id, wishlist_id, product_id) VALUES (808, 162, 65);
INSERT INTO wishlist_items (id, wishlist_id, product_id) VALUES (809, 162, 96);
INSERT INTO wishlist_items (id, wishlist_id, product_id) VALUES (810, 162, 44);
INSERT INTO wishlists (id, user_id, name) VALUES (163, 78, 'Someone');
INSERT INTO wishlist_items (id, wishlist_id, product_id) VALUES (811, 163, 28);
INSERT INTO wishlist_items (id, wishlist_id, product_id) VALUES (812, 163, 10);
INSERT INTO wishlist_items (id, wishlist_id, product_id) VALUES (813, 163, 30);
INSERT INTO wishlist_items (id, wishlist_id, product_id) VALUES (814, 163, 46);
INSERT INTO wishlist_items (id, wishlist_id, product_id) VALUES (815, 163, 94);
INSERT INTO wishlists (id, user_id, name) VALUES (164, 78, 'I');
INSERT INTO wishlist_items (id, wishlist_id, product_id) VALUES (816, 164, 52);
INSERT INTO wishlist_items (id, wishlist_id, product_id) VALUES (817, 164, 60);
INSERT INTO wishlist_items (id, wishlist_id, product_id) VALUES (818, 164, 89);
INSERT INTO wishlist_items (id, wishlist_id, product_id) VALUES (819, 164, 28);
INSERT INTO wishlist_items (id, wishlist_id, product_id) VALUES (820, 164, 71);
INSERT INTO wishlists (id, user_id, name) VALUES (165, 79, 'Them');
INSERT INTO wishlist_items (id, wishlist_id, product_id) VALUES (821, 165, 20);
INSERT INTO wishlist_items (id, wishlist_id, product_id) VALUES (822, 165, 62);
INSERT INTO wishlist_items (id, wishlist_id, product_id) VALUES (823, 165, 7);
INSERT INTO wishlist_items (id, wishlist_id, product_id) VALUES (824, 165, 62);
INSERT INTO wishlist_items (id, wishlist_id, product_id) VALUES (825, 165, 70);
INSERT INTO wishlists (id, user_id, name) VALUES (166, 79, 'Keep');
INSERT INTO wishlist_items (id, wishlist_id, product_id) VALUES (826, 166, 71);
INSERT INTO wishlist_items (id, wishlist_id, product_id) VALUES (827, 166, 49);
INSERT INTO wishlist_items (id, wishlist_id, product_id) VALUES (828, 166, 5);
INSERT INTO wishlist_items (id, wishlist_id, product_id) VALUES (829, 166, 37);
INSERT INTO wishlist_items (id, wishlist_id, product_id) VALUES (830, 166, 24);
INSERT INTO wishlists (id, user_id, name) VALUES (167, 79, 'Hit');
INSERT INTO wishlist_items (id, wishlist_id, product_id) VALUES (831, 167, 90);
INSERT INTO wishlist_items (id, wishlist_id, product_id) VALUES (832, 167, 10);
INSERT INTO wishlist_items (id, wishlist_id, product_id) VALUES (833, 167, 33);
INSERT INTO wishlist_items (id, wishlist_id, product_id) VALUES (834, 167, 90);
INSERT INTO wishlist_items (id, wishlist_id, product_id) VALUES (835, 167, 94);
INSERT INTO wishlists (id, user_id, name) VALUES (168, 80, 'Great');
INSERT INTO wishlist_items (id, wishlist_id, product_id) VALUES (836, 168, 25);
INSERT INTO wishlist_items (id, wishlist_id, product_id) VALUES (837, 168, 26);
INSERT INTO wishlist_items (id, wishlist_id, product_id) VALUES (838, 168, 22);
INSERT INTO wishlist_items (id, wishlist_id, product_id) VALUES (839, 168, 67);
INSERT INTO wishlist_items (id, wishlist_id, product_id) VALUES (840, 168, 77);
INSERT INTO wishlists (id, user_id, name) VALUES (169, 81, 'Population');
INSERT INTO wishlist_items (id, wishlist_id, product_id) VALUES (841, 169, 6);
INSERT INTO wishlist_items (id, wishlist_id, product_id) VALUES (842, 169, 61);
INSERT INTO wishlist_items (id, wishlist_id, product_id) VALUES (843, 169, 91);
INSERT INTO wishlist_items (id, wishlist_id, product_id) VALUES (844, 169, 47);
INSERT INTO wishlist_items (id, wishlist_id, product_id) VALUES (845, 169, 12);
INSERT INTO wishlists (id, user_id, name) VALUES (170, 82, 'Always');
INSERT INTO wishlist_items (id, wishlist_id, product_id) VALUES (846, 170, 91);
INSERT INTO wishlist_items (id, wishlist_id, product_id) VALUES (847, 170, 36);
INSERT INTO wishlist_items (id, wishlist_id, product_id) VALUES (848, 170, 58);
INSERT INTO wishlist_items (id, wishlist_id, product_id) VALUES (849, 170, 21);
INSERT INTO wishlist_items (id, wishlist_id, product_id) VALUES (850, 170, 79);
INSERT INTO wishlists (id, user_id, name) VALUES (171, 82, 'Artist');
INSERT INTO wishlist_items (id, wishlist_id, product_id) VALUES (851, 171, 61);
INSERT INTO wishlist_items (id, wishlist_id, product_id) VALUES (852, 171, 65);
INSERT INTO wishlist_items (id, wishlist_id, product_id) VALUES (853, 171, 36);
INSERT INTO wishlist_items (id, wishlist_id, product_id) VALUES (854, 171, 81);
INSERT INTO wishlist_items (id, wishlist_id, product_id) VALUES (855, 171, 62);
INSERT INTO wishlists (id, user_id, name) VALUES (172, 83, 'Scientist');
INSERT INTO wishlist_items (id, wishlist_id, product_id) VALUES (856, 172, 59);
INSERT INTO wishlist_items (id, wishlist_id, product_id) VALUES (857, 172, 58);
INSERT INTO wishlist_items (id, wishlist_id, product_id) VALUES (858, 172, 36);
INSERT INTO wishlist_items (id, wishlist_id, product_id) VALUES (859, 172, 68);
INSERT INTO wishlist_items (id, wishlist_id, product_id) VALUES (860, 172, 84);
INSERT INTO wishlists (id, user_id, name) VALUES (173, 83, 'Affect');
INSERT INTO wishlist_items (id, wishlist_id, product_id) VALUES (861, 173, 85);
INSERT INTO wishlist_items (id, wishlist_id, product_id) VALUES (862, 173, 60);
INSERT INTO wishlist_items (id, wishlist_id, product_id) VALUES (863, 173, 87);
INSERT INTO wishlist_items (id, wishlist_id, product_id) VALUES (864, 173, 96);
INSERT INTO wishlist_items (id, wishlist_id, product_id) VALUES (865, 173, 52);
INSERT INTO wishlists (id, user_id, name) VALUES (174, 84, 'Push');
INSERT INTO wishlist_items (id, wishlist_id, product_id) VALUES (866, 174, 11);
INSERT INTO wishlist_items (id, wishlist_id, product_id) VALUES (867, 174, 86);
INSERT INTO wishlist_items (id, wishlist_id, product_id) VALUES (868, 174, 17);
INSERT INTO wishlist_items (id, wishlist_id, product_id) VALUES (869, 174, 77);
INSERT INTO wishlist_items (id, wishlist_id, product_id) VALUES (870, 174, 66);
INSERT INTO wishlists (id, user_id, name) VALUES (175, 84, 'Up');
INSERT INTO wishlist_items (id, wishlist_id, product_id) VALUES (871, 175, 27);
INSERT INTO wishlist_items (id, wishlist_id, product_id) VALUES (872, 175, 57);
INSERT INTO wishlist_items (id, wishlist_id, product_id) VALUES (873, 175, 73);
INSERT INTO wishlist_items (id, wishlist_id, product_id) VALUES (874, 175, 70);
INSERT INTO wishlist_items (id, wishlist_id, product_id) VALUES (875, 175, 70);
INSERT INTO wishlists (id, user_id, name) VALUES (176, 84, 'Movement');
INSERT INTO wishlist_items (id, wishlist_id, product_id) VALUES (876, 176, 66);
INSERT INTO wishlist_items (id, wishlist_id, product_id) VALUES (877, 176, 59);
INSERT INTO wishlist_items (id, wishlist_id, product_id) VALUES (878, 176, 76);
INSERT INTO wishlist_items (id, wishlist_id, product_id) VALUES (879, 176, 8);
INSERT INTO wishlist_items (id, wishlist_id, product_id) VALUES (880, 176, 8);
INSERT INTO wishlists (id, user_id, name) VALUES (177, 85, 'Whether');
INSERT INTO wishlist_items (id, wishlist_id, product_id) VALUES (881, 177, 12);
INSERT INTO wishlist_items (id, wishlist_id, product_id) VALUES (882, 177, 3);
INSERT INTO wishlist_items (id, wishlist_id, product_id) VALUES (883, 177, 92);
INSERT INTO wishlist_items (id, wishlist_id, product_id) VALUES (884, 177, 3);
INSERT INTO wishlist_items (id, wishlist_id, product_id) VALUES (885, 177, 95);
INSERT INTO wishlists (id, user_id, name) VALUES (178, 86, 'Fall');
INSERT INTO wishlist_items (id, wishlist_id, product_id) VALUES (886, 178, 52);
INSERT INTO wishlist_items (id, wishlist_id, product_id) VALUES (887, 178, 68);
INSERT INTO wishlist_items (id, wishlist_id, product_id) VALUES (888, 178, 28);
INSERT INTO wishlist_items (id, wishlist_id, product_id) VALUES (889, 178, 51);
INSERT INTO wishlist_items (id, wishlist_id, product_id) VALUES (890, 178, 88);
INSERT INTO wishlists (id, user_id, name) VALUES (179, 86, 'Order');
INSERT INTO wishlist_items (id, wishlist_id, product_id) VALUES (891, 179, 55);
INSERT INTO wishlist_items (id, wishlist_id, product_id) VALUES (892, 179, 76);
INSERT INTO wishlist_items (id, wishlist_id, product_id) VALUES (893, 179, 32);
INSERT INTO wishlist_items (id, wishlist_id, product_id) VALUES (894, 179, 95);
INSERT INTO wishlist_items (id, wishlist_id, product_id) VALUES (895, 179, 75);
INSERT INTO wishlists (id, user_id, name) VALUES (180, 86, 'Not');
INSERT INTO wishlist_items (id, wishlist_id, product_id) VALUES (896, 180, 99);
INSERT INTO wishlist_items (id, wishlist_id, product_id) VALUES (897, 180, 100);
INSERT INTO wishlist_items (id, wishlist_id, product_id) VALUES (898, 180, 22);
INSERT INTO wishlist_items (id, wishlist_id, product_id) VALUES (899, 180, 11);
INSERT INTO wishlist_items (id, wishlist_id, product_id) VALUES (900, 180, 59);
INSERT INTO wishlists (id, user_id, name) VALUES (181, 87, 'Wide');
INSERT INTO wishlist_items (id, wishlist_id, product_id) VALUES (901, 181, 63);
INSERT INTO wishlist_items (id, wishlist_id, product_id) VALUES (902, 181, 14);
INSERT INTO wishlist_items (id, wishlist_id, product_id) VALUES (903, 181, 19);
INSERT INTO wishlist_items (id, wishlist_id, product_id) VALUES (904, 181, 16);
INSERT INTO wishlist_items (id, wishlist_id, product_id) VALUES (905, 181, 13);
INSERT INTO wishlists (id, user_id, name) VALUES (182, 88, 'Religious');
INSERT INTO wishlist_items (id, wishlist_id, product_id) VALUES (906, 182, 30);
INSERT INTO wishlist_items (id, wishlist_id, product_id) VALUES (907, 182, 69);
INSERT INTO wishlist_items (id, wishlist_id, product_id) VALUES (908, 182, 88);
INSERT INTO wishlist_items (id, wishlist_id, product_id) VALUES (909, 182, 24);
INSERT INTO wishlist_items (id, wishlist_id, product_id) VALUES (910, 182, 99);
INSERT INTO wishlists (id, user_id, name) VALUES (183, 89, 'Meet');
INSERT INTO wishlist_items (id, wishlist_id, product_id) VALUES (911, 183, 94);
INSERT INTO wishlist_items (id, wishlist_id, product_id) VALUES (912, 183, 55);
INSERT INTO wishlist_items (id, wishlist_id, product_id) VALUES (913, 183, 79);
INSERT INTO wishlist_items (id, wishlist_id, product_id) VALUES (914, 183, 28);
INSERT INTO wishlist_items (id, wishlist_id, product_id) VALUES (915, 183, 86);
INSERT INTO wishlists (id, user_id, name) VALUES (184, 89, 'Example');
INSERT INTO wishlist_items (id, wishlist_id, product_id) VALUES (916, 184, 61);
INSERT INTO wishlist_items (id, wishlist_id, product_id) VALUES (917, 184, 8);
INSERT INTO wishlist_items (id, wishlist_id, product_id) VALUES (918, 184, 58);
INSERT INTO wishlist_items (id, wishlist_id, product_id) VALUES (919, 184, 4);
INSERT INTO wishlist_items (id, wishlist_id, product_id) VALUES (920, 184, 49);
INSERT INTO wishlists (id, user_id, name) VALUES (185, 90, 'Already');
INSERT INTO wishlist_items (id, wishlist_id, product_id) VALUES (921, 185, 84);
INSERT INTO wishlist_items (id, wishlist_id, product_id) VALUES (922, 185, 59);
INSERT INTO wishlist_items (id, wishlist_id, product_id) VALUES (923, 185, 42);
INSERT INTO wishlist_items (id, wishlist_id, product_id) VALUES (924, 185, 42);
INSERT INTO wishlist_items (id, wishlist_id, product_id) VALUES (925, 185, 2);
INSERT INTO wishlists (id, user_id, name) VALUES (186, 91, 'View');
INSERT INTO wishlist_items (id, wishlist_id, product_id) VALUES (926, 186, 7);
INSERT INTO wishlist_items (id, wishlist_id, product_id) VALUES (927, 186, 44);
INSERT INTO wishlist_items (id, wishlist_id, product_id) VALUES (928, 186, 67);
INSERT INTO wishlist_items (id, wishlist_id, product_id) VALUES (929, 186, 98);
INSERT INTO wishlist_items (id, wishlist_id, product_id) VALUES (930, 186, 70);
INSERT INTO wishlists (id, user_id, name) VALUES (187, 91, 'Me');
INSERT INTO wishlist_items (id, wishlist_id, product_id) VALUES (931, 187, 78);
INSERT INTO wishlist_items (id, wishlist_id, product_id) VALUES (932, 187, 42);
INSERT INTO wishlist_items (id, wishlist_id, product_id) VALUES (933, 187, 94);
INSERT INTO wishlist_items (id, wishlist_id, product_id) VALUES (934, 187, 78);
INSERT INTO wishlist_items (id, wishlist_id, product_id) VALUES (935, 187, 15);
INSERT INTO wishlists (id, user_id, name) VALUES (188, 91, 'Road');
INSERT INTO wishlist_items (id, wishlist_id, product_id) VALUES (936, 188, 39);
INSERT INTO wishlist_items (id, wishlist_id, product_id) VALUES (937, 188, 93);
INSERT INTO wishlist_items (id, wishlist_id, product_id) VALUES (938, 188, 38);
INSERT INTO wishlist_items (id, wishlist_id, product_id) VALUES (939, 188, 15);
INSERT INTO wishlist_items (id, wishlist_id, product_id) VALUES (940, 188, 24);
INSERT INTO wishlists (id, user_id, name) VALUES (189, 92, 'Place');
INSERT INTO wishlist_items (id, wishlist_id, product_id) VALUES (941, 189, 66);
INSERT INTO wishlist_items (id, wishlist_id, product_id) VALUES (942, 189, 55);
INSERT INTO wishlist_items (id, wishlist_id, product_id) VALUES (943, 189, 27);
INSERT INTO wishlist_items (id, wishlist_id, product_id) VALUES (944, 189, 80);
INSERT INTO wishlist_items (id, wishlist_id, product_id) VALUES (945, 189, 67);
INSERT INTO wishlists (id, user_id, name) VALUES (190, 93, 'Stuff');
INSERT INTO wishlist_items (id, wishlist_id, product_id) VALUES (946, 190, 21);
INSERT INTO wishlist_items (id, wishlist_id, product_id) VALUES (947, 190, 65);
INSERT INTO wishlist_items (id, wishlist_id, product_id) VALUES (948, 190, 91);
INSERT INTO wishlist_items (id, wishlist_id, product_id) VALUES (949, 190, 65);
INSERT INTO wishlist_items (id, wishlist_id, product_id) VALUES (950, 190, 83);
INSERT INTO wishlists (id, user_id, name) VALUES (191, 93, 'Night');
INSERT INTO wishlist_items (id, wishlist_id, product_id) VALUES (951, 191, 15);
INSERT INTO wishlist_items (id, wishlist_id, product_id) VALUES (952, 191, 87);
INSERT INTO wishlist_items (id, wishlist_id, product_id) VALUES (953, 191, 16);
INSERT INTO wishlist_items (id, wishlist_id, product_id) VALUES (954, 191, 52);
INSERT INTO wishlist_items (id, wishlist_id, product_id) VALUES (955, 191, 59);
INSERT INTO wishlists (id, user_id, name) VALUES (192, 94, 'Generation');
INSERT INTO wishlist_items (id, wishlist_id, product_id) VALUES (956, 192, 77);
INSERT INTO wishlist_items (id, wishlist_id, product_id) VALUES (957, 192, 94);
INSERT INTO wishlist_items (id, wishlist_id, product_id) VALUES (958, 192, 56);
INSERT INTO wishlist_items (id, wishlist_id, product_id) VALUES (959, 192, 42);
INSERT INTO wishlist_items (id, wishlist_id, product_id) VALUES (960, 192, 93);
INSERT INTO wishlists (id, user_id, name) VALUES (193, 95, 'Right');
INSERT INTO wishlist_items (id, wishlist_id, product_id) VALUES (961, 193, 88);
INSERT INTO wishlist_items (id, wishlist_id, product_id) VALUES (962, 193, 96);
INSERT INTO wishlist_items (id, wishlist_id, product_id) VALUES (963, 193, 28);
INSERT INTO wishlist_items (id, wishlist_id, product_id) VALUES (964, 193, 83);
INSERT INTO wishlist_items (id, wishlist_id, product_id) VALUES (965, 193, 36);
INSERT INTO wishlists (id, user_id, name) VALUES (194, 95, 'Idea');
INSERT INTO wishlist_items (id, wishlist_id, product_id) VALUES (966, 194, 25);
INSERT INTO wishlist_items (id, wishlist_id, product_id) VALUES (967, 194, 24);
INSERT INTO wishlist_items (id, wishlist_id, product_id) VALUES (968, 194, 40);
INSERT INTO wishlist_items (id, wishlist_id, product_id) VALUES (969, 194, 83);
INSERT INTO wishlist_items (id, wishlist_id, product_id) VALUES (970, 194, 27);
INSERT INTO wishlists (id, user_id, name) VALUES (195, 95, 'Sign');
INSERT INTO wishlist_items (id, wishlist_id, product_id) VALUES (971, 195, 27);
INSERT INTO wishlist_items (id, wishlist_id, product_id) VALUES (972, 195, 72);
INSERT INTO wishlist_items (id, wishlist_id, product_id) VALUES (973, 195, 16);
INSERT INTO wishlist_items (id, wishlist_id, product_id) VALUES (974, 195, 21);
INSERT INTO wishlist_items (id, wishlist_id, product_id) VALUES (975, 195, 69);
INSERT INTO wishlists (id, user_id, name) VALUES (196, 96, 'Affect');
INSERT INTO wishlist_items (id, wishlist_id, product_id) VALUES (976, 196, 22);
INSERT INTO wishlist_items (id, wishlist_id, product_id) VALUES (977, 196, 20);
INSERT INTO wishlist_items (id, wishlist_id, product_id) VALUES (978, 196, 79);
INSERT INTO wishlist_items (id, wishlist_id, product_id) VALUES (979, 196, 95);
INSERT INTO wishlist_items (id, wishlist_id, product_id) VALUES (980, 196, 51);
INSERT INTO wishlists (id, user_id, name) VALUES (197, 96, 'Four');
INSERT INTO wishlist_items (id, wishlist_id, product_id) VALUES (981, 197, 69);
INSERT INTO wishlist_items (id, wishlist_id, product_id) VALUES (982, 197, 69);
INSERT INTO wishlist_items (id, wishlist_id, product_id) VALUES (983, 197, 85);
INSERT INTO wishlist_items (id, wishlist_id, product_id) VALUES (984, 197, 67);
INSERT INTO wishlist_items (id, wishlist_id, product_id) VALUES (985, 197, 61);
INSERT INTO wishlists (id, user_id, name) VALUES (198, 97, 'Himself');
INSERT INTO wishlist_items (id, wishlist_id, product_id) VALUES (986, 198, 33);
INSERT INTO wishlist_items (id, wishlist_id, product_id) VALUES (987, 198, 80);
INSERT INTO wishlist_items (id, wishlist_id, product_id) VALUES (988, 198, 58);
INSERT INTO wishlist_items (id, wishlist_id, product_id) VALUES (989, 198, 6);
INSERT INTO wishlist_items (id, wishlist_id, product_id) VALUES (990, 198, 51);
INSERT INTO wishlists (id, user_id, name) VALUES (199, 97, 'Effect');
INSERT INTO wishlist_items (id, wishlist_id, product_id) VALUES (991, 199, 13);
INSERT INTO wishlist_items (id, wishlist_id, product_id) VALUES (992, 199, 78);
INSERT INTO wishlist_items (id, wishlist_id, product_id) VALUES (993, 199, 17);
INSERT INTO wishlist_items (id, wishlist_id, product_id) VALUES (994, 199, 35);
INSERT INTO wishlist_items (id, wishlist_id, product_id) VALUES (995, 199, 12);
INSERT INTO wishlists (id, user_id, name) VALUES (200, 97, 'Live');
INSERT INTO wishlist_items (id, wishlist_id, product_id) VALUES (996, 200, 34);
INSERT INTO wishlist_items (id, wishlist_id, product_id) VALUES (997, 200, 52);
INSERT INTO wishlist_items (id, wishlist_id, product_id) VALUES (998, 200, 82);
INSERT INTO wishlist_items (id, wishlist_id, product_id) VALUES (999, 200, 57);
INSERT INTO wishlist_items (id, wishlist_id, product_id) VALUES (1000, 200, 4);
INSERT INTO wishlists (id, user_id, name) VALUES (201, 98, 'Ever');
INSERT INTO wishlist_items (id, wishlist_id, product_id) VALUES (1001, 201, 31);
INSERT INTO wishlist_items (id, wishlist_id, product_id) VALUES (1002, 201, 67);
INSERT INTO wishlist_items (id, wishlist_id, product_id) VALUES (1003, 201, 5);
INSERT INTO wishlist_items (id, wishlist_id, product_id) VALUES (1004, 201, 9);
INSERT INTO wishlist_items (id, wishlist_id, product_id) VALUES (1005, 201, 87);
INSERT INTO wishlists (id, user_id, name) VALUES (202, 98, 'Ok');
INSERT INTO wishlist_items (id, wishlist_id, product_id) VALUES (1006, 202, 63);
INSERT INTO wishlist_items (id, wishlist_id, product_id) VALUES (1007, 202, 95);
INSERT INTO wishlist_items (id, wishlist_id, product_id) VALUES (1008, 202, 28);
INSERT INTO wishlist_items (id, wishlist_id, product_id) VALUES (1009, 202, 5);
INSERT INTO wishlist_items (id, wishlist_id, product_id) VALUES (1010, 202, 78);
INSERT INTO wishlists (id, user_id, name) VALUES (203, 99, 'Hold');
INSERT INTO wishlist_items (id, wishlist_id, product_id) VALUES (1011, 203, 91);
INSERT INTO wishlist_items (id, wishlist_id, product_id) VALUES (1012, 203, 13);
INSERT INTO wishlist_items (id, wishlist_id, product_id) VALUES (1013, 203, 78);
INSERT INTO wishlist_items (id, wishlist_id, product_id) VALUES (1014, 203, 16);
INSERT INTO wishlist_items (id, wishlist_id, product_id) VALUES (1015, 203, 75);
INSERT INTO wishlists (id, user_id, name) VALUES (204, 99, 'Three');
INSERT INTO wishlist_items (id, wishlist_id, product_id) VALUES (1016, 204, 95);
INSERT INTO wishlist_items (id, wishlist_id, product_id) VALUES (1017, 204, 61);
INSERT INTO wishlist_items (id, wishlist_id, product_id) VALUES (1018, 204, 89);
INSERT INTO wishlist_items (id, wishlist_id, product_id) VALUES (1019, 204, 87);
INSERT INTO wishlist_items (id, wishlist_id, product_id) VALUES (1020, 204, 98);
INSERT INTO wishlists (id, user_id, name) VALUES (205, 100, 'Card');
INSERT INTO wishlist_items (id, wishlist_id, product_id) VALUES (1021, 205, 71);
INSERT INTO wishlist_items (id, wishlist_id, product_id) VALUES (1022, 205, 57);
INSERT INTO wishlist_items (id, wishlist_id, product_id) VALUES (1023, 205, 33);
INSERT INTO wishlist_items (id, wishlist_id, product_id) VALUES (1024, 205, 40);
INSERT INTO wishlist_items (id, wishlist_id, product_id) VALUES (1025, 205, 9);
INSERT INTO wishlists (id, user_id, name) VALUES (206, 100, 'Allow');
INSERT INTO wishlist_items (id, wishlist_id, product_id) VALUES (1026, 206, 87);
INSERT INTO wishlist_items (id, wishlist_id, product_id) VALUES (1027, 206, 85);
INSERT INTO wishlist_items (id, wishlist_id, product_id) VALUES (1028, 206, 26);
INSERT INTO wishlist_items (id, wishlist_id, product_id) VALUES (1029, 206, 43);
INSERT INTO wishlist_items (id, wishlist_id, product_id) VALUES (1030, 206, 56);
INSERT INTO wishlists (id, user_id, name) VALUES (207, 100, 'It');
INSERT INTO wishlist_items (id, wishlist_id, product_id) VALUES (1031, 207, 99);
INSERT INTO wishlist_items (id, wishlist_id, product_id) VALUES (1032, 207, 58);
INSERT INTO wishlist_items (id, wishlist_id, product_id) VALUES (1033, 207, 51);
INSERT INTO wishlist_items (id, wishlist_id, product_id) VALUES (1034, 207, 15);
INSERT INTO wishlist_items (id, wishlist_id, product_id) VALUES (1035, 207, 3);
 
INSERT INTO applied_coupons (order_id, coupon_id) VALUES (427, 2);
INSERT INTO applied_coupons (order_id, coupon_id) VALUES (163, 18);
INSERT INTO applied_coupons (order_id, coupon_id) VALUES (490, 15);
INSERT INTO applied_coupons (order_id, coupon_id) VALUES (448, 16);
INSERT INTO applied_coupons (order_id, coupon_id) VALUES (466, 18);
INSERT INTO applied_coupons (order_id, coupon_id) VALUES (137, 17);
INSERT INTO applied_coupons (order_id, coupon_id) VALUES (101, 13);
INSERT INTO applied_coupons (order_id, coupon_id) VALUES (498, 1);
INSERT INTO applied_coupons (order_id, coupon_id) VALUES (247, 14);
INSERT INTO applied_coupons (order_id, coupon_id) VALUES (262, 7);
INSERT INTO applied_coupons (order_id, coupon_id) VALUES (44, 16);
INSERT INTO applied_coupons (order_id, coupon_id) VALUES (334, 18);
INSERT INTO applied_coupons (order_id, coupon_id) VALUES (216, 3);
INSERT INTO applied_coupons (order_id, coupon_id) VALUES (195, 14);
INSERT INTO applied_coupons (order_id, coupon_id) VALUES (197, 3);
INSERT INTO applied_coupons (order_id, coupon_id) VALUES (74, 4);
INSERT INTO applied_coupons (order_id, coupon_id) VALUES (30, 2);
INSERT INTO applied_coupons (order_id, coupon_id) VALUES (239, 1);
INSERT INTO applied_coupons (order_id, coupon_id) VALUES (430, 18);
INSERT INTO applied_coupons (order_id, coupon_id) VALUES (237, 2);
INSERT INTO applied_coupons (order_id, coupon_id) VALUES (414, 11);
INSERT INTO applied_coupons (order_id, coupon_id) VALUES (443, 5);
INSERT INTO applied_coupons (order_id, coupon_id) VALUES (453, 8);
INSERT INTO applied_coupons (order_id, coupon_id) VALUES (464, 6);
INSERT INTO applied_coupons (order_id, coupon_id) VALUES (70, 17);
INSERT INTO applied_coupons (order_id, coupon_id) VALUES (325, 3);
INSERT INTO applied_coupons (order_id, coupon_id) VALUES (418, 16);
INSERT INTO applied_coupons (order_id, coupon_id) VALUES (369, 12);
INSERT INTO applied_coupons (order_id, coupon_id) VALUES (316, 11);
INSERT INTO applied_coupons (order_id, coupon_id) VALUES (54, 17);
INSERT INTO applied_coupons (order_id, coupon_id) VALUES (111, 4);
INSERT INTO applied_coupons (order_id, coupon_id) VALUES (242, 12);
INSERT INTO applied_coupons (order_id, coupon_id) VALUES (180, 18);
INSERT INTO applied_coupons (order_id, coupon_id) VALUES (145, 10);
INSERT INTO applied_coupons (order_id, coupon_id) VALUES (169, 6);
INSERT INTO applied_coupons (order_id, coupon_id) VALUES (62, 7);
INSERT INTO applied_coupons (order_id, coupon_id) VALUES (378, 2);
INSERT INTO applied_coupons (order_id, coupon_id) VALUES (331, 8);
INSERT INTO applied_coupons (order_id, coupon_id) VALUES (186, 18);
INSERT INTO applied_coupons (order_id, coupon_id) VALUES (200, 5);
INSERT INTO applied_coupons (order_id, coupon_id) VALUES (203, 1);
INSERT INTO applied_coupons (order_id, coupon_id) VALUES (382, 12);
INSERT INTO applied_coupons (order_id, coupon_id) VALUES (157, 12);
INSERT INTO applied_coupons (order_id, coupon_id) VALUES (477, 1);
INSERT INTO applied_coupons (order_id, coupon_id) VALUES (35, 11);
INSERT INTO applied_coupons (order_id, coupon_id) VALUES (223, 13);
INSERT INTO applied_coupons (order_id, coupon_id) VALUES (409, 12);
INSERT INTO applied_coupons (order_id, coupon_id) VALUES (391, 18);
INSERT INTO applied_coupons (order_id, coupon_id) VALUES (407, 20);
INSERT INTO applied_coupons (order_id, coupon_id) VALUES (47, 4);
INSERT INTO applied_coupons (order_id, coupon_id) VALUES (311, 6);
INSERT INTO applied_coupons (order_id, coupon_id) VALUES (359, 12);
INSERT INTO applied_coupons (order_id, coupon_id) VALUES (233, 20);
INSERT INTO applied_coupons (order_id, coupon_id) VALUES (483, 6);
INSERT INTO applied_coupons (order_id, coupon_id) VALUES (229, 9);
INSERT INTO applied_coupons (order_id, coupon_id) VALUES (348, 18);
INSERT INTO applied_coupons (order_id, coupon_id) VALUES (225, 10);
INSERT INTO applied_coupons (order_id, coupon_id) VALUES (52, 2);
INSERT INTO applied_coupons (order_id, coupon_id) VALUES (350, 16);
INSERT INTO applied_coupons (order_id, coupon_id) VALUES (323, 12);
INSERT INTO applied_coupons (order_id, coupon_id) VALUES (71, 16);
INSERT INTO applied_coupons (order_id, coupon_id) VALUES (473, 3);
INSERT INTO applied_coupons (order_id, coupon_id) VALUES (356, 10);
INSERT INTO applied_coupons (order_id, coupon_id) VALUES (272, 12);
INSERT INTO applied_coupons (order_id, coupon_id) VALUES (264, 17);
INSERT INTO applied_coupons (order_id, coupon_id) VALUES (68, 20);
INSERT INTO applied_coupons (order_id, coupon_id) VALUES (432, 5);
INSERT INTO applied_coupons (order_id, coupon_id) VALUES (60, 8);
INSERT INTO applied_coupons (order_id, coupon_id) VALUES (341, 13);
INSERT INTO applied_coupons (order_id, coupon_id) VALUES (5, 13);
INSERT INTO applied_coupons (order_id, coupon_id) VALUES (342, 20);
INSERT INTO applied_coupons (order_id, coupon_id) VALUES (18, 11);
INSERT INTO applied_coupons (order_id, coupon_id) VALUES (431, 10);
INSERT INTO applied_coupons (order_id, coupon_id) VALUES (476, 4);
INSERT INTO applied_coupons (order_id, coupon_id) VALUES (446, 15);
INSERT INTO applied_coupons (order_id, coupon_id) VALUES (20, 15);
INSERT INTO applied_coupons (order_id, coupon_id) VALUES (335, 9);
INSERT INTO applied_coupons (order_id, coupon_id) VALUES (218, 3);
INSERT INTO applied_coupons (order_id, coupon_id) VALUES (112, 9);
INSERT INTO applied_coupons (order_id, coupon_id) VALUES (375, 3);
INSERT INTO applied_coupons (order_id, coupon_id) VALUES (438, 2);
INSERT INTO applied_coupons (order_id, coupon_id) VALUES (221, 17);
INSERT INTO applied_coupons (order_id, coupon_id) VALUES (234, 5);
INSERT INTO applied_coupons (order_id, coupon_id) VALUES (123, 5);
INSERT INTO applied_coupons (order_id, coupon_id) VALUES (149, 11);
INSERT INTO applied_coupons (order_id, coupon_id) VALUES (148, 20);
INSERT INTO applied_coupons (order_id, coupon_id) VALUES (315, 19);
INSERT INTO applied_coupons (order_id, coupon_id) VALUES (286, 11);
INSERT INTO applied_coupons (order_id, coupon_id) VALUES (183, 17);
INSERT INTO applied_coupons (order_id, coupon_id) VALUES (437, 10);
INSERT INTO applied_coupons (order_id, coupon_id) VALUES (317, 9);
INSERT INTO applied_coupons (order_id, coupon_id) VALUES (308, 9);
INSERT INTO applied_coupons (order_id, coupon_id) VALUES (63, 8);
INSERT INTO applied_coupons (order_id, coupon_id) VALUES (290, 13);
INSERT INTO applied_coupons (order_id, coupon_id) VALUES (384, 11);
INSERT INTO applied_coupons (order_id, coupon_id) VALUES (57, 16);
INSERT INTO applied_coupons (order_id, coupon_id) VALUES (38, 7);
INSERT INTO applied_coupons (order_id, coupon_id) VALUES (328, 4);
INSERT INTO applied_coupons (order_id, coupon_id) VALUES (376, 4);
INSERT INTO applied_coupons (order_id, coupon_id) VALUES (458, 7);